Titulo,Enlace,Precios,Vendedor,Detalles,Cantidad,Estado,Oferta,Publicacion,Fecha_Ejecucion,Familia1,Familia2,Familia3,Familia4,Familia5
Aceite De Oliva Virgen Extra Oliovita Botella Pet 500 Ml,https://www.mercadolibre.com.ar/aceite-de-oliva-virgen-extra-oliovita-botella-pet-500-ml/p/MLA20028787?pdp_filters=category:MLA114008#searchVariation=MLA20028787&position=3&search_layout=stack&type=product&tracking_id=bab4565a-0424-4558-bfce-d0f09730b704,10.449,No disponible,Nuevo  |  +10mil vendidos,(+50 disponibles),Nuevo  |  +10mil vendidos,No disponible,#1649855634,2024-06-04 17:00:04,Alimentos y Bebidas,Almacén,Aceites y Vinagres,Aceites,nan
Aceite Oliovita oliva virgen extra clásico botella 1l,https://www.mercadolibre.com.ar/aceite-oliovita-oliva-virgen-extra-clasico-botella-1l/p/MLA27937919?pdp_filters=category:MLA114008#searchVariation=MLA27937919&position=5&search_layout=stack&type=product&tracking_id=bab4565a-0424-4558-bfce-d0f09730b704,19.800,No disponible,Nuevo  |  +500 vendidos,(+50 disponibles),Nuevo  |  +500 vendidos,No disponible,#1394108339,2024-06-04 17:00:04,Alimentos y Bebidas,Almacén,Aceites y Vinagres,Aceites,nan
Aceite Oliva Extra Virgen Natura Suave 500ml,https://www.mercadolibre.com.ar/aceite-oliva-extra-virgen-natura-suave-500ml/p/MLA35174574?pdp_filters=category:MLA114008#searchVariation=MLA35174574&position=7&search_layout=stack&type=product&tracking_id=bab4565a-0424-4558-bfce-d0f09730b704,9.434,No disponible,Nuevo  |  +100 vendidos,(+50 disponibles),Nuevo  |  +100 vendidos,No disponible,#1418674273,2024-06-04 17:00:04,Alimentos y Bebidas,Almacén,Aceites y Vinagres,Aceites,nan
Aceite De Oliva Extra Virgen Bidon X 2 Lt- Oleovares Del Sol,https://www.mercadolibre.com.ar/aceite-de-oliva-extra-virgen-bidon-x-2-lt-oleovares-del-sol/p/MLA27245443?pdp_filters=category:MLA114008#searchVariation=MLA27245443&position=11&search_layout=stack&type=product&tracking_id=bab4565a-0424-4558-bfce-d0f09730b704,6.789,No disponible,Nuevo  |  +5mil vendidos,(+50 disponibles),Nuevo  |  +5mil vendidos,No disponible,#1577883182,2024-06-04 17:00:04,Alimentos y Bebidas,Almacén,Aceites y Vinagres,Aceites,nan
Aceite De Oliva Extra Virgen Laur 500ml,https://www.mercadolibre.com.ar/aceite-de-oliva-extra-virgen-laur-500ml/p/MLA19735480?pdp_filters=category:MLA114008#searchVariation=MLA19735480&position=12&search_layout=stack&type=product&tracking_id=bab4565a-0424-4558-bfce-d0f09730b704,11.456,No disponible,Nuevo  |  +10mil vendidos,(+50 disponibles),Nuevo  |  +10mil vendidos,No disponible,#1427719391,2024-06-04 17:00:04,Alimentos y Bebidas,Almacén,Aceites y Vinagres,Aceites,nan
Oliva Green Olive Sabor Extra Virgen Intenso X5lts,https://www.mercadolibre.com.ar/oliva-green-olive-sabor-extra-virgen-intenso-x5lts/p/MLA28836598?pdp_filters=category:MLA114008#searchVariation=MLA28836598&position=1&search_layout=stack&type=product&tracking_id=bab4565a-0424-4558-bfce-d0f09730b704,14.300,No disponible,Nuevo  |  +1000 vendidos,(+50 disponibles),Nuevo  |  +1000 vendidos,No disponible,#1398954615,2024-06-04 17:00:04,Alimentos y Bebidas,Almacén,Aceites y Vinagres,Aceites,nan
Green Olive Oliva Mezcla Sabor Extra Virgen Intenso X 2 litros,https://www.mercadolibre.com.ar/green-olive-oliva-mezcla-sabor-extra-virgen-intenso-x-2-litros/p/MLA20728629?pdp_filters=category:MLA114008#searchVariation=MLA20728629&position=4&search_layout=stack&type=product&tracking_id=bab4565a-0424-4558-bfce-d0f09730b704,6.720,No disponible,Nuevo  |  +5mil vendidos,(+50 disponibles),Nuevo  |  +5mil vendidos,No disponible,#1315425473,2024-06-04 17:00:04,Alimentos y Bebidas,Almacén,Aceites y Vinagres,Aceites,nan
Aceite Oliva Extra Virgen Cortijo El Olivar Las Perdices Bag in Box 3lts,https://www.mercadolibre.com.ar/aceite-oliva-extra-virgen-cortijo-el-olivar-las-perdices-bag-in-box-3lts/p/MLA20029109?pdp_filters=category:MLA114008#searchVariation=MLA20029109&position=6&search_layout=stack&type=product&tracking_id=bab4565a-0424-4558-bfce-d0f09730b704,59.799,No disponible,Nuevo  |  +5mil vendidos,(+50 disponibles),Nuevo  |  +5mil vendidos,No disponible,#1417233081,2024-06-04 17:00:04,Alimentos y Bebidas,Almacén,Aceites y Vinagres,Aceites,nan
Pack 2 Aceite De Oliva Extra Virgen Oliovita X 5 Litros.,https://click1.mercadolibre.com.ar/mclics/clicks/external/MLA/count?a=P74VtwmiIagOqMKIQYZTspD%2BK3%2Bx%2F2VERUmtCkKEGtODRGKJ7yQNDjfL%2Fcj%2Fx01jwnu8wLe9foeI0PdtWtaLEH5k2DadieHQ50A0MS6JNwUEFR7N6%2B%2BeMUwX5xlF3ZS15weQ74lFjvB1hjKpT4ZhKK%2FD5GGNw5a%2BkQHCCpk%2BCDiU8jfXtMA267ItkWokDjObAEh2pN7MKWItcIku64MXmVtyYQWR%2BUDjsF7R1OUVJIkvbfGg2Ij7lsmq%2FVksH6ULQELAV5xCCsFHs0QgYMvWB0%2BzlMmpHg2UAmNQf6kVuxJGXha6igkf6iY%2FnoTiWwvg4RgHFDXjrYmj2urRBLsNKYzJpdiIBaUYFUVqQohqe2RlpDYthoyHUMiTHKBNGlxurV%2FkqST8oA%2FUr28ZU5FTi3560n50OxC8stXHbKH66pG2n8YJ9qh6oqCsK6MF%2FpSAq96kiYxBJSPSgqaXwq%2BAcEd%2FwAWkrqIHr2rhDVsz6tysMQaAVBD%2FH1%2FC2Ja%2FjUx%2BWg1GifSioKVx9CfETRpqA8rmlGcoOIGENIyNrTQC4z55v%2B8AZrqfDVuyewQVnmyKfple5XFbo6RCR3sKq3cI%2BZJ2ADVBO513mM99AUUgam8BNQaeO%2B%2ByVYwhioovz7gdMvBDNVAWgB05k2Ow59%2Fh5CMxArcS4zgLVjtz%2FspN7XDkAsxsALxO1xDC1xH%2ByeDUtPqEmXpWLN81YM5oUjKdgGc%3D&e=mclics%2Fpseudo-search-pads-buybox%2B7708%2Cmclics%2Fsearch-list-ad-algorithm%2BDEFAULT%2Cmclics%2Fbuybox-layout%2B25349%2Cmclics%2Fmax-bid-capped%2B36382&rb=x,160.000,No disponible,Nuevo  |  +500 vendidos,(+50 disponibles),Nuevo  |  +500 vendidos,No disponible,#780864210,2024-06-04 17:00:04,Alimentos y Bebidas,Almacén,Aceites y Vinagres,Aceites,Aceite de Oliva
Aceite De Oliva Laur Nro 1 Virgen Extra Clásico 500ml X2 U,https://click1.mercadolibre.com.ar/mclics/clicks/external/MLA/count?a=KKGJrCe2xqdt3iwR9A%2BK%2B3OmcIN1GTGv8SuYZKVVfZ52%2FfNDcN%2F%2BRF%2BekERddRkKFDlyqO1%2BVUJMNE%2Foa8h1u9ICoYUQ%2FzREjCqy9pgUemrbdfL2Fq6gHgvG8xanyeoCp9RlPf4T9szveS4ZwTyylLKwMMQI9ZzrcSPYzD%2FnXk9%2BhFGXoZoKnlMCpyl1SdmPwnUu%2B5X3BGAI%2FQ5NW7WWzZKZE1ybrLgpTLt02Q7a28uQsPJpxTqNpq8Js1JxzIVEnLtGrFW1m6%2B00TTKhz2bzLhmNljJ8KwQx1kTuzXY4k0AxOoSjoIULbqQjHtCbMu8YWb%2B%2B%2FpS%2BhOzH%2BWi87fL4awA%2FMYnRBXNOHYQW5onqPlBEbM3v6V04Yo1WQF0SrAFw%2FtxkqBcCBmHSUW%2FRfonUnkIjbxsTMGkauzwxRL2a9pnJibodrxIPLO1rYjI5kZFTxL%2F%2BI%2Fa%2FwLPgKPUjM98UUbInvXDz6vfWfexyzczH9dCZ8kH0scqw1H9EcIT1%2B8LBMB92M7P8vV6FenIXnTARXLJ9rVLYPE4Av10O83ECPsUeSobcKPqi%2Bkw0Nvp7mQUnJZcKv9fIqVvfwZwSWfA1SgoUdYyZbdzThdqhVuT1mnx94CvJOJGQ0URwgff4hG7AyUgExmr99hWxn%2FCvKCdzPSkvNKD7Ywi8y%2F0xpA2v6H76oLugyVCMaJCc8C9aS2FNDMj1Hf6O8lyLAX8YEjZypVwO%2BdYjw0%3D&e=mclics%2Fpseudo-search-pads-buybox%2B7708%2Cmclics%2Fsearch-list-ad-algorithm%2BDEFAULT%2Cmclics%2Fbuybox-layout%2B25349%2Cmclics%2Fmax-bid-capped%2B36382&rb=x,22.758,No disponible,Nuevo  |  +100 vendidos,(+50 disponibles),Nuevo  |  +100 vendidos,No disponible,#1396054711,2024-06-04 17:00:04,Alimentos y Bebidas,Almacén,Aceites y Vinagres,Aceites,Aceite de Oliva
Aceite De Oliva Laur Gran Mendoza Virgen Extra 500ml.,https://www.mercadolibre.com.ar/aceite-de-oliva-laur-gran-mendoza-virgen-extra-500ml/p/MLA19735452?pdp_filters=category:MLA114008#searchVariation=MLA19735452&position=8&search_layout=stack&type=product&tracking_id=bab4565a-0424-4558-bfce-d0f09730b704,16.283,No disponible,Nuevo  |  +5mil vendidos,(+10 disponibles),Nuevo  |  +5mil vendidos,No disponible,#1216209015,2024-06-04 17:00:04,Alimentos y Bebidas,Almacén,Aceites y Vinagres,Aceites,nan
 Zuelo Aceite de oliva Clasico 5L Extra Virgen,https://www.mercadolibre.com.ar/zuelo-aceite-de-oliva-clasico-5l-extra-virgen/p/MLA19735455?pdp_filters=category:MLA114008#searchVariation=MLA19735455&position=13&search_layout=stack&type=product&tracking_id=bab4565a-0424-4558-bfce-d0f09730b704,142.918,No disponible,Nuevo  |  +10mil vendidos,(+20 disponibles),Nuevo  |  +10mil vendidos,No disponible,#1388423609,2024-06-04 17:00:04,Alimentos y Bebidas,Almacén,Aceites y Vinagres,Aceites,nan
Aceite De Oliva Oliovita Mediterraneo Botella Vidrio X 500ml,https://www.mercadolibre.com.ar/aceite-de-oliva-oliovita-mediterraneo-botella-vidrio-x-500ml/p/MLA19544297?pdp_filters=category:MLA114008#searchVariation=MLA19544297&position=2&search_layout=stack&type=product&tracking_id=bab4565a-0424-4558-bfce-d0f09730b704,9.524,No disponible,Nuevo  |  +5mil vendidos,(+10 disponibles),Nuevo  |  +5mil vendidos,No disponible,#1670640978,2024-06-04 17:00:04,Alimentos y Bebidas,Almacén,Aceites y Vinagres,Aceites,nan
Aceite De Oliva Laur Extra Virgen Pet 2 L.,https://www.mercadolibre.com.ar/aceite-de-oliva-laur-extra-virgen-pet-2-l/p/MLA19735454?pdp_filters=category:MLA114008#searchVariation=MLA19735454&position=16&search_layout=stack&type=product&tracking_id=bab4565a-0424-4558-bfce-d0f09730b704,52.656,No disponible,Nuevo  |  +10mil vendidos,(+50 disponibles),Nuevo  |  +10mil vendidos,No disponible,#1309786295,2024-06-04 17:00:04,Alimentos y Bebidas,Almacén,Aceites y Vinagres,Aceites,nan
Aceite De Oliva De Los Olivares Riojanos 2 Und. X 3 Litros,https://articulo.mercadolibre.com.ar/MLA-1508983238-aceite-de-oliva-de-los-olivares-riojanos-2-und-x-3-litros-_JM#position=44&search_layout=stack&type=item&tracking_id=bab4565a-0424-4558-bfce-d0f09730b704,33.199,No disponible,Nuevo  |  +1000 vendidos,(+50 disponibles),Nuevo  |  +1000 vendidos,No disponible,#1508983238,2024-06-04 17:00:04,Alimentos y Bebidas,Almacén,Aceites y Vinagres,Aceites,Aceite de Oliva
Aceite De Oliva Oliovita Clasico Botella De Vidrio X 500 Ml,https://www.mercadolibre.com.ar/aceite-de-oliva-oliovita-clasico-botella-de-vidrio-x-500-ml/p/MLA19544299?pdp_filters=category:MLA114008#searchVariation=MLA19544299&position=18&search_layout=stack&type=product&tracking_id=bab4565a-0424-4558-bfce-d0f09730b704,10.999,No disponible,Nuevo  |  +5mil vendidos,(2 disponibles),Nuevo  |  +5mil vendidos,No disponible,#1449038874,2024-06-04 17:00:04,Alimentos y Bebidas,Almacén,Aceites y Vinagres,Aceites,nan
Aceite De Oliva Laur Virgen Extra Arbequina Lata 1lt,https://www.mercadolibre.com.ar/aceite-de-oliva-laur-virgen-extra-arbequina-lata-1lt/p/MLA20028934?pdp_filters=category:MLA114008#searchVariation=MLA20028934&position=24&search_layout=stack&type=product&tracking_id=bab4565a-0424-4558-bfce-d0f09730b704,26.648,No disponible,Nuevo  |  +1000 vendidos,(+20 disponibles),Nuevo  |  +1000 vendidos,No disponible,#1316649475,2024-06-04 17:00:04,Alimentos y Bebidas,Almacén,Aceites y Vinagres,Aceites,nan
Aceite De Oliva Zuelo Clasico 500ml Extra Virgen Sin Taac,https://www.mercadolibre.com.ar/aceite-de-oliva-zuelo-clasico-500ml-extra-virgen-sin-taac/p/MLA19686645?pdp_filters=category:MLA114008#searchVariation=MLA19686645&position=14&search_layout=stack&type=product&tracking_id=bab4565a-0424-4558-bfce-d0f09730b704,10.448,No disponible,Nuevo  |  +5mil vendidos,(+50 disponibles),Nuevo  |  +5mil vendidos,No disponible,#1360811421,2024-06-04 17:00:04,Alimentos y Bebidas,Almacén,Aceites y Vinagres,Aceites,nan
Pack 4 Unids X 2 Litros De Aceite Oliva Orgánico Petrus ,https://click1.mercadolibre.com.ar/mclics/clicks/external/MLA/count?a=H%2BoictPtogB7E7YKeQ1dwt8VfwVnD6oKQomyoZpfMRIxMAneW%2B%2BQ5kHjTzzYbaE4ZrTr21eIdIvwochqY%2F1407Fo%2F%2BIlXVTT2tT7gLNubQSvQ4qb2F00lt7qxrFrqFAcPCuAtfymB%2FHD4LrkE8nomHh7s157t3m5cXtU5ZsuT%2B5wBMazKYx8PJNDvNcafBjFmLEYbjgyyzmejYGVu9boNeYT6V9mVl8ZCVFZ5hbvSzAcC404gdJt0IjrLYcX6dj%2B8pyHk0oKPNyjyFqbJpMaZx9J3xiKrKA%2FwYY6TDWRRWrIRI6H9rz5ddzpv0lsOnLQNXSlaQiVLReakYZdpjhDEL6oc7rBilbuQGARceR6uMj%2BRREMphluEI59cWM%2FD%2FbLRYKn1cH%2BWVnE5R822H2GznKSK%2BD5XJCQ6RYxUBQhDchcQ4km6fVZxhB4qa1TtX9d%2FrbcfdmuA6Tu%2F2UfdyOKj%2Bmu2rUJHLgMR4LR7F32QtJhkcFW%2FgNSycd1G%2BUcgSEcXwlcZ4lKYvuCKP7APnHfVjgfv7Plai%2B%2F0y9kBDBeEgPmjaAEaq8%2B1MNFrB9LG8rTc5HWH00F09qi3RajXlIfhbvLEcl9D2xuxH1UiwTiqZKhKJxHVYHz5eyxwoYBrhRRgFWIa%2FyuW%2BJIFyUTkyFSatCO0%2F7Fi2QiqsY%2FJ%2B6Ksrfcs78O%2F5946ekUBK6dBHyBXUvnUUA1L6OIUkSn0m3S%2BW9A&e=mclics%2Fpseudo-search-pads-buybox%2B7708%2Cmclics%2Fsearch-list-ad-algorithm%2BDEFAULT%2Cmclics%2Fbuybox-layout%2B25349%2Cmclics%2Fmax-bid-capped%2B36382&rb=x,149.076,No disponible,Nuevo  |  +100 vendidos,(+50 disponibles),Nuevo  |  +100 vendidos,No disponible,#896235282,2024-06-04 17:00:04,Alimentos y Bebidas,Almacén,Aceites y Vinagres,Aceites,Aceite de Oliva
Aceite De Oliva Extra Virgen 3 X 2 Litros Oleovares Del Sol,https://click1.mercadolibre.com.ar/mclics/clicks/external/MLA/count?a=q6JFvDyTD8O17%2B%2BJEBo7J%2BHaNBTBjbSq6pc8NVNw5t79de8fb508qIizGC53NU9PxZZoWH7aUz1D3zt%2BXM6nFh2e5pNuGz7Efg8HQAQ5v5Y5awmRDi9IM9RDlmWUkiPvmdArvnw7THGI1p75QvMfXThdUiY9G6BpL1OC0%2Bw4nYZcNU693ZRVRSN6WjgzRXapjYUTAf4veBZ5NNquYkd6krNa5Ru7BYzLPwN7dsMkGlBf6neLv6N5PwEefDJhkRuOZmjyAVLtNqGnna%2FnZLT59dEk2kzut6J5ZnBUD0Wx7fiLYCXIY3gjAW7%2BZHy38mfSNQXQSID7MhCARttFjxea2ZxklnHb8u8seodRvND13DYeqNiqHj862uwghsBMOK8ZHAL%2B92yGdnEw%2FBmBsuryAkZnmhuvjgmT6Hlk6L6WR57fUThZ4nP0Tujnw6SzIVL1jMOuI4g7TdIu%2FSVHVKvNmFOUdtEWSESJesPo%2BMbGRqtLr78IJkGOrlFY8T2Gt36IlGbDRKCvEl0e3xJo4jTCa5IuUxMGewacoErWCYNMF1oMpx%2FX8JG4gMNCERQt4yrz2i6SxKq%2BLh%2F4kBsS5WqCfeb2oUFoqNM1KsxpsPu6j4uzP3puTbvAasiLVsmD0VzisYv4MC8aCc%2FCYkdxQSNPAht7%2F1iEuGJfghT%2F0TuRRXwt0ZdfER0SMl6yH2Y%2FfXBQ9z39f2X9J2DTQgpswWbsK4KXRxCg1t93&e=mclics%2Fpseudo-search-pads-buybox%2B7708%2Cmclics%2Fsearch-list-ad-algorithm%2BDEFAULT%2Cmclics%2Fbuybox-layout%2B25349%2Cmclics%2Fmax-bid-capped%2B36382&rb=x,27.461,No disponible,Nuevo  |  +100 vendidos,(+50 disponibles),Nuevo  |  +100 vendidos,No disponible,#1703765134,2024-06-04 17:00:04,Alimentos y Bebidas,Almacén,Aceites y Vinagres,Aceites,Aceite de Oliva
Aceite De Oliva De Los Olivares Riojanos 2 Und. X 5 Litros,https://articulo.mercadolibre.com.ar/MLA-1420369372-aceite-de-oliva-de-los-olivares-riojanos-2-und-x-5-litros-_JM#position=45&search_layout=stack&type=item&tracking_id=bab4565a-0424-4558-bfce-d0f09730b704,46.499,No disponible,Nuevo  |  +500 vendidos,(+50 disponibles),Nuevo  |  +500 vendidos,No disponible,#1420369372,2024-06-04 17:00:04,Alimentos y Bebidas,Almacén,Aceites y Vinagres,Aceites,Aceite de Oliva
Aceite De Oliva Organico Extra Virgen Cruz De Piedra-500cc,https://www.mercadolibre.com.ar/aceite-de-oliva-organico-extra-virgen-cruz-de-piedra-500cc/p/MLA20028779?pdp_filters=category:MLA114008#searchVariation=MLA20028779&position=17&search_layout=stack&type=product&tracking_id=bab4565a-0424-4558-bfce-d0f09730b704,13.460,No disponible,Nuevo  |  +1000 vendidos,(+10 disponibles),Nuevo  |  +1000 vendidos,No disponible,#1281978866,2024-06-04 17:00:04,Alimentos y Bebidas,Almacén,Aceites y Vinagres,Aceites,nan
Aceite De Oliva Extra Virgen 3 X 2litros - Oleovares Del Sol,https://articulo.mercadolibre.com.ar/MLA-1565575550-aceite-de-oliva-extra-virgen-3-x-2litros-oleovares-del-sol-_JM#position=46&search_layout=stack&type=item&tracking_id=bab4565a-0424-4558-bfce-d0f09730b704,27.739,No disponible,Nuevo  |  +1000 vendidos,(+50 disponibles),Nuevo  |  +1000 vendidos,No disponible,#1565575550,2024-06-04 17:00:04,Alimentos y Bebidas,Almacén,Aceites y Vinagres,Aceites,Aceite de Oliva
Aceite De Oliva Cortijo Viña Las Perdices 500ml,https://www.mercadolibre.com.ar/aceite-de-oliva-cortijo-vina-las-perdices-500ml/p/MLA20723901?pdp_filters=category:MLA114008#searchVariation=MLA20723901&position=22&search_layout=stack&type=product&tracking_id=bab4565a-0424-4558-bfce-d0f09730b704,11.310,No disponible,Nuevo  |  +1000 vendidos,(+20 disponibles),Nuevo  |  +1000 vendidos,No disponible,#1416682583,2024-06-04 17:00:04,Alimentos y Bebidas,Almacén,Aceites y Vinagres,Aceites,nan
Aceite De Oliva 500ml Zuelo Intenso Extra Virgen Sin Taac,https://www.mercadolibre.com.ar/aceite-de-oliva-500ml-zuelo-intenso-extra-virgen-sin-taac/p/MLA19686641?pdp_filters=category:MLA114008#searchVariation=MLA19686641&position=43&search_layout=stack&type=product&tracking_id=bab4565a-0424-4558-bfce-d0f09730b704,11.541,No disponible,Nuevo  |  +1000 vendidos,(+50 disponibles),Nuevo  |  +1000 vendidos,No disponible,#1360860993,2024-06-04 17:00:04,Alimentos y Bebidas,Almacén,Aceites y Vinagres,Aceites,nan
Aceite De Oliva Laur Extra Virgen Bag In Box 2 L.,https://www.mercadolibre.com.ar/aceite-de-oliva-laur-extra-virgen-bag-in-box-2-l/p/MLA19904175?pdp_filters=category:MLA114008#searchVariation=MLA19904175&position=34&search_layout=stack&type=product&tracking_id=bab4565a-0424-4558-bfce-d0f09730b704,58.620,No disponible,Nuevo  |  +1000 vendidos,No disponible,Nuevo  |  +1000 vendidos,No disponible,#1397101165,2024-06-04 17:00:04,Alimentos y Bebidas,Almacén,Aceites y Vinagres,Aceites,nan
Aceite De Oliva Extra Virgen El Gran Juicio -  Pack X 6 Unid,https://www.mercadolibre.com.ar/aceite-de-oliva-extra-virgen-el-gran-juicio-pack-x-6-unid/p/MLA24456300?pdp_filters=category:MLA114008#searchVariation=MLA24456300&position=15&search_layout=stack&type=product&tracking_id=bab4565a-0424-4558-bfce-d0f09730b704,15.530,No disponible,Nuevo  |  +100 vendidos,(+20 disponibles),Nuevo  |  +100 vendidos,No disponible,#1414376365,2024-06-04 17:00:04,Alimentos y Bebidas,Almacén,Aceites y Vinagres,Aceites,nan
Aceite De Oliva Extra Virgen Nucete En Botella 500 Ml,https://www.mercadolibre.com.ar/aceite-de-oliva-extra-virgen-nucete-en-botella-500-ml/p/MLA19838684?pdp_filters=category:MLA114008#searchVariation=MLA19838684&position=23&search_layout=stack&type=product&tracking_id=bab4565a-0424-4558-bfce-d0f09730b704,6.499,No disponible,Nuevo  |  +500 vendidos,(2 disponibles),Nuevo  |  +500 vendidos,No disponible,#1420342591,2024-06-04 17:00:04,Alimentos y Bebidas,Almacén,Aceites y Vinagres,Aceites,nan
Aceite De Oliva Extra Virgen 3 X 2 Litros Oleovares Del Sol,https://articulo.mercadolibre.com.ar/MLA-1703765134-aceite-de-oliva-extra-virgen-3-x-2-litros-oleovares-del-sol-_JM#position=47&search_layout=stack&type=item&tracking_id=bab4565a-0424-4558-bfce-d0f09730b704,27.461,No disponible,Nuevo  |  +100 vendidos,(+50 disponibles),Nuevo  |  +100 vendidos,No disponible,#1703765134,2024-06-04 17:00:04,Alimentos y Bebidas,Almacén,Aceites y Vinagres,Aceites,Aceite de Oliva
Aceite Oliva Organico Extra Virgen X 5 Litros La Riojana,https://www.mercadolibre.com.ar/aceite-oliva-organico-extra-virgen-x-5-litros-la-riojana/p/MLA20028922?pdp_filters=category:MLA114008#searchVariation=MLA20028922&position=25&search_layout=stack&type=product&tracking_id=bab4565a-0424-4558-bfce-d0f09730b704,153.900,No disponible,Nuevo  |  +1000 vendidos,(+5 disponibles),Nuevo  |  +1000 vendidos,No disponible,#1291367030,2024-06-04 17:00:04,Alimentos y Bebidas,Almacén,Aceites y Vinagres,Aceites,nan
Aceite De Oliva Extra Virgen Kaliv 500 Ml,https://www.mercadolibre.com.ar/aceite-de-oliva-extra-virgen-kaliv-500-ml/p/MLA27288339?pdp_filters=category:MLA114008#searchVariation=MLA27288339&position=26&search_layout=stack&type=product&tracking_id=bab4565a-0424-4558-bfce-d0f09730b704,11.500,No disponible,Nuevo  |  +1000 vendidos,(+50 disponibles),Nuevo  |  +1000 vendidos,No disponible,#1528906602,2024-06-04 17:00:04,Alimentos y Bebidas,Almacén,Aceites y Vinagres,Aceites,nan
Aceite De Oliva Extra Virgen X 500ml Sin Tacc | Laur Premium,https://articulo.mercadolibre.com.ar/MLA-1157001544-aceite-de-oliva-extra-virgen-x-500ml-sin-tacc-laur-premium-_JM#position=48&search_layout=stack&type=item&tracking_id=bab4565a-0424-4558-bfce-d0f09730b704,15.885,No disponible,Nuevo  |  +1000 vendidos,(5 disponibles),Nuevo  |  +1000 vendidos,No disponible,#1157001544,2024-06-04 17:00:04,Alimentos y Bebidas,Almacén,Aceites y Vinagres,Aceites,Aceite de Oliva
Aceite de oliva Laur extra virgen 1l,https://www.mercadolibre.com.ar/aceite-de-oliva-laur-extra-virgen-1l/p/MLA19951537?pdp_filters=category:MLA114008#searchVariation=MLA19951537&position=21&search_layout=stack&type=product&tracking_id=bab4565a-0424-4558-bfce-d0f09730b704,26.355,No disponible,Nuevo  |  +1000 vendidos,(+50 disponibles),Nuevo  |  +1000 vendidos,No disponible,#1418541038,2024-06-04 17:00:04,Alimentos y Bebidas,Almacén,Aceites y Vinagres,Aceites,nan
Aceite De Oliva Familia Zuccardi Coratina 500ml,https://www.mercadolibre.com.ar/aceite-de-oliva-familia-zuccardi-coratina-500ml/p/MLA19735458?pdp_filters=category:MLA114008#searchVariation=MLA19735458&position=30&search_layout=stack&type=product&tracking_id=bab4565a-0424-4558-bfce-d0f09730b704,14.437,No disponible,Nuevo  |  +1000 vendidos,(+50 disponibles),Nuevo  |  +1000 vendidos,No disponible,#1315422610,2024-06-04 17:00:04,Alimentos y Bebidas,Almacén,Aceites y Vinagres,Aceites,nan
Aceite De Oliva Extra Virgen En Bidon 5 Litros,https://www.mercadolibre.com.ar/aceite-de-oliva-extra-virgen-en-bidon-5-litros/p/MLA36589114?pdp_filters=category:MLA114008#searchVariation=MLA36589114&position=32&search_layout=stack&type=product&tracking_id=bab4565a-0424-4558-bfce-d0f09730b704,22.990,No disponible,Nuevo  |  +5mil vendidos,(+20 disponibles),Nuevo  |  +5mil vendidos,No disponible,#1430148157,2024-06-04 17:00:04,Alimentos y Bebidas,Almacén,Aceites y Vinagres,Aceites,nan
Laur Aceite De Oliva Virgen Extra Blend De Terroir 500 Ml,https://www.mercadolibre.com.ar/laur-aceite-de-oliva-virgen-extra-blend-de-terroir-500-ml/p/MLA20028792?pdp_filters=category:MLA114008#searchVariation=MLA20028792&position=28&search_layout=stack&type=product&tracking_id=bab4565a-0424-4558-bfce-d0f09730b704,15.999,No disponible,Nuevo  |  +1000 vendidos,(+10 disponibles),Nuevo  |  +1000 vendidos,No disponible,#1678753660,2024-06-04 17:00:04,Alimentos y Bebidas,Almacén,Aceites y Vinagres,Aceites,nan
Oliva Green Olive Sabor Extra Virgen Intenso X1lt,https://www.mercadolibre.com.ar/oliva-green-olive-sabor-extra-virgen-intenso-x1lt/p/MLA21235264?pdp_filters=category:MLA114008#searchVariation=MLA21235264&position=29&search_layout=stack&type=product&tracking_id=bab4565a-0424-4558-bfce-d0f09730b704,3.520,No disponible,Nuevo  |  +1000 vendidos,No disponible,Nuevo  |  +1000 vendidos,No disponible,#1714287294,2024-06-04 17:00:04,Alimentos y Bebidas,Almacén,Aceites y Vinagres,Aceites,nan
Aceite de oliva extra virgen Laur bidón 5 litros,https://www.mercadolibre.com.ar/aceite-de-oliva-extra-virgen-laur-bidon-5-litros/p/MLA19829828?pdp_filters=category:MLA114008#searchVariation=MLA19829828&position=31&search_layout=stack&type=product&tracking_id=bab4565a-0424-4558-bfce-d0f09730b704,138.999,No disponible,Nuevo  |  +1000 vendidos,No disponible,Nuevo  |  +1000 vendidos,No disponible,#1393577693,2024-06-04 17:00:04,Alimentos y Bebidas,Almacén,Aceites y Vinagres,Aceites,nan
Aceite De Oliva Las Perdices Cortijo El Olivar Virgen Extra,https://articulo.mercadolibre.com.ar/MLA-1115035219-aceite-de-oliva-las-perdices-cortijo-el-olivar-virgen-extra-_JM#position=49&search_layout=stack&type=item&tracking_id=bab4565a-0424-4558-bfce-d0f09730b704,25.000,No disponible,Nuevo  |  +500 vendidos,(+50 disponibles),Nuevo  |  +500 vendidos,No disponible,#1115035219,2024-06-04 17:00:04,Alimentos y Bebidas,Almacén,Aceites y Vinagres,Aceites,Aceite de Oliva
Aceite De Oliva Extra Virgen Sin Tacc X 2l -viridian Clásico,https://www.mercadolibre.com.ar/aceite-de-oliva-extra-virgen-sin-tacc-x-2l-viridian-clasico/p/MLA21235235?pdp_filters=category:MLA114008#searchVariation=MLA21235235&position=35&search_layout=stack&type=product&tracking_id=bab4565a-0424-4558-bfce-d0f09730b704,32.829,No disponible,Nuevo  |  +500 vendidos,(+10 disponibles),Nuevo  |  +500 vendidos,No disponible,#1468903060,2024-06-04 17:00:04,Alimentos y Bebidas,Almacén,Aceites y Vinagres,Aceites,nan
Aceite De Oliva Laur Extra Virgen 250ml.,https://www.mercadolibre.com.ar/aceite-de-oliva-laur-extra-virgen-250ml/p/MLA19735506?pdp_filters=category:MLA114008#searchVariation=MLA19735506&position=27&search_layout=stack&type=product&tracking_id=bab4565a-0424-4558-bfce-d0f09730b704,7.862,No disponible,Nuevo  |  +1000 vendidos,(+5 disponibles),Nuevo  |  +1000 vendidos,No disponible,#1721776942,2024-06-04 17:00:04,Alimentos y Bebidas,Almacén,Aceites y Vinagres,Aceites,nan
Aceite De Oliva De Los Olivares Riojanos Bidón De 5lts.,https://articulo.mercadolibre.com.ar/MLA-1467778098-aceite-de-oliva-de-los-olivares-riojanos-bidon-de-5lts-_JM#position=50&search_layout=stack&type=item&tracking_id=bab4565a-0424-4558-bfce-d0f09730b704,22.999,No disponible,Nuevo  |  +1000 vendidos,(+50 disponibles),Nuevo  |  +1000 vendidos,No disponible,#1467778098,2024-06-04 17:00:04,Alimentos y Bebidas,Almacén,Aceites y Vinagres,Aceites,Aceite de Oliva
Pack 2 Aceite De Oliva Extra Virgen Oliovita X 5 Litros.,https://articulo.mercadolibre.com.ar/MLA-780864210-pack-2-aceite-de-oliva-extra-virgen-oliovita-x-5-litros-_JM#position=51&search_layout=stack&type=item&tracking_id=bab4565a-0424-4558-bfce-d0f09730b704,160.000,No disponible,Nuevo  |  +500 vendidos,(+50 disponibles),Nuevo  |  +500 vendidos,No disponible,#780864210,2024-06-04 17:00:04,Alimentos y Bebidas,Almacén,Aceites y Vinagres,Aceites,Aceite de Oliva
Aceite De Oliva Extra Virgen Zuccardi Arauco,https://www.mercadolibre.com.ar/aceite-de-oliva-extra-virgen-zuccardi-arauco/p/MLA33584004?pdp_filters=category:MLA114008#searchVariation=MLA33584004&position=33&search_layout=stack&type=product&tracking_id=bab4565a-0424-4558-bfce-d0f09730b704,23.912,No disponible,Nuevo  |  +100 vendidos,(+5 disponibles),Nuevo  |  +100 vendidos,No disponible,#1674565926,2024-06-04 17:00:04,Alimentos y Bebidas,Almacén,Aceites y Vinagres,Aceites,nan
Aceite De Oliva Extra Virgen (areco) X 500ml,https://www.mercadolibre.com.ar/aceite-de-oliva-extra-virgen-areco-x-500ml/p/MLA25634597?pdp_filters=category:MLA114008#searchVariation=MLA25634597&position=36&search_layout=stack&type=product&tracking_id=bab4565a-0424-4558-bfce-d0f09730b704,12.285,No disponible,Nuevo  |  +1000 vendidos,(4 disponibles),Nuevo  |  +1000 vendidos,No disponible,#1465475516,2024-06-04 17:00:04,Alimentos y Bebidas,Almacén,Aceites y Vinagres,Aceites,nan
Olivares del Rey aceite extra virgen sabor intenso bidón de 2l,https://www.mercadolibre.com.ar/olivares-del-rey-aceite-extra-virgen-sabor-intenso-bidon-de-2l/p/MLA31081036?pdp_filters=category:MLA114008#searchVariation=MLA31081036&position=37&search_layout=stack&type=product&tracking_id=bab4565a-0424-4558-bfce-d0f09730b704,12.100,No disponible,Nuevo  |  +50 vendidos,(+5 disponibles),Nuevo  |  +50 vendidos,No disponible,#1410441819,2024-06-04 17:00:04,Alimentos y Bebidas,Almacén,Aceites y Vinagres,Aceites,nan
Aceite De Oliva Extra Virgen  Primer Prensada En Frio,https://articulo.mercadolibre.com.ar/MLA-934542895-aceite-de-oliva-extra-virgen-primer-prensada-en-frio-_JM#position=52&search_layout=stack&type=item&tracking_id=bab4565a-0424-4558-bfce-d0f09730b704,22.900,No disponible,Nuevo  |  +500 vendidos,(+50 disponibles),Nuevo  |  +500 vendidos,No disponible,#934542895,2024-06-04 17:00:04,Alimentos y Bebidas,Almacén,Aceites y Vinagres,Aceites,Aceite de Oliva
Aceite De Oliva Extra Virgen Artesanal  El Faro   X 5 Litros,https://www.mercadolibre.com.ar/aceite-de-oliva-extra-virgen-artesanal-el-faro-x-5-litros/p/MLA20029057?pdp_filters=category:MLA114008#searchVariation=MLA20029057&position=38&search_layout=stack&type=product&tracking_id=bab4565a-0424-4558-bfce-d0f09730b704,86.688,No disponible,Nuevo  |  +1000 vendidos,(2 disponibles),Nuevo  |  +1000 vendidos,No disponible,#1277662018,2024-06-04 17:00:04,Alimentos y Bebidas,Almacén,Aceites y Vinagres,Aceites,nan
Aceite De Oliva Zuelo Intenso 500ml Extra Virgen Sin Taac,https://www.mercadolibre.com.ar/aceite-de-oliva-zuelo-intenso-500ml-extra-virgen-sin-taac/p/MLA19851333?pdp_filters=category:MLA114008#searchVariation=MLA19851333&position=39&search_layout=stack&type=product&tracking_id=bab4565a-0424-4558-bfce-d0f09730b704,11.999,No disponible,Nuevo  |  +1000 vendidos,(+10 disponibles),Nuevo  |  +1000 vendidos,No disponible,#1766092026,2024-06-04 17:00:04,Alimentos y Bebidas,Almacén,Aceites y Vinagres,Aceites,nan
Aceite De Oliva Laur Nro 1 Virgen Extra Clásico 500ml X2 U,https://articulo.mercadolibre.com.ar/MLA-1396054711-aceite-de-oliva-laur-nro-1-virgen-extra-clasico-500ml-x2-u-_JM#position=53&search_layout=stack&type=item&tracking_id=bab4565a-0424-4558-bfce-d0f09730b704,22.758,No disponible,Nuevo  |  +100 vendidos,(+50 disponibles),Nuevo  |  +100 vendidos,No disponible,#1396054711,2024-06-04 17:00:04,Alimentos y Bebidas,Almacén,Aceites y Vinagres,Aceites,Aceite de Oliva
Aceite De Oliva Familia Zuccardi Picual 500ml,https://www.mercadolibre.com.ar/aceite-de-oliva-familia-zuccardi-picual-500ml/p/MLA19735484?pdp_filters=category:MLA114008#searchVariation=MLA19735484&position=41&search_layout=stack&type=product&tracking_id=bab4565a-0424-4558-bfce-d0f09730b704,19.141,No disponible,Nuevo  |  +1000 vendidos,(+10 disponibles),Nuevo  |  +1000 vendidos,No disponible,#1767255192,2024-06-04 17:00:04,Alimentos y Bebidas,Almacén,Aceites y Vinagres,Aceites,nan
Aceite De Oliva Extra Virgen Yancanelo Clasico 1 L.,https://www.mercadolibre.com.ar/aceite-de-oliva-extra-virgen-yancanelo-clasico-1-l/p/MLA20029116?pdp_filters=category:MLA114008#searchVariation=MLA20029116&position=42&search_layout=stack&type=product&tracking_id=bab4565a-0424-4558-bfce-d0f09730b704,27.068,No disponible,Nuevo  |  +5mil vendidos,(+50 disponibles),Nuevo  |  +5mil vendidos,No disponible,#1280145121,2024-06-04 17:00:04,Alimentos y Bebidas,Almacén,Aceites y Vinagres,Aceites,nan
Aceite De Oliva Genovesa X500 Ml. - Extra Virgen F. Zuccardi,https://www.mercadolibre.com.ar/aceite-de-oliva-genovesa-x500-ml-extra-virgen-f-zuccardi/p/MLA20028768?pdp_filters=category:MLA114008#searchVariation=MLA20028768&position=40&search_layout=stack&type=product&tracking_id=bab4565a-0424-4558-bfce-d0f09730b704,14.886,No disponible,Nuevo  |  +1000 vendidos,(+50 disponibles),Nuevo  |  +1000 vendidos,No disponible,#1424648448,2024-06-04 17:00:04,Alimentos y Bebidas,Almacén,Aceites y Vinagres,Aceites,nan
Aceite De Oliva Extra Virgen Yancanelo Lata 1 Litro X 3 U,https://articulo.mercadolibre.com.ar/MLA-870534313-aceite-de-oliva-extra-virgen-yancanelo-lata-1-litro-x-3-u-_JM#position=54&search_layout=stack&type=item&tracking_id=bab4565a-0424-4558-bfce-d0f09730b704,69.924,No disponible,Nuevo  |  +1000 vendidos,(+50 disponibles),Nuevo  |  +1000 vendidos,No disponible,#870534313,2024-06-04 17:00:04,Alimentos y Bebidas,Almacén,Aceites y Vinagres,Aceites,Aceite de Oliva
Pack 2 Aceite De Oliva Extra Virgen Oliovita X 5 Litros.,https://click1.mercadolibre.com.ar/mclics/clicks/external/MLA/count?a=fvoMFYXHdRkx3OL9u4lAnSigM4xsduL8CB164PCfOlo1M%2Fpy%2FnxNOkb22AbmbvUHwPJdmPfdY88YFqnIm9rZkiV2KphnnG0oylfVeVy6l%2FjVetJ%2FJ9XmlId06%2BJk7ODAx2pSMqJpeTooYT2xeyaksr4ljiyIPtRx4NTnGr7AXcMzJx9VwmCXR%2FClitIYXF1G6JuOi5PElhHsxIKgIhZrkkyTagdRX26c5c38swAKYYky2GbyNLcrQKAysIWhqu8PDNiH0crja38DgWs250WtnJMd%2BnzTwKrPJ3V0693yx7sQL59cVJ8rFSk5tjVD0hTYP%2FDrQMTUEy0fk1O3TEVkl66Vzb30mEwpaNgTxuCIfG87y%2BwdnWnLSyokEdw2D3lAz3j6F4W3caP34jIfxpU4FEf1BMVK5mSyKiesnvJiRKsCFNw%2B5hlaKwDFgT3K%2FJzwcLfF%2BXiEBwv28Sew33JVlsVR90377GCCKNo1LWLy28Kmt%2Fez77ps5WGkbiolSm%2FaENi2D7csrzAxcony3pbLEe8KEF%2F3JUqYqeRzCJV20Jyv%2B6%2F4sACMHbTJtNx4lSvzeWYag35nKNoKiwyOzRfQ8%2F%2Faq4wbBLmiyYYdeLZ%2F8dBMNL5QhWRRgX5etPQjFiQUIX6EWAzEfsDvk0VXI%2FscaBVcPzi62IHgJnpCD%2BS3b0Lm96oH9CO7O%2ByQgnP9%2FqLwsOM83hupHn0XyI5lNVjNXF3qYg%3D%3D&e=mclics%2Fpseudo-search-pads-buybox%2B7708%2Cmclics%2Fsearch-list-ad-algorithm%2BDEFAULT%2Cmclics%2Fbuybox-layout%2B25349%2Cmclics%2Fmax-bid-capped%2B36382&rb=x,160.000,No disponible,Nuevo  |  +500 vendidos,(+50 disponibles),Nuevo  |  +500 vendidos,No disponible,#780864210,2024-06-04 17:01:04,Alimentos y Bebidas,Almacén,Aceites y Vinagres,Aceites,Aceite de Oliva
Aceite De Oliva Laur Nro 1 Virgen Extra Clásico 500ml X2 U,https://click1.mercadolibre.com.ar/mclics/clicks/external/MLA/count?a=fYlYUt8XhGAnxSBC9d%2B7zH99hyW%2F%2F%2BbeS3K4xgcNlhhYqQmAOXCOPQCtgRHB8ETjxrU7hRIyw0aOCujxrsKbA2inYJF0XxmL6m7nlcEUeK00cF3QeVJe92xGFVV8aWqQUS6wjFKXNce9LzD%2BPgrSW6gvSeACLmAjpagBtGCOhhwv6AkGzf11vIBSCRLzri9IGfJ%2FKuObiFbJ59EaP09DZH7WXrxL4ja%2B0qUxVy3baJ9BE4wY%2FK%2FblLjqFyu7rsmCAp7SJKBksPEecobPX%2BzwODM1aR1Rr5GKTMXWH%2FHkvZxo0QkmoP%2FbaWLob34s9aSPX8pyh%2BjPhR1W321Fcna7yMVh01%2BmLKyKsurnoM6Pd4UpEaOUv8s3RRSIwwnkomSNThOciX3R4I9ffljyjI0Ho%2B%2Bvs7%2FPUQvHkZOFepNyUboLZmiUQ1watDejyNMAspUYyMmulhHd9vDNmxJrHvUnPFd5tViRfDjKGsQaojS1KdmygVsy3eC%2Bj9YKZ7j00PFzgWDfWUw561%2F%2BSA5Se8Qd1OWcTzbELO8h3gbt63Y0B%2FxQhZHIzagy3any%2F41uo%2FK7U%2FnSUafZICJbXE%2FZ1081vlWg0yTM5wGC8bxhYacloI%2BHYsLphoa8NTTkBV%2B2jbD6Arf0h2tb9MvgCS1nqV%2Fi5nZOSezv7nNxaXnVWPK4AIOQhS6uyHUGYAj7DqtR7jaG2MDOUejrXCQ%2Fk%2FnFWrA%2F3wtgnUMSWdlt&e=mclics%2Fpseudo-search-pads-buybox%2B7708%2Cmclics%2Fsearch-list-ad-algorithm%2BDEFAULT%2Cmclics%2Fbuybox-layout%2B25349%2Cmclics%2Fmax-bid-capped%2B36382&rb=x,22.758,No disponible,Nuevo  |  +100 vendidos,(+50 disponibles),Nuevo  |  +100 vendidos,No disponible,#1396054711,2024-06-04 17:01:04,Alimentos y Bebidas,Almacén,Aceites y Vinagres,Aceites,Aceite de Oliva
Pack 4 Unids X 2 Litros De Aceite Oliva Orgánico Petrus ,https://click1.mercadolibre.com.ar/mclics/clicks/external/MLA/count?a=3MNz%2BzehPgDYj1r9dMQCqINwyBYgmUyDooOfO%2FNEpi%2Fohcs73lS35ZN8RJj76A7NM715q7MO8WbyLsVru9Lsa0tyqu8TjCT6D1wEndEWe5zfIdMIxDaz2oC0i8rfUJdNsrcHYt7gJd31ckyTcl1nxvltrdfyCpyPC3zN8juqnUks0aolAeP0WrEtfzrIZxOc6bAjTvL3wIaOcbJhbz9LkeacsVEBzjVqwFX%2F7vu09pFidYIUiNSfkZqiOLtMURgA5d%2Bq4TZWoAVWEEIWNHPpVnOMuf2DQMSX%2Ftam9tZRLsuqTN03e7y%2FfX98zsY77mO1zex%2Fc6RkjpkC4rMoUERcDXOe8uewzILjb7A0FpSQy9kF3mwuRqLtIPgc%2FqvxQGEPzcNinmj1W3dX%2BsO99WWf2tXSglh3Q8Whryei%2FVnYq5n93hsH0U4UiemhQq4FAGLfyqCw7HvLs8z9uHufoSxuqH8Q%2BNYVmzXw7TDjHOl3ztEd9Di2K2gDshyrmA69bYFFPtStzmQT2h0Aymw8NOK9fF48UlUx0LnroLUMICVKvftXZ%2Ft4Ix3jWjoN2yE6b3%2BSyKoxemWrM%2BojyGnPpSdkuJfDhQ1xI%2FKBrgakU%2FtfL3Qc%2Be2TTM2btsYUn8QNwhx4Ap%2FfWoDtvDyxnq0Be%2FEeME%2FW%2BNKXJLwIpvLxzXLNN1PkPUjoqF3m%2FacxPkcAnENYvPqPUOwVvE%2B8QKFgHT8NDiW%2FPg%3D%3D&e=mclics%2Fpseudo-search-pads-buybox%2B7708%2Cmclics%2Fsearch-list-ad-algorithm%2BDEFAULT%2Cmclics%2Fbuybox-layout%2B25349%2Cmclics%2Fmax-bid-capped%2B36382&rb=x,149.076,No disponible,Nuevo  |  +100 vendidos,(+50 disponibles),Nuevo  |  +100 vendidos,No disponible,#896235282,2024-06-04 17:01:04,Alimentos y Bebidas,Almacén,Aceites y Vinagres,Aceites,Aceite de Oliva
Aceite De Oliva Virgen Extra La Toscana 250 Ml,https://www.mercadolibre.com.ar/aceite-de-oliva-virgen-extra-la-toscana-250-ml/p/MLA19629829?pdp_filters=category:MLA114008#searchVariation=MLA19629829&position=7&search_layout=stack&type=product&tracking_id=5ab34e17-31a4-4748-ba28-ef0ce79689a2,11.447,No disponible,Nuevo  |  +1000 vendidos,(3 disponibles),Nuevo  |  +1000 vendidos,No disponible,#1194807170,2024-06-04 17:01:04,Alimentos y Bebidas,Almacén,Aceites y Vinagres,Aceites,nan
Aceite De Oliva Extra Virgen Intenso Cocinero,https://www.mercadolibre.com.ar/aceite-de-oliva-extra-virgen-intenso-cocinero/p/MLA19890937?pdp_filters=category:MLA114008#searchVariation=MLA19890937&position=5&search_layout=stack&type=product&tracking_id=5ab34e17-31a4-4748-ba28-ef0ce79689a2,10.366,No disponible,Nuevo  |  +500 vendidos,(+50 disponibles),Nuevo  |  +500 vendidos,No disponible,#1272988132,2024-06-04 17:01:04,Alimentos y Bebidas,Almacén,Aceites y Vinagres,Aceites,nan
Aceite de oliva Laur extra virgen orgánico sin tacc 500ml,https://www.mercadolibre.com.ar/aceite-de-oliva-laur-extra-virgen-organico-sin-tacc-500ml/p/MLA21090802?pdp_filters=category:MLA114008#searchVariation=MLA21090802&position=6&search_layout=stack&type=product&tracking_id=5ab34e17-31a4-4748-ba28-ef0ce79689a2,14.306,No disponible,Nuevo  |  +1000 vendidos,(+10 disponibles),Nuevo  |  +1000 vendidos,No disponible,#1766433638,2024-06-04 17:01:04,Alimentos y Bebidas,Almacén,Aceites y Vinagres,Aceites,nan
Aceite De Oliva Extra Virgen Primer Prensada En Frio Mendoza,https://articulo.mercadolibre.com.ar/MLA-934552683-aceite-de-oliva-extra-virgen-primer-prensada-en-frio-mendoza-_JM#position=37&search_layout=stack&type=item&tracking_id=5ab34e17-31a4-4748-ba28-ef0ce79689a2,88.900,No disponible,Nuevo  |  +50 vendidos,(+50 disponibles),Nuevo  |  +50 vendidos,No disponible,#934552683,2024-06-04 17:01:04,Alimentos y Bebidas,Almacén,Aceites y Vinagres,Aceites,Aceite de Oliva
Aceite de oliva virgen Laur clásico bag in box 5l,https://www.mercadolibre.com.ar/aceite-de-oliva-virgen-laur-clasico-bag-in-box-5l/p/MLA19735457?pdp_filters=category:MLA114008#searchVariation=MLA19735457&position=4&search_layout=stack&type=product&tracking_id=5ab34e17-31a4-4748-ba28-ef0ce79689a2,131.707,No disponible,Nuevo  |  +1000 vendidos,(+50 disponibles),Nuevo  |  +1000 vendidos,No disponible,#1380552447,2024-06-04 17:01:04,Alimentos y Bebidas,Almacén,Aceites y Vinagres,Aceites,nan
Aceite De Oliva Extra Virgen 3 X 2 Litros Oleovares Del Sol,https://click1.mercadolibre.com.ar/mclics/clicks/external/MLA/count?a=tDcrLY%2F4UGj6%2By0bSlI%2Bhh8Ovg%2BbDVs9ZsgacingHNtR8XQL2Y1NE%2FthWJHr2gnzxgn2GHE6OIDZrEjYq%2FgG16j4E2iFcl2cNBwLfx8ul0tdDp09mX4DZ3jaZp7GwWTfNlJbQ8XYMD%2FdUO0v%2BB%2FDL2ud06WdRzLa%2BNit%2FIsCStuAfOMFI2HpI3gQ%2B73f4%2FJd4ToJpBu5ajPwxVM4lFU%2BmXw33MZeEUFX3ujQd%2F106HaX%2B%2BbcVJpJnlJP05mfAMk8YYRv%2FJ9wZCCkz3h4c56WezPh4YGT3o6u%2Fjqy9DMJP%2BZZeDxlbY4ziVm4EYBbOMKhbpcmhs7Fr6NFTwqKYDil7faKLf%2Brxc038NFRXkjfRIOShulsRkwQgyqpSYizgLTKGzjxNGM491hyHayrjFTN3zt6JQmOxyQZgQeN13QmeldALK%2Bij9H%2FMbDQ7xOg4HA0efIXneKAd7XHOcDhq2ht0jWNoRO6Q%2FR3f8iDsQhc9%2FBVQhUGuV2m9MGqCNxxZXjpb0lPzdj%2FGeBbkLXZbFsB6gKW3bqyZ3dTp4BT2FsJzv0OStSv1i2wcWOpM2mjm903ebMDCwKxSm0OqVOBA0D7AF71pDUqxbypYGvxV%2FIb1TTLsXjNgnO1uEM3qDA2CUdbTHC1YZuNjchCDS4%2FJz7V0FFCeocEp4PFrOso%2BrpjorjstrJr6CEzr%2FW5biE0PypX91tSpWSf0EBFsOu4fZfycBnmETxw3Ha2&e=mclics%2Fpseudo-search-pads-buybox%2B7708%2Cmclics%2Fsearch-list-ad-algorithm%2BDEFAULT%2Cmclics%2Fbuybox-layout%2B25349%2Cmclics%2Fmax-bid-capped%2B36382&rb=x,27.461,No disponible,Nuevo  |  +100 vendidos,(+50 disponibles),Nuevo  |  +100 vendidos,No disponible,#1703765134,2024-06-04 17:01:04,Alimentos y Bebidas,Almacén,Aceites y Vinagres,Aceites,Aceite de Oliva
Aceite De Oliva Extra Virgen Original Zuelo 500ml Pack X2,https://click1.mercadolibre.com.ar/mclics/clicks/external/MLA/count?a=g9Cgk0sUdE481mzQNQJqTQoR3tYzTuFrOJekruV%2FzFYg6a0Fs1bwTqGq%2B7TnU9wQQI9PJpDJh%2B39HmxZNLxJck2CNEn2JgtFyuu0QhSVyMJR9eWKuSuK5itC9ctxIa09OCwweEtDzDsBHj5idUhlQF%2FfcxJl6bIgul%2BmylbNU8jMeJxd30yfpk04N4Im2Igmu5hy%2FYvt202REYiZeuL1JGJlHt%2FGmlC6KbTFKUjdH4Ctd4IIy2VHi5iNWYc9w%2By6iY1YNFcuiV2jpFzqqtn2OvTyBRsJR%2Fwm%2BRcWq3AbKxj8BAKu2R1xL9XANvkVdmvKgRsjRJPxDV8waYDTirR5CHgtiAm5hpxHd4dEend1QMy1qLqo%2BlaR5rmaL6vl3%2BU4Np1UdYQfSq8EuXKg2PaibXqlgwf5jiRywj2YxFYvq%2Bquo7%2B5mVmVFbRKPeTOjdvB1EGAJJlQ1v48kxk%2FrV5d2wMF0izeqcYMmCEyBEXvL%2FYXmrQiIksU5EL6KnbhoC%2BCln8K6OAU3PL2%2FLhqWUlbkNQlDJPvpdjWt3C8zPBJXDMaka70lx5J%2BEfmRRVpbQ2%2B%2Fl7ksmEA6bCReQpNAAZNohgq%2BNSonQGAqd0oYRYNI%2BSmfRYCF9X99TwdVaH5VNTlg6WDNYTaqMQpiMMTNEul0j2kx012Emkk7DVTIBtDuDKyFFVRXju8m49XofrEveJcT2rt%2FOkQB0Wxxm82YSiKjCHKqTGzyt2x&e=mclics%2Fpseudo-search-pads-buybox%2B7708%2Cmclics%2Fsearch-list-ad-algorithm%2BDEFAULT%2Cmclics%2Fbuybox-layout%2B25349%2Cmclics%2Fmax-bid-capped%2B36382&rb=x,28.651,No disponible,Nuevo  |  +25 vendidos,(+20 disponibles),Nuevo  |  +25 vendidos,No disponible,#1433224982,2024-06-04 17:01:04,Alimentos y Bebidas,Almacén,Aceites y Vinagres,Aceites,nan
Aceite De Oliva Familia Zuccardi Arauco 500ml ,https://www.mercadolibre.com.ar/aceite-de-oliva-familia-zuccardi-arauco-500ml/p/MLA19735483?pdp_filters=category:MLA114008#searchVariation=MLA19735483&position=18&search_layout=stack&type=product&tracking_id=5ab34e17-31a4-4748-ba28-ef0ce79689a2,27.999,No disponible,Nuevo  |  +1000 vendidos,(+50 disponibles),Nuevo  |  +1000 vendidos,No disponible,#1315403312,2024-06-04 17:01:04,Alimentos y Bebidas,Almacén,Aceites y Vinagres,Aceites,nan
Aceite De Oliva Organico Laur Cruz De Piedra 500ml.,https://www.mercadolibre.com.ar/aceite-de-oliva-organico-laur-cruz-de-piedra-500ml/p/MLA19735462?pdp_filters=category:MLA114008#searchVariation=MLA19735462&position=14&search_layout=stack&type=product&tracking_id=5ab34e17-31a4-4748-ba28-ef0ce79689a2,16.166,No disponible,Nuevo  |  +1000 vendidos,(+50 disponibles),Nuevo  |  +1000 vendidos,No disponible,#1425628013,2024-06-04 17:01:04,Alimentos y Bebidas,Almacén,Aceites y Vinagres,Aceites,nan
Aceite De Oliva Zuelo Original Lata Extra Virgen Sin Tacc ,https://www.mercadolibre.com.ar/aceite-de-oliva-zuelo-original-lata-extra-virgen-sin-tacc/p/MLA19735503?pdp_filters=category:MLA114008#searchVariation=MLA19735503&position=8&search_layout=stack&type=product&tracking_id=5ab34e17-31a4-4748-ba28-ef0ce79689a2,20.999,No disponible,Nuevo  |  +1000 vendidos,(2 disponibles),Nuevo  |  +1000 vendidos,No disponible,#1411419417,2024-06-04 17:01:04,Alimentos y Bebidas,Almacén,Aceites y Vinagres,Aceites,nan
Aceite De Oliva Ex. Virgen Laur Alto En Polifenoles X 500cc,https://www.mercadolibre.com.ar/aceite-de-oliva-ex-virgen-laur-alto-en-polifenoles-x-500cc/p/MLA32625802?pdp_filters=category:MLA114008#searchVariation=MLA32625802&position=32&search_layout=stack&type=product&tracking_id=5ab34e17-31a4-4748-ba28-ef0ce79689a2,74.100,No disponible,Nuevo  |  +50 vendidos,(3 disponibles),Nuevo  |  +50 vendidos,No disponible,#1408941415,2024-06-04 17:01:04,Alimentos y Bebidas,Almacén,Aceites y Vinagres,Aceites,nan
Aceite De Oliva Terranova Extra Vírgen 5 Litros La Riojana,https://articulo.mercadolibre.com.ar/MLA-1443570718-aceite-de-oliva-terranova-extra-virgen-5-litros-la-riojana-_JM#position=38&search_layout=stack&type=item&tracking_id=5ab34e17-31a4-4748-ba28-ef0ce79689a2,109.250,No disponible,Nuevo  |  +100 vendidos,(+10 disponibles),Nuevo  |  +100 vendidos,No disponible,#1443570718,2024-06-04 17:01:04,Alimentos y Bebidas,Almacén,Aceites y Vinagres,Aceites,Aceite de Oliva
Aceite Oliva Virgen Extra Oliovita Gourmet Bib 3 L Sin Tacc,https://www.mercadolibre.com.ar/aceite-oliva-virgen-extra-oliovita-gourmet-bib-3-l-sin-tacc/p/MLA25214053?pdp_filters=category:MLA114008#searchVariation=MLA25214053&position=17&search_layout=stack&type=product&tracking_id=5ab34e17-31a4-4748-ba28-ef0ce79689a2,62.999,No disponible,Nuevo  |  +500 vendidos,(+10 disponibles),Nuevo  |  +500 vendidos,No disponible,#1464133522,2024-06-04 17:01:04,Alimentos y Bebidas,Almacén,Aceites y Vinagres,Aceites,nan
Aceite De Oliva Virgen  Laur Bag In Box 5lts X2und Zetta ,https://articulo.mercadolibre.com.ar/MLA-1135487973-aceite-de-oliva-virgen-laur-bag-in-box-5lts-x2und-zetta-_JM#position=39&search_layout=stack&type=item&tracking_id=5ab34e17-31a4-4748-ba28-ef0ce79689a2,202.720,No disponible,Nuevo  |  +100 vendidos,(+20 disponibles),Nuevo  |  +100 vendidos,No disponible,#1135487973,2024-06-04 17:01:04,Alimentos y Bebidas,Almacén,Aceites y Vinagres,Aceites,Aceite de Oliva
Aceite De Oliva Extra Virgen Areco (sin Tacc) X 2l,https://articulo.mercadolibre.com.ar/MLA-909355837-aceite-de-oliva-extra-virgen-areco-sin-tacc-x-2l-_JM#position=40&search_layout=stack&type=item&tracking_id=5ab34e17-31a4-4748-ba28-ef0ce79689a2,39.279,No disponible,Nuevo  |  +1000 vendidos,(5 disponibles),Nuevo  |  +1000 vendidos,No disponible,#909355837,2024-06-04 17:01:04,Alimentos y Bebidas,Almacén,Aceites y Vinagres,Aceites,Aceite de Oliva
Precio X 2 Aceite De Oliva Extra Virgen X 2l Bidon - Del Sol,https://articulo.mercadolibre.com.ar/MLA-1404798218-precio-x-2-aceite-de-oliva-extra-virgen-x-2l-bidon-del-sol-_JM#position=41&search_layout=stack&type=item&tracking_id=5ab34e17-31a4-4748-ba28-ef0ce79689a2,16.600,No disponible,Nuevo  |  +500 vendidos,(+50 disponibles),Nuevo  |  +500 vendidos,No disponible,#1404798218,2024-06-04 17:01:04,Alimentos y Bebidas,Almacén,Aceites y Vinagres,Aceites,Aceite de Oliva
Aceite Zuelo Orgánico de Oliva Extra Virgen 2 Litros Familia Zuccardi,https://www.mercadolibre.com.ar/aceite-zuelo-organico-de-oliva-extra-virgen-2-litros-familia-zuccardi/p/MLA20719525?pdp_filters=category:MLA114008#searchVariation=MLA20719525&position=11&search_layout=stack&type=product&tracking_id=5ab34e17-31a4-4748-ba28-ef0ce79689a2,52.087,No disponible,Nuevo  |  +500 vendidos,(+10 disponibles),Nuevo  |  +500 vendidos,No disponible,#1357630681,2024-06-04 17:01:04,Alimentos y Bebidas,Almacén,Aceites y Vinagres,Aceites,nan
Aceite de Oliva Extra Virgen  Orgánico Frutos del Norte de 500 mL,https://www.mercadolibre.com.ar/aceite-de-oliva-extra-virgen-organico-frutos-del-norte-de-500-ml/p/MLA21256756?pdp_filters=category:MLA114008#searchVariation=MLA21256756&position=15&search_layout=stack&type=product&tracking_id=5ab34e17-31a4-4748-ba28-ef0ce79689a2,12.554,No disponible,Nuevo  |  +1000 vendidos,No disponible,Nuevo  |  +1000 vendidos,No disponible,#1780417132,2024-06-04 17:01:04,Alimentos y Bebidas,Almacén,Aceites y Vinagres,Aceites,nan
Aceite Oliva Virgen Extra Oliovita Mediterráneo Pet 500ml,https://www.mercadolibre.com.ar/aceite-oliva-virgen-extra-oliovita-mediterraneo-pet-500ml/p/MLA19851328?pdp_filters=category:MLA114008#searchVariation=MLA19851328&position=20&search_layout=stack&type=product&tracking_id=5ab34e17-31a4-4748-ba28-ef0ce79689a2,8.599,No disponible,Nuevo  |  +1000 vendidos,(+20 disponibles),Nuevo  |  +1000 vendidos,No disponible,#1416162166,2024-06-04 17:01:04,Alimentos y Bebidas,Almacén,Aceites y Vinagres,Aceites,nan
Aceite de oliva 2l Olivares DG botella,https://www.mercadolibre.com.ar/aceite-de-oliva-2l-olivares-dg-botella/p/MLA26814845?pdp_filters=category:MLA114008#searchVariation=MLA26814845&position=21&search_layout=stack&type=product&tracking_id=5ab34e17-31a4-4748-ba28-ef0ce79689a2,7.179,No disponible,Nuevo  |  +500 vendidos,(+50 disponibles),Nuevo  |  +500 vendidos,No disponible,#1379053771,2024-06-04 17:01:04,Alimentos y Bebidas,Almacén,Aceites y Vinagres,Aceites,nan
Aceite Oliva Zuelo Seleccion Del Año Organico Extra Virgen,https://www.mercadolibre.com.ar/aceite-oliva-zuelo-seleccion-del-ano-organico-extra-virgen/p/MLA19698463?pdp_filters=category:MLA114008#searchVariation=MLA19698463&position=13&search_layout=stack&type=product&tracking_id=5ab34e17-31a4-4748-ba28-ef0ce79689a2,13.394,No disponible,Nuevo  |  +500 vendidos,(+50 disponibles),Nuevo  |  +500 vendidos,No disponible,#1579129132,2024-06-04 17:01:04,Alimentos y Bebidas,Almacén,Aceites y Vinagres,Aceites,nan
Aceite De Oliva Los Olivares Riojanos 3 Lts.,https://articulo.mercadolibre.com.ar/MLA-1197071917-aceite-de-oliva-los-olivares-riojanos-3-lts-_JM#position=42&search_layout=stack&type=item&tracking_id=5ab34e17-31a4-4748-ba28-ef0ce79689a2,13.999,No disponible,Nuevo  |  +100 vendidos,(+50 disponibles),Nuevo  |  +100 vendidos,No disponible,#1197071917,2024-06-04 17:01:04,Alimentos y Bebidas,Almacén,Aceites y Vinagres,Aceites,Aceite de Oliva
Aceite Oliva Extra Virgen 2litros 2lt Oleovares Del Sol,https://articulo.mercadolibre.com.ar/MLA-1405532203-aceite-oliva-extra-virgen-2litros-2lt-oleovares-del-sol-_JM#position=43&search_layout=stack&type=item&tracking_id=5ab34e17-31a4-4748-ba28-ef0ce79689a2,7.000,No disponible,Nuevo  |  +100 vendidos,(+50 disponibles),Nuevo  |  +100 vendidos,No disponible,#1405532203,2024-06-04 17:01:04,Alimentos y Bebidas,Almacén,Aceites y Vinagres,Aceites,Aceite Oliva
Lira Aceite De Oliva Extra Virgen Clásico En Lata 1l,https://www.mercadolibre.com.ar/lira-aceite-de-oliva-extra-virgen-clasico-en-lata-1l/p/MLA28544275?pdp_filters=category:MLA114008#searchVariation=MLA28544275&position=16&search_layout=stack&type=product&tracking_id=5ab34e17-31a4-4748-ba28-ef0ce79689a2,26.784,No disponible,Nuevo  |  +1000 vendidos,(+50 disponibles),Nuevo  |  +1000 vendidos,No disponible,#1584486220,2024-06-04 17:01:04,Alimentos y Bebidas,Almacén,Aceites y Vinagres,Aceites,nan
Aceite D.v Catena Blend De La Familia X 500cc,https://www.mercadolibre.com.ar/aceite-dv-catena-blend-de-la-familia-x-500cc/p/MLA35342418?pdp_filters=category:MLA114008#searchVariation=MLA35342418&position=19&search_layout=stack&type=product&tracking_id=5ab34e17-31a4-4748-ba28-ef0ce79689a2,14.860,No disponible,Nuevo  |  +100 vendidos,(+5 disponibles),Nuevo  |  +100 vendidos,No disponible,#1758714864,2024-06-04 17:01:04,Alimentos y Bebidas,Almacén,Aceites y Vinagres,Aceites,nan
Aceite De Oliva Zuelo Suave 500ml Extra Virgen Sin Tacc,https://www.mercadolibre.com.ar/aceite-de-oliva-zuelo-suave-500ml-extra-virgen-sin-tacc/p/MLA19851338?pdp_filters=category:MLA114008#searchVariation=MLA19851338&position=12&search_layout=stack&type=product&tracking_id=5ab34e17-31a4-4748-ba28-ef0ce79689a2,10.893,No disponible,Nuevo  |  +1000 vendidos,(+50 disponibles),Nuevo  |  +1000 vendidos,No disponible,#1360811419,2024-06-04 17:01:04,Alimentos y Bebidas,Almacén,Aceites y Vinagres,Aceites,nan
Aceite De Oliva Extra Virgen Organico Biolive X 500 Ml,https://www.mercadolibre.com.ar/aceite-de-oliva-extra-virgen-organico-biolive-x-500-ml/p/MLA20029087?pdp_filters=category:MLA114008#searchVariation=MLA20029087&position=26&search_layout=stack&type=product&tracking_id=5ab34e17-31a4-4748-ba28-ef0ce79689a2,14.180,No disponible,Nuevo  |  +1000 vendidos,(+50 disponibles),Nuevo  |  +1000 vendidos,No disponible,#1294199959,2024-06-04 17:01:04,Alimentos y Bebidas,Almacén,Aceites y Vinagres,Aceites,nan
Aceite de oliva virgen extra Cocinero botella 500 ml ,https://www.mercadolibre.com.ar/aceite-de-oliva-virgen-extra-cocinero-botella-500-ml/p/MLA16009985?pdp_filters=category:MLA114008#searchVariation=MLA16009985&position=24&search_layout=stack&type=product&tracking_id=5ab34e17-31a4-4748-ba28-ef0ce79689a2,12.999,No disponible,Nuevo  |  +1000 vendidos,(+50 disponibles),Nuevo  |  +1000 vendidos,No disponible,#1147089329,2024-06-04 17:01:04,Alimentos y Bebidas,Almacén,Aceites y Vinagres,Aceites,nan
Aceite De Oliva Laur Terroir Medrano Virgen Extra 500 Ml.,https://www.mercadolibre.com.ar/aceite-de-oliva-laur-terroir-medrano-virgen-extra-500-ml/p/MLA19767689?pdp_filters=category:MLA114008#searchVariation=MLA19767689&position=30&search_layout=stack&type=product&tracking_id=5ab34e17-31a4-4748-ba28-ef0ce79689a2,12.077,No disponible,Nuevo  |  +1000 vendidos,(+5 disponibles),Nuevo  |  +1000 vendidos,No disponible,#1422593455,2024-06-04 17:01:04,Alimentos y Bebidas,Almacén,Aceites y Vinagres,Aceites,nan
Las Perdices Cortijo El Olivar Aceite De Oliva Caja X6 Uni,https://articulo.mercadolibre.com.ar/MLA-858777675-las-perdices-cortijo-el-olivar-aceite-de-oliva-caja-x6-uni-_JM#position=44&search_layout=stack&type=item&tracking_id=5ab34e17-31a4-4748-ba28-ef0ce79689a2,77.999,No disponible,Nuevo  |  +100 vendidos,(+10 disponibles),Nuevo  |  +100 vendidos,No disponible,#858777675,2024-06-04 17:01:04,Alimentos y Bebidas,Almacén,Aceites y Vinagres,Aceites,Aceite de Oliva
Aceite De Oliva Extra Virgen Colavita 500 Ml.,https://www.mercadolibre.com.ar/aceite-de-oliva-extra-virgen-colavita-500-ml/p/MLA22045877?pdp_filters=category:MLA114008#searchVariation=MLA22045877&position=27&search_layout=stack&type=product&tracking_id=5ab34e17-31a4-4748-ba28-ef0ce79689a2,16.799,No disponible,Nuevo  |  +100 vendidos,(+5 disponibles),Nuevo  |  +100 vendidos,No disponible,#1425958009,2024-06-04 17:01:04,Alimentos y Bebidas,Almacén,Aceites y Vinagres,Aceites,nan
Aceite De Oliva Extra Virgen Intenso Sin Tacc X 2l Viridian,https://www.mercadolibre.com.ar/aceite-de-oliva-extra-virgen-intenso-sin-tacc-x-2l-viridian/p/MLA22912585?pdp_filters=category:MLA114008#searchVariation=MLA22912585&position=22&search_layout=stack&type=product&tracking_id=5ab34e17-31a4-4748-ba28-ef0ce79689a2,32.829,No disponible,Nuevo  |  +500 vendidos,(+10 disponibles),Nuevo  |  +500 vendidos,No disponible,#1669693748,2024-06-04 17:01:04,Alimentos y Bebidas,Almacén,Aceites y Vinagres,Aceites,nan
Aceite De Oliva Extra Vírgen 5lt La Riojana Alta Gama,https://articulo.mercadolibre.com.ar/MLA-1443572034-aceite-de-oliva-extra-virgen-5lt-la-riojana-alta-gama-_JM#position=45&search_layout=stack&type=item&tracking_id=5ab34e17-31a4-4748-ba28-ef0ce79689a2,120.650,No disponible,Nuevo  |  +100 vendidos,(+20 disponibles),Nuevo  |  +100 vendidos,No disponible,#1443572034,2024-06-04 17:01:04,Alimentos y Bebidas,Almacén,Aceites y Vinagres,Aceites,Aceite de Oliva
Aceite De Oliva Extra Virgen Laur 500 Ml,https://articulo.mercadolibre.com.ar/MLA-1169300124-aceite-de-oliva-extra-virgen-laur-500-ml-_JM#position=46&search_layout=stack&type=item&tracking_id=5ab34e17-31a4-4748-ba28-ef0ce79689a2,15.360,No disponible,Nuevo  |  +1000 vendidos,(+20 disponibles),Nuevo  |  +1000 vendidos,No disponible,#1169300124,2024-06-04 17:01:04,Alimentos y Bebidas,Almacén,Aceites y Vinagres,Aceites,Aceite de Oliva
Aceite De Oliva Extra Virgen Primer Prensado En Frio X 6,https://articulo.mercadolibre.com.ar/MLA-898926506-aceite-de-oliva-extra-virgen-primer-prensado-en-frio-x-6-_JM#position=47&search_layout=stack&type=item&tracking_id=5ab34e17-31a4-4748-ba28-ef0ce79689a2,84.000,No disponible,Nuevo  |  +1000 vendidos,(4 disponibles),Nuevo  |  +1000 vendidos,No disponible,#898926506,2024-06-04 17:01:04,Alimentos y Bebidas,Almacén,Aceites y Vinagres,Aceites,Aceite de Oliva
Aceite De Oliva Lira Extra Virgen Botella X 500 Ml,https://www.mercadolibre.com.ar/aceite-de-oliva-lira-extra-virgen-botella-x-500-ml/p/MLA19859831?pdp_filters=category:MLA114008#searchVariation=MLA19859831&position=28&search_layout=stack&type=product&tracking_id=5ab34e17-31a4-4748-ba28-ef0ce79689a2,14.299,No disponible,Nuevo  |  +1000 vendidos,(+20 disponibles),Nuevo  |  +1000 vendidos,No disponible,#1262147135,2024-06-04 17:01:04,Alimentos y Bebidas,Almacén,Aceites y Vinagres,Aceites,nan
Aceite blend girasol y oliva Natura botellasin TACC 500 ml ,https://www.mercadolibre.com.ar/aceite-blend-girasol-y-oliva-natura-botellasin-tacc-500-ml/p/MLA16010043?pdp_filters=category:MLA114008#searchVariation=MLA16010043&position=25&search_layout=stack&type=product&tracking_id=5ab34e17-31a4-4748-ba28-ef0ce79689a2,3.105,No disponible,Nuevo  |  +100 vendidos,(2 disponibles),Nuevo  |  +100 vendidos,No disponible,#1699404578,2024-06-04 17:01:04,Alimentos y Bebidas,Almacén,Aceites y Vinagres,Aceites,nan
Aceite De Oliva Virgen Pet Morixe X 500ml,https://www.mercadolibre.com.ar/aceite-de-oliva-virgen-pet-morixe-x-500ml/p/MLA21034059?pdp_filters=category:MLA114008#searchVariation=MLA21034059&position=23&search_layout=stack&type=product&tracking_id=5ab34e17-31a4-4748-ba28-ef0ce79689a2,15.899,No disponible,Nuevo  |  +100 vendidos,(+50 disponibles),Nuevo  |  +100 vendidos,No disponible,#1305269960,2024-06-04 17:01:04,Alimentos y Bebidas,Almacén,Aceites y Vinagres,Aceites,nan
Aceite De Oliva Organico Extra Virgen Frutos Del Norte 2 L,https://www.mercadolibre.com.ar/aceite-de-oliva-organico-extra-virgen-frutos-del-norte-2-l/p/MLA28163515?pdp_filters=category:MLA114008#searchVariation=MLA28163515&position=29&search_layout=stack&type=product&tracking_id=5ab34e17-31a4-4748-ba28-ef0ce79689a2,49.840,No disponible,Nuevo  |  +100 vendidos,(+20 disponibles),Nuevo  |  +100 vendidos,No disponible,#1397871389,2024-06-04 17:01:04,Alimentos y Bebidas,Almacén,Aceites y Vinagres,Aceites,nan
Aceite D.v Catena Blend Robusto X 500cc,https://www.mercadolibre.com.ar/aceite-dv-catena-blend-robusto-x-500cc/p/MLA35346526?pdp_filters=category:MLA114008#searchVariation=MLA35346526&position=31&search_layout=stack&type=product&tracking_id=5ab34e17-31a4-4748-ba28-ef0ce79689a2,14.860,No disponible,Nuevo  |  +50 vendidos,(+10 disponibles),Nuevo  |  +50 vendidos,No disponible,#1758753744,2024-06-04 17:01:04,Alimentos y Bebidas,Almacén,Aceites y Vinagres,Aceites,nan
Aceite De Oliva Extra Virgen Laur 1 Litro Envase Vidrio ,https://articulo.mercadolibre.com.ar/MLA-1383756842-aceite-de-oliva-extra-virgen-laur-1-litro-envase-vidrio-_JM#position=48&search_layout=stack&type=item&tracking_id=5ab34e17-31a4-4748-ba28-ef0ce79689a2,22.831,No disponible,Nuevo  |  +100 vendidos,(+50 disponibles),Nuevo  |  +100 vendidos,No disponible,#1383756842,2024-06-04 17:01:04,Alimentos y Bebidas,Almacén,Aceites y Vinagres,Aceites,Aceite de Oliva
Bidon Aceite De Oliva Secretos De Familia Pet 3lts ,https://articulo.mercadolibre.com.ar/MLA-919274354-bidon-aceite-de-oliva-secretos-de-familia-pet-3lts-_JM#position=49&search_layout=stack&type=item&tracking_id=5ab34e17-31a4-4748-ba28-ef0ce79689a2,32.588,No disponible,Nuevo  |  +50 vendidos,(2 disponibles),Nuevo  |  +50 vendidos,No disponible,#919274354,2024-06-04 17:01:04,Alimentos y Bebidas,Almacén,Aceites y Vinagres,Aceites,Aceite de Oliva
Aceite De Oliva Extra Virgen  3 Botellas X 2lts  Intenso!,https://articulo.mercadolibre.com.ar/MLA-1167219797-aceite-de-oliva-extra-virgen-3-botellas-x-2lts-intenso-_JM#position=50&search_layout=stack&type=item&tracking_id=5ab34e17-31a4-4748-ba28-ef0ce79689a2,56.900,No disponible,Nuevo  |  +50 vendidos,(+50 disponibles),Nuevo  |  +50 vendidos,No disponible,#1167219797,2024-06-04 17:01:04,Alimentos y Bebidas,Almacén,Aceites y Vinagres,Aceites,Aceite de Oliva
Aceite Oliva Extra Intenso X500ml Green Olive,https://www.mercadolibre.com.ar/aceite-oliva-extra-intenso-x500ml-green-olive/p/MLA28392197?pdp_filters=category:MLA114008#searchVariation=MLA28392197&position=33&search_layout=stack&type=product&tracking_id=5ab34e17-31a4-4748-ba28-ef0ce79689a2,2.220,No disponible,Nuevo  |  +100 vendidos,(+20 disponibles),Nuevo  |  +100 vendidos,No disponible,#1714262264,2024-06-04 17:01:04,Alimentos y Bebidas,Almacén,Aceites y Vinagres,Aceites,nan
Aceite De Oliva Extra Virgen Gabutti X 5 Litros,https://www.mercadolibre.com.ar/aceite-de-oliva-extra-virgen-gabutti-x-5-litros/p/MLA21256752?pdp_filters=category:MLA114008#searchVariation=MLA21256752&position=35&search_layout=stack&type=product&tracking_id=5ab34e17-31a4-4748-ba28-ef0ce79689a2,91.910,No disponible,Nuevo  |  +1000 vendidos,(+10 disponibles),Nuevo  |  +1000 vendidos,No disponible,#1337928652,2024-06-04 17:01:04,Alimentos y Bebidas,Almacén,Aceites y Vinagres,Aceites,nan
Aceite De Oliva 2 X 2l De La Rioja + 3 Especias Ayurvedicas,https://articulo.mercadolibre.com.ar/MLA-1404368667-aceite-de-oliva-2-x-2l-de-la-rioja-3-especias-ayurvedicas-_JM#position=51&search_layout=stack&type=item&tracking_id=5ab34e17-31a4-4748-ba28-ef0ce79689a2,30.999,No disponible,Nuevo  |  +100 vendidos,(+50 disponibles),Nuevo  |  +100 vendidos,No disponible,#1404368667,2024-06-04 17:01:04,Alimentos y Bebidas,Almacén,Aceites y Vinagres,Aceites,Aceite de Oliva
Zuelo aceite de oliva Intenso 2000ml en caja,https://www.mercadolibre.com.ar/zuelo-aceite-de-oliva-intenso-2000ml-en-caja/p/MLA19735456?pdp_filters=category:MLA114008#searchVariation=MLA19735456&position=34&search_layout=stack&type=product&tracking_id=5ab34e17-31a4-4748-ba28-ef0ce79689a2,46.000,No disponible,Nuevo  |  +5mil vendidos,(+5 disponibles),Nuevo  |  +5mil vendidos,No disponible,#1224476762,2024-06-04 17:01:04,Alimentos y Bebidas,Almacén,Aceites y Vinagres,Aceites,nan
Aceite De Oliva Extra Virgen 3 Unid X500ml Pet - Oiiloleo,https://articulo.mercadolibre.com.ar/MLA-1659884058-aceite-de-oliva-extra-virgen-3-unid-x500ml-pet-oiiloleo-_JM#position=52&search_layout=stack&type=item&tracking_id=5ab34e17-31a4-4748-ba28-ef0ce79689a2,10.900,No disponible,Nuevo  |  +25 vendidos,No disponible,Nuevo  |  +25 vendidos,No disponible,#1659884058,2024-06-04 17:01:04,Alimentos y Bebidas,Almacén,Aceites y Vinagres,Aceites,Aceite de Oliva
Combo Laur Calamaro 1 Aceite Extra Virgen + 1 Aceto Premium,https://www.mercadolibre.com.ar/combo-laur-calamaro-1-aceite-extra-virgen-1-aceto-premium/p/MLA24750835?pdp_filters=category:MLA114008#searchVariation=MLA24750835&position=36&search_layout=stack&type=product&tracking_id=5ab34e17-31a4-4748-ba28-ef0ce79689a2,17.379,No disponible,Nuevo  |  +100 vendidos,(+50 disponibles),Nuevo  |  +100 vendidos,No disponible,#1456537074,2024-06-04 17:01:04,Alimentos y Bebidas,Almacén,Aceites y Vinagres,Aceites,nan
Aceite De Oliva Lopez Virgen Extra Lata 1 Lt,https://articulo.mercadolibre.com.ar/MLA-1417750241-aceite-de-oliva-lopez-virgen-extra-lata-1-lt-_JM#position=53&search_layout=stack&type=item&tracking_id=5ab34e17-31a4-4748-ba28-ef0ce79689a2,26.519,No disponible,Nuevo  |  +50 vendidos,(+20 disponibles),Nuevo  |  +50 vendidos,No disponible,#1417750241,2024-06-04 17:01:04,Alimentos y Bebidas,Almacén,Aceites y Vinagres,Aceites,Aceite de Oliva
Aceite Oliva Virgen Extra Oliovita Clásico Vidrio 250ml,https://articulo.mercadolibre.com.ar/MLA-926590715-aceite-oliva-virgen-extra-oliovita-clasico-vidrio-250ml-_JM#position=54&search_layout=stack&type=item&tracking_id=5ab34e17-31a4-4748-ba28-ef0ce79689a2,7.200,No disponible,Nuevo  |  +100 vendidos,(+20 disponibles),Nuevo  |  +100 vendidos,No disponible,#926590715,2024-06-04 17:01:04,Alimentos y Bebidas,Almacén,Aceites y Vinagres,Aceites,nan
Aceite De Oliva Laur Virgen Extra Clásico Bag In Box 5 L,https://articulo.mercadolibre.com.ar/MLA-1401004122-aceite-de-oliva-laur-virgen-extra-clasico-bag-in-box-5-l-_JM#position=55&search_layout=stack&type=item&tracking_id=5ab34e17-31a4-4748-ba28-ef0ce79689a2,103.999,No disponible,Nuevo  |  +50 vendidos,(+10 disponibles),Nuevo  |  +50 vendidos,No disponible,#1401004122,2024-06-04 17:01:04,Alimentos y Bebidas,Almacén,Aceites y Vinagres,Aceites,nan
