Titulo,Enlace,Precios,Vendedor,Detalles,Cantidad,Estado,Oferta,Publicacion,Fecha_Ejecucion,Familia1,Familia2,Familia3,Familia4
Arroz Oro Parboil Gallo X1 Kg,https://www.mercadolibre.com.ar/arroz-oro-parboil-gallo-x1-kg/p/MLA20018406?pdp_filters=category:MLA1423#searchVariation=MLA20018406&position=1&search_layout=stack&type=product&tracking_id=132bd1e0-7b41-4cd4-bdc1-c3e2a6df215c,3.238,TAP GROCERY,Nuevo  |  +10mil vendidos,(+50 disponibles),Nuevo  |  +10mil vendidos,OFERTA DEL DÍA,#1283572282,2024-05-20 17:33:56,Alimentos y Bebidas,Almacén,"Arroz, Legumbres y Semillas",Arroz
Arroz Basmati X 1 Kg.,https://www.mercadolibre.com.ar/arroz-basmati-x-1-kg/p/MLA21851144?pdp_filters=category:MLA1423#searchVariation=MLA21851144&position=2&search_layout=stack&type=product&tracking_id=132bd1e0-7b41-4cd4-bdc1-c3e2a6df215c,12.644,POSITANO DISTRIBUIDORA,Nuevo  |  +1000 vendidos,(+20 disponibles),Nuevo  |  +1000 vendidos,No disponible,#1362427971,2024-05-20 17:33:56,Alimentos y Bebidas,Almacén,"Arroz, Legumbres y Semillas",Arroz
Arroz Oro Parboil Gallo bolsa X 500gr,https://www.mercadolibre.com.ar/arroz-oro-parboil-gallo-bolsa-x-500gr/p/MLA19957490?pdp_filters=category:MLA1423#searchVariation=MLA19957490&position=3&search_layout=stack&type=product&tracking_id=132bd1e0-7b41-4cd4-bdc1-c3e2a6df215c,1.679,TAP GROCERY,Nuevo  |  +10mil vendidos,(+50 disponibles),Nuevo  |  +10mil vendidos,No disponible,#1543916066,2024-05-20 17:33:56,Alimentos y Bebidas,Almacén,"Arroz, Legumbres y Semillas",Arroz
Fideos penne rigate Matarazzo sin tacc libre de gluten 500g,https://www.mercadolibre.com.ar/fideos-penne-rigate-matarazzo-sin-tacc-libre-de-gluten-500g/p/MLA20882391?pdp_filters=category:MLA1423#searchVariation=MLA20882391&position=5&search_layout=stack&type=product&tracking_id=132bd1e0-7b41-4cd4-bdc1-c3e2a6df215c,1.796,TAP GROCERY,Nuevo  |  +10mil vendidos,(+50 disponibles),Nuevo  |  +10mil vendidos,No disponible,#1292498434,2024-05-20 17:33:56,Alimentos y Bebidas,Almacén,Pastas,nan
Arroz Parboil Dos Hermanos 1kg No Se Pega Libre de Gluten - Sin Tacc,https://www.mercadolibre.com.ar/arroz-parboil-dos-hermanos-1kg-no-se-pega-libre-de-gluten-sin-tacc/p/MLA19936763?pdp_filters=category:MLA1423#searchVariation=MLA19936763&position=6&search_layout=stack&type=product&tracking_id=132bd1e0-7b41-4cd4-bdc1-c3e2a6df215c,3.599,CAPSULANDIA,Nuevo  |  +5mil vendidos,(+50 disponibles),Nuevo  |  +5mil vendidos,No disponible,#1411360722,2024-05-20 17:33:56,Alimentos y Bebidas,Almacén,"Arroz, Legumbres y Semillas",Arroz
Arroz Gallo Yamani Integral X 500 Gr,https://www.mercadolibre.com.ar/arroz-gallo-yamani-integral-x-500-gr/p/MLA19957483?pdp_filters=category:MLA1423#searchVariation=MLA19957483&position=11&search_layout=stack&type=product&tracking_id=132bd1e0-7b41-4cd4-bdc1-c3e2a6df215c,2.220,TAP GROCERY,Nuevo  |  +1000 vendidos,(+50 disponibles),Nuevo  |  +1000 vendidos,OFERTA DEL DÍA,#1280827857,2024-05-20 17:33:56,Alimentos y Bebidas,Almacén,"Arroz, Legumbres y Semillas",Arroz
Fideos Spaghetti libre de gluten sin tacc Matarazzo 500g,https://www.mercadolibre.com.ar/fideos-spaghetti-libre-de-gluten-sin-tacc-matarazzo-500g/p/MLA20949980?pdp_filters=category:MLA1423#searchVariation=MLA20949980&position=15&search_layout=stack&type=product&tracking_id=132bd1e0-7b41-4cd4-bdc1-c3e2a6df215c,1.633,ECOMODICO,Nuevo  |  +10mil vendidos,(+50 disponibles),Nuevo  |  +10mil vendidos,No disponible,#1591960492,2024-05-20 17:33:56,Alimentos y Bebidas,Almacén,Pastas,nan
Arroz Lucchetti Largo Fino Bolsa X 1kg,https://www.mercadolibre.com.ar/arroz-lucchetti-largo-fino-bolsa-x-1kg/p/MLA28574104?pdp_filters=category:MLA1423#searchVariation=MLA28574104&position=4&search_layout=stack&type=product&tracking_id=132bd1e0-7b41-4cd4-bdc1-c3e2a6df215c,2.703,ECOMODICO,Nuevo  |  +5mil vendidos,(+50 disponibles),Nuevo  |  +5mil vendidos,No disponible,#1584395114,2024-05-20 17:33:56,Alimentos y Bebidas,Almacén,"Arroz, Legumbres y Semillas",Arroz
Combo Mole - Arroz Y Risottos - Pack Completo,https://click1.mercadolibre.com.ar/mclics/clicks/external/MLA/count?a=o%2F1teHXmU8tiokp41qn%2FrzjeFOtd%2BabN1HGGmyrbLIbThB0VHCUj9ShStPNSrf5C1gnirpeDasbNOA1fgd%2BBGGmYeSQlhA4NWGhwEcCXY3b36VUCWhOx1rZ8Td7W1GqN3MWKCHVExPExoLYMCnaB9EPTZEzRXV3O9nDQH%2FWlhZrujPvdldidkvxyb3TPL8P97fH3EWIRexd74BCUgu3L74bE7%2FCwtrlfNgv6OYqrEeI3xpW6715QnMn%2BJC5Bg1XgAdn4yrghwQHwHd3Ptraf0%2FvQ3zkJ7%2Bz%2FaQadfZtNQnj7ZMD15tJ4Xa3bLDfCXycWhpkSXxyUMT6E6F7VY3oEHN97at8SLpsv7reJLX0q03RcP0FfHY8GX4YQn%2FjGQXV2DNlOoIYor32PMVyZB88gTqZv%2BB99qN9%2FMgcvbZM%2BsjldQV33SsD3RItz7bS18FM87Au20u2csCQNj5b8Ie0T0bRrCBBI0U%2B1CKYxr8XW%2F%2B02xeNcoy52hs9f4Eyrtob4A2esddLZZTrP0GF6NNwHYDI8ybuh8ZtgGkkyFuexB4CKc%2BaQTm6Z1IYYr0Er1D3VFX529uZYA6Z8hBkfS%2Ffiqsl8aKKLHWCyprSj2%2FJwi5h5ooABTLmBME6jwxrxKYti5dlel3PgV%2FWg3tcCBThDyKB6CWFNtIvcEF5xzeLgJtzX4Xo2aNhTuZla%2BZpewdb7EiTW&e=mclics%2Fpseudo-search-pads-buybox%2B7708%2Cmclics%2Fsearch-list-ad-algorithm%2BDEFAULT%2Cmclics%2Fbuybox-layout%2B25349%2Cmclics%2Fmax-bid-capped%2B36382&rb=x,13.900,EMPRESABUBU,Nuevo  |  4 vendidos,(+20 disponibles),Nuevo  |  4 vendidos,No disponible,#1683142224,2024-05-20 17:33:56,Alimentos y Bebidas,Almacén,"Arroz, Legumbres y Semillas",Arroz
Arroz Moneda Largo Fino 00000 X1 Kg X 5 Un,https://click1.mercadolibre.com.ar/mclics/clicks/external/MLA/count?a=czBn5oX5hA9y%2BHoiLx4hsgWQZbnz3Oe6c7lvzQN62QZKkdTkYou4pJvoA0JN%2FY71QPxtYr0%2FwNGjqmnG3ombzjLS5IDHQemj5ZHMIeE16W8P%2FqGRgEuzfKQ4VZnh2ZWpXZqWGBp3q5rKZn4PWpMS%2Fw4J17LSFiuEsXkm8WuHzUU1Xm78Dac55ySmguik%2F5UEUDzp6I8P6fW7%2BaBCzBs81iQL5H2dzeD7zGt4%2BF9wdYBATHSkukCqnc%2FqnR8%2Fk5il9wnb4tskD6mmBrF9pPhwHXVJYiJIZ19kQT0DsVEt4o%2B4yFZFBLYa6Scd43ER%2BIDhsSNGiUF92h%2FdLgPIwJuCmw6CIqxsMwal3YlCXaXIm%2Bz99ejYJyvYCoefuPcsCLPRSiSV%2F4Flmd%2FMHiLo92wqDO%2BUmgHtMawt1KVf14T7hFeZcnS7nHqXoKg6lqXF1IKDLDQ7oC0DDNNSwvWtZpvq%2Fad5wmSzJ2saLPey1brLWMUXDmIYi%2FHMBdRAKm0vNAYWr2FJ%2BvpyEsWe21HmF4daJ1d8nohQ7SPC2I4QArQKApmWdgcU8lSYFvHXFepH%2Bpl8UAf2pVHjyVrb3vdO%2FRR%2FwtaFRaBpmc%2Fs11Pj%2FKY44d9buggTZW2ynMObuPLDo2FgNiy1lbrhykFuv8HiQ0kl%2FqRi2iHx9mwEuHeiY0Gr3ZLcCbW4CljpRdNOYigGuE%2B%2F%2Fm7NdbvB3A%3D%3D&e=mclics%2Fpseudo-search-pads-buybox%2B7708%2Cmclics%2Fsearch-list-ad-algorithm%2BDEFAULT%2Cmclics%2Fbuybox-layout%2B25349%2Cmclics%2Fmax-bid-capped%2B36382&rb=x,10.993,BELGROUP,Nuevo  |  +25 vendidos,(+5 disponibles),Nuevo  |  +25 vendidos,No disponible,#1665936610,2024-05-20 17:33:56,Alimentos y Bebidas,Almacén,"Arroz, Legumbres y Semillas",Arroz
Oferta! Arroz Denaro Premium X 500g Largo Fino Tipo 0000 ,https://articulo.mercadolibre.com.ar/MLA-1570864232-oferta-arroz-denaro-premium-x-500g-largo-fino-tipo-0000-_JM#position=45&search_layout=stack&type=item&tracking_id=132bd1e0-7b41-4cd4-bdc1-c3e2a6df215c,1.249,CAPSULANDIA,Nuevo  |  +1000 vendidos,(+50 disponibles),Nuevo  |  +1000 vendidos,OFERTA DEL DÍA,#1570864232,2024-05-20 17:33:56,Alimentos y Bebidas,Almacén,"Arroz, Legumbres y Semillas",Arroz
Harina De Arroz  Dicomere 1kg,https://www.mercadolibre.com.ar/harina-de-arroz-dicomere-1kg/p/MLA20719722?pdp_filters=category:MLA1423#searchVariation=MLA20719722&position=13&search_layout=stack&type=product&tracking_id=132bd1e0-7b41-4cd4-bdc1-c3e2a6df215c,2.748,GREENANDML,Nuevo  |  +1000 vendidos,(+50 disponibles),Nuevo  |  +1000 vendidos,No disponible,#1302133241,2024-05-20 17:33:56,Alimentos y Bebidas,Almacén,Harina,nan
Arroz Lucchetti Largo Fino Bolsa X 500g,https://www.mercadolibre.com.ar/arroz-lucchetti-largo-fino-bolsa-x-500g/p/MLA29117560?pdp_filters=category:MLA1423#searchVariation=MLA29117560&position=16&search_layout=stack&type=product&tracking_id=132bd1e0-7b41-4cd4-bdc1-c3e2a6df215c,1.612,TAP GROCERY,Nuevo  |  +1000 vendidos,(+50 disponibles),Nuevo  |  +1000 vendidos,No disponible,#1400184491,2024-05-20 17:33:56,Alimentos y Bebidas,Almacén,"Arroz, Legumbres y Semillas",Arroz
Arroz Largo Fino Grano Selecto Molinos Ala Paquete 1 Kilo,https://articulo.mercadolibre.com.ar/MLA-1376425507-arroz-largo-fino-grano-selecto-molinos-ala-paquete-1-kilo-_JM#position=46&search_layout=stack&type=item&tracking_id=132bd1e0-7b41-4cd4-bdc1-c3e2a6df215c,2.720,ARTICULOS MOHE,Nuevo  |  +1000 vendidos,(+50 disponibles),Nuevo  |  +1000 vendidos,No disponible,#1376425507,2024-05-20 17:33:56,Alimentos y Bebidas,Almacén,"Arroz, Legumbres y Semillas",Arroz
Tostadas de Arroz Molinos Del Bosque Clasicas sabor original sin TACC 150 g,https://www.mercadolibre.com.ar/tostadas-de-arroz-molinos-del-bosque-clasicas-sabor-original-sin-tacc-150g/p/MLA16176351?pdp_filters=category:MLA1423#searchVariation=MLA16176351&position=7&search_layout=stack&type=product&tracking_id=132bd1e0-7b41-4cd4-bdc1-c3e2a6df215c,1.799,CAPSULANDIA,Nuevo  |  +10mil vendidos,(+50 disponibles),Nuevo  |  +10mil vendidos,No disponible,#1151534762,2024-05-20 17:33:56,Alimentos y Bebidas,Almacén,Galletitas,nan
Oferta! Arroz Denaro Premium X 1kg Largo Fino Tipo 0000 ,https://articulo.mercadolibre.com.ar/MLA-1155368624-oferta-arroz-denaro-premium-x-1kg-largo-fino-tipo-0000-_JM#position=47&search_layout=stack&type=item&tracking_id=132bd1e0-7b41-4cd4-bdc1-c3e2a6df215c,2.399,CAPSULANDIA,Nuevo  |  +5mil vendidos,(+50 disponibles),Nuevo  |  +5mil vendidos,OFERTA DEL DÍA,#1155368624,2024-05-20 17:33:56,Alimentos y Bebidas,Almacén,"Arroz, Legumbres y Semillas",Arroz
Oferta! Arroz Gallo Doble Carolina Premium 500g Sin Tacc,https://articulo.mercadolibre.com.ar/MLA-1572276444-oferta-arroz-gallo-doble-carolina-premium-500g-sin-tacc-_JM#position=48&search_layout=stack&type=item&tracking_id=132bd1e0-7b41-4cd4-bdc1-c3e2a6df215c,2.999,CAPSULANDIA,Nuevo  |  +1000 vendidos,(+50 disponibles),Nuevo  |  +1000 vendidos,No disponible,#1572276444,2024-05-20 17:33:56,Alimentos y Bebidas,Almacén,"Arroz, Legumbres y Semillas",Arroz
Fideos Sin Tacc De Arroz Tradicional Soyarroz X 300 Gr.,https://www.mercadolibre.com.ar/fideos-sin-tacc-de-arroz-tradicional-soyarroz-x-300-gr/p/MLA21807572?pdp_filters=category:MLA1423#searchVariation=MLA21807572&position=14&search_layout=stack&type=product&tracking_id=132bd1e0-7b41-4cd4-bdc1-c3e2a6df215c,2.280,PURAVIDA STORE,Nuevo  |  +5mil vendidos,(+50 disponibles),Nuevo  |  +5mil vendidos,No disponible,#1372544783,2024-05-20 17:33:56,Alimentos y Bebidas,Almacén,Pastas,nan
Arroz Fortuna Doble Carolina X 5 Kilos,https://click1.mercadolibre.com.ar/mclics/clicks/external/MLA/count?a=uE%2BtD%2B%2F4n778nOsXVk%2BupnoFGEOGNq4eX5Q64b3Bzkdfc76X189xSosG0i0ZAPSWDgsvY1C9HnD5RW1RosT279dZ3Y20a0egGq48QlkTd%2BW8Tnp5UDeEaiVlr3PMOLqE1nZkaV9TJ%2BgR7mFavlF4W3MtGDB3NRGhjMnzROPbD%2FbibmfQlg7Q6pAjMr42zR3IcR3RJNXzka%2BGDSYMZEjuFYn0SgiYozZpOnF362XRXxoNJBSdnVRNLTEXZ1nJozyzKc5UrFiRwvTiyVTufprPEv3LLLUJm804nRjDqeb2bbqCuT06n0LeO4SjhW%2BENeVAmthm4R%2FOIRq6S82VzAg4je00vZU9cN3jMlH1T2B9Zr3kybhPokyYQXzVHRZK%2FwnMhsmOlWT8mnbZFsuuI8WCUwTBhcEZFp3Yoss5g5iZpzC6t7raVNngZ70Ah%2Fq0dTraavL7eoT8HpWQxV2nOl8tYqVZKuaE4CjV9tGSFa6vIdTap16SWbp4V4m%2BnY8YYixxEkmipEHKVjlvsImBxBK1J9Y9mRB7213d8xLcsqeJdHHkbuO5Wwo5YN54XmOEf8JenCvrM5TpYkMvQwz3pSvsLX0bE%2Bd%2BXlx89Ocjaguwsa7VLy%2BSClHzsuPsCS7YGXpUQUX8PELNL7COmkJ%2FFvQVrILftEXA08WqLX18d9y8BS%2FHj7f0yd2xGduf1VMsCqeJPA%3D%3D&e=mclics%2Fpseudo-search-pads-buybox%2B7708%2Cmclics%2Fsearch-list-ad-algorithm%2BDEFAULT%2Cmclics%2Fbuybox-layout%2B25349%2Cmclics%2Fmax-bid-capped%2B36382&rb=x,16.053,POSITIVA,Nuevo  |  +100 vendidos,(+50 disponibles),Nuevo  |  +100 vendidos,No disponible,#921368621,2024-05-20 17:33:56,Alimentos y Bebidas,Almacén,"Arroz, Legumbres y Semillas",Arroz
Kit Para Sushi Principiantes Con Algas Yaki Nori Y Arroz,https://click1.mercadolibre.com.ar/mclics/clicks/external/MLA/count?a=R9SIADCz8qMKE8RzWm3WfuQh8UcF5FzFq113%2BhCPrSlM1ceoyIKJM%2BuvQuMd5%2BUDpp2UdeTPsoZ1TlalYRrA%2BWByxR%2BYmTQzO6xcoKKlt9MeJrVtYrn%2FxuXsZzpYK0nlIZJMb8NL%2Fp5T4TfCB3qhham3mRZxYb1rcgbStHZtK%2BkA4LtcY3xSMAinmIakDhNQfjpvV5g2vk3pyCRf5jWoj687waCDMv8dcE8jrmFjkexmcHgeBp4TAiMTjnmywzLyF3ZmZVYvYle57gtIYxrtvVZM7K0TT3JCReGHTPwUPdrBzz3rwDDMozyv1f0cr1MBO9jqKeBaC7MtwHBzPvPC0ZP7SyqGyv5GxqHuZHZUM%2FvPTLR7utOWeb%2FxvyPbceVyJpnYmh6TSHIwigObXqvuTPoA6cKbadrl4u9YV3UVlHQywQAVpw5t5zxvvL8caSsJWEbJ%2BgV3NHtPalcq4l3ev1lqG%2BLLDnNYWDR44qLqDAx%2FC1m01B%2FxBBFZzntvWpEbDs1LRKoEXK5PybiYo%2FKI7a8%2Bpev8yfjDq6FkQ5i3Hd8yfEXsV8OWzPTkjfX4sOBU6uCp6ORsAKF0cfIKKkQhCuv%2FLlnlH5cazqHJKSaSdv2NV%2BlSs6XcivcDDyIZkRYV2MH3IwASBNAKDDLwplqML8MYhVGIRaaysHOl0JrQYp9Muucas1iKVQMZvL2gET%2B7T1Y02HgbEMeGmpT2q8yPiqLL&e=mclics%2Fpseudo-search-pads-buybox%2B7708%2Cmclics%2Fsearch-list-ad-algorithm%2BDEFAULT%2Cmclics%2Fbuybox-layout%2B25349%2Cmclics%2Fmax-bid-capped%2B36382&rb=x,23.087,NEWGARDEN,Nuevo  |  +100 vendidos,(2 disponibles),Nuevo  |  +100 vendidos,No disponible,#933109720,2024-05-20 17:33:56,Alimentos y Bebidas,Almacén,"Arroz, Legumbres y Semillas",Arroz
Arroz Yamani Dos Hermanos Integral Sin Tacc Libre Gluten,https://www.mercadolibre.com.ar/arroz-yamani-dos-hermanos-integral-sin-tacc-libre-gluten/p/MLA21734649?pdp_filters=category:MLA1423#searchVariation=MLA21734649&position=17&search_layout=stack&type=product&tracking_id=132bd1e0-7b41-4cd4-bdc1-c3e2a6df215c,3.166,CAPSULANDIA,Nuevo  |  +100 vendidos,(4 disponibles),Nuevo  |  +100 vendidos,No disponible,#1360792434,2024-05-20 17:33:56,Alimentos y Bebidas,Almacén,"Arroz, Legumbres y Semillas",Arroz
Arroz Gallo Preparado Mix De Vegetales por 240g,https://www.mercadolibre.com.ar/arroz-gallo-preparado-mix-de-vegetales-por-240g/p/MLA19975777?pdp_filters=category:MLA1423#searchVariation=MLA19975777&position=8&search_layout=stack&type=product&tracking_id=132bd1e0-7b41-4cd4-bdc1-c3e2a6df215c,2.151,ECOMODICO,Nuevo  |  +5mil vendidos,(+5 disponibles),Nuevo  |  +5mil vendidos,No disponible,#1420777703,2024-05-20 17:33:56,Alimentos y Bebidas,Almacén,"Arroz, Legumbres y Semillas",Arroz
Fideos tirabuzón Matarazzo sin tacc 500g,https://www.mercadolibre.com.ar/fideos-tirabuzon-matarazzo-sin-tacc-500g/p/MLA20882393?pdp_filters=category:MLA1423#searchVariation=MLA20882393&position=33&search_layout=stack&type=product&tracking_id=132bd1e0-7b41-4cd4-bdc1-c3e2a6df215c,2.263,TAP GROCERY,Nuevo  |  +1000 vendidos,(+50 disponibles),Nuevo  |  +1000 vendidos,OFERTA DEL DÍA,#1292439628,2024-05-20 17:33:56,Alimentos y Bebidas,Almacén,Pastas,nan
Arroz Integral Molto Largo Fino 500g Libre Gluten Sin Taac,https://www.mercadolibre.com.ar/arroz-integral-molto-largo-fino-500g-libre-gluten-sin-taac/p/MLA20018511?pdp_filters=category:MLA1423#searchVariation=MLA20018511&position=22&search_layout=stack&type=product&tracking_id=132bd1e0-7b41-4cd4-bdc1-c3e2a6df215c,1.539,ARTICULOS MOHE,Nuevo  |  +1000 vendidos,(+10 disponibles),Nuevo  |  +1000 vendidos,No disponible,#1384151191,2024-05-20 17:33:56,Alimentos y Bebidas,Almacén,"Arroz, Legumbres y Semillas",Arroz
Arroz Para Sushi Valle Imperial 1 Kilo Argentina !,https://www.mercadolibre.com.ar/arroz-para-sushi-valle-imperial-1-kilo-argentina-/p/MLA20960123?pdp_filters=category:MLA1423#searchVariation=MLA20960123&position=12&search_layout=stack&type=product&tracking_id=132bd1e0-7b41-4cd4-bdc1-c3e2a6df215c,6.077,UMAMI BA,Nuevo  |  +1000 vendidos,(3 disponibles),Nuevo  |  +1000 vendidos,No disponible,#1513032316,2024-05-20 17:33:56,Alimentos y Bebidas,Almacén,"Arroz, Legumbres y Semillas",Arroz
Arrocitas 3 Cereales galletas de arroz integral grano entero,https://www.mercadolibre.com.ar/arrocitas-3-cereales-galletas-de-arroz-integral-grano-entero/p/MLA21237442?pdp_filters=category:MLA1423#searchVariation=MLA21237442&position=24&search_layout=stack&type=product&tracking_id=132bd1e0-7b41-4cd4-bdc1-c3e2a6df215c,1.499,CAPSULANDIA,Nuevo  |  +1000 vendidos,(+50 disponibles),Nuevo  |  +1000 vendidos,No disponible,#1318175903,2024-05-20 17:33:56,Alimentos y Bebidas,Almacén,Galletitas,nan
Arroz Integral Gallo 500gr No Se Pasa Ni Se Pega,https://www.mercadolibre.com.ar/arroz-integral-gallo-500gr-no-se-pasa-ni-se-pega/p/MLA29593924?pdp_filters=category:MLA1423#searchVariation=MLA29593924&position=21&search_layout=stack&type=product&tracking_id=132bd1e0-7b41-4cd4-bdc1-c3e2a6df215c,2.199,CAPSULANDIA,Nuevo  |  +500 vendidos,(+10 disponibles),Nuevo  |  +500 vendidos,No disponible,#1424088933,2024-05-20 17:33:56,Alimentos y Bebidas,Almacén,"Arroz, Legumbres y Semillas",Arroz
Arroz 53 Grano Largo Fino 0000 X 500 Gr,https://www.mercadolibre.com.ar/arroz-53-grano-largo-fino-0000-x-500-gr/p/MLA29541513?pdp_filters=category:MLA1423#searchVariation=MLA29541513&position=23&search_layout=stack&type=product&tracking_id=132bd1e0-7b41-4cd4-bdc1-c3e2a6df215c,1.140,ARTICULOS MOHE,Nuevo  |  +100 vendidos,(+10 disponibles),Nuevo  |  +100 vendidos,No disponible,#1635376774,2024-05-20 17:33:56,Alimentos y Bebidas,Almacén,"Arroz, Legumbres y Semillas",Arroz
Fideos De Arroz Con Morrón Soyarroz Sin Gluten | Vegano 300g,https://www.mercadolibre.com.ar/fideos-de-arroz-con-morron-soyarroz-sin-gluten-vegano-300g/p/MLA21622661?pdp_filters=category:MLA1423#searchVariation=MLA21622661&position=18&search_layout=stack&type=product&tracking_id=132bd1e0-7b41-4cd4-bdc1-c3e2a6df215c,2.280,PURAVIDA STORE,Nuevo  |  +1000 vendidos,(+50 disponibles),Nuevo  |  +1000 vendidos,No disponible,#1381239664,2024-05-20 17:33:56,Alimentos y Bebidas,Almacén,Pastas,nan
Lucchetti Arroz Parboil X 1kg,https://www.mercadolibre.com.ar/lucchetti-arroz-parboil-x-1kg/p/MLA28611164?pdp_filters=category:MLA1423#searchVariation=MLA28611164&position=29&search_layout=stack&type=product&tracking_id=132bd1e0-7b41-4cd4-bdc1-c3e2a6df215c,3.461,MATIASHERNANL,Nuevo  |  +500 vendidos,(+50 disponibles),Nuevo  |  +500 vendidos,No disponible,#1421736925,2024-05-20 17:33:56,Alimentos y Bebidas,Almacén,"Arroz, Legumbres y Semillas",Arroz
Arroz Preparado Sabor Queso Gallo X 240 Gr,https://www.mercadolibre.com.ar/arroz-preparado-sabor-queso-gallo-x-240-gr/p/MLA20018413?pdp_filters=category:MLA1423#searchVariation=MLA20018413&position=26&search_layout=stack&type=product&tracking_id=132bd1e0-7b41-4cd4-bdc1-c3e2a6df215c,2.185,TAP GROCERY,Nuevo  |  +5mil vendidos,(+50 disponibles),Nuevo  |  +5mil vendidos,No disponible,#1280808483,2024-05-20 17:33:56,Alimentos y Bebidas,Almacén,"Arroz, Legumbres y Semillas",Arroz
Arroz Parboil Gallo Oro 1kg No Se Pasa Ni Se Pega,https://www.mercadolibre.com.ar/arroz-parboil-gallo-oro-1kg-no-se-pasa-ni-se-pega/p/MLA24863896?pdp_filters=category:MLA1423#searchVariation=MLA24863896&position=28&search_layout=stack&type=product&tracking_id=132bd1e0-7b41-4cd4-bdc1-c3e2a6df215c,3.130,ECOMODICO,Nuevo  |  +1000 vendidos,(+5 disponibles),Nuevo  |  +1000 vendidos,No disponible,#1420700251,2024-05-20 17:33:56,Alimentos y Bebidas,Almacén,"Arroz, Legumbres y Semillas",Arroz
Arroz Preparado Verdeo Gallo X240 Gr,https://www.mercadolibre.com.ar/arroz-preparado-verdeo-gallo-x240-gr/p/MLA20018418?pdp_filters=category:MLA1423#searchVariation=MLA20018418&position=25&search_layout=stack&type=product&tracking_id=132bd1e0-7b41-4cd4-bdc1-c3e2a6df215c,1.974,TAP GROCERY,Nuevo  |  +1000 vendidos,(+50 disponibles),Nuevo  |  +1000 vendidos,No disponible,#1280923604,2024-05-20 17:33:56,Alimentos y Bebidas,Almacén,"Arroz, Legumbres y Semillas",Arroz
Donación: Arroz Parboil Don Marcos . Amigos En La Calle,https://articulo.mercadolibre.com.ar/MLA-913465295-donacion-arroz-parboil-don-marcos-amigos-en-la-calle-_JM#position=49&search_layout=stack&type=item&tracking_id=132bd1e0-7b41-4cd4-bdc1-c3e2a6df215c,1.500,LENTEI,Nuevo  |  +1000 vendidos,(+50 disponibles),Nuevo  |  +1000 vendidos,No disponible,#913465295,2024-05-20 17:33:56,Alimentos y Bebidas,Almacén,"Arroz, Legumbres y Semillas",Arroz
Oblea De Arroz Choconuss Gallo Nougat Pack X 24 Sin Tacc,https://www.mercadolibre.com.ar/oblea-de-arroz-choconuss-gallo-nougat-pack-x-24-sin-tacc/p/MLA22864045?pdp_filters=category:MLA1423#searchVariation=MLA22864045&position=30&search_layout=stack&type=product&tracking_id=132bd1e0-7b41-4cd4-bdc1-c3e2a6df215c,14.110,OPEN25HS ,Nuevo  |  +100 vendidos,(+10 disponibles),Nuevo  |  +100 vendidos,No disponible,#1645501382,2024-05-20 17:33:56,Alimentos y Bebidas,Almacén,Dulces y Chocolates,Golosinas
Fideos Arroz Tradicional Fino Soyarroz Sin Gluten | Vegan,https://articulo.mercadolibre.com.ar/MLA-916570031-fideos-arroz-tradicional-fino-soyarroz-sin-gluten-vegan-_JM#position=50&search_layout=stack&type=item&tracking_id=132bd1e0-7b41-4cd4-bdc1-c3e2a6df215c,2.280,PURAVIDA STORE,Nuevo  |  +5mil vendidos,(+50 disponibles),Nuevo  |  +5mil vendidos,No disponible,#916570031,2024-05-20 17:33:56,Alimentos y Bebidas,Almacén,Pastas,nan
Arroz para sushi tipo koshihikari El Peoncito 500g,https://www.mercadolibre.com.ar/arroz-para-sushi-tipo-koshihikari-el-peoncito-500g/p/MLA21029562?pdp_filters=category:MLA1423#searchVariation=MLA21029562&position=31&search_layout=stack&type=product&tracking_id=132bd1e0-7b41-4cd4-bdc1-c3e2a6df215c,2.044,01MERCADO,Nuevo  |  +500 vendidos,(3 disponibles),Nuevo  |  +500 vendidos,No disponible,#1300784370,2024-05-20 17:33:56,Alimentos y Bebidas,Almacén,"Arroz, Legumbres y Semillas",Arroz
 Yin Yang arroz integral orgánico 500g,https://www.mercadolibre.com.ar/yin-yang-arroz-integral-organico-500g/p/MLA19943138?pdp_filters=category:MLA1423#searchVariation=MLA19943138&position=27&search_layout=stack&type=product&tracking_id=132bd1e0-7b41-4cd4-bdc1-c3e2a6df215c,1.930,PLANTMARKET,Nuevo  |  +5mil vendidos,(+50 disponibles),Nuevo  |  +5mil vendidos,No disponible,#1425917679,2024-05-20 17:33:56,Alimentos y Bebidas,Almacén,"Arroz, Legumbres y Semillas",Arroz
 Hojas De Papel De Arroz 22 Cm. De Diametro 500 GrAsia Oriental,https://www.mercadolibre.com.ar/hojas-de-papel-de-arroz-22-cm-de-diametro-500-grasia-oriental/p/MLA35371388?pdp_filters=category:MLA1423#searchVariation=MLA35371388&position=37&search_layout=stack&type=product&tracking_id=132bd1e0-7b41-4cd4-bdc1-c3e2a6df215c,8.605,ASIA ORIENTAL,Nuevo  |  +500 vendidos,(4 disponibles),Nuevo  |  +500 vendidos,No disponible,#1731965986,2024-05-20 17:33:56,Alimentos y Bebidas,Almacén,Repostería y Pastelería,Papel Arroz
Arroz Parboil Dos Hermanos 500g No Se Pega - Libre de Gluten - Sin Tacc,https://www.mercadolibre.com.ar/arroz-parboil-dos-hermanos-500g-no-se-pega-libre-de-gluten-sin-tacc/p/MLA19957489?pdp_filters=category:MLA1423#searchVariation=MLA19957489&position=39&search_layout=stack&type=product&tracking_id=132bd1e0-7b41-4cd4-bdc1-c3e2a6df215c,1.874,CAPSULANDIA,Nuevo  |  +1000 vendidos,(+50 disponibles),Nuevo  |  +1000 vendidos,No disponible,#1404554031,2024-05-20 17:33:56,Alimentos y Bebidas,Almacén,"Arroz, Legumbres y Semillas",Arroz
Tostada Molinos Del Bosque Tostadas de Arroz  dulces sin TACC sin sal 150 g,https://www.mercadolibre.com.ar/tostada-molinos-del-bosque-tostadas-de-arroz-dulces-sin-tacc-sin-sal-150g/p/MLA16176261?pdp_filters=category:MLA1423#searchVariation=MLA16176261&position=32&search_layout=stack&type=product&tracking_id=132bd1e0-7b41-4cd4-bdc1-c3e2a6df215c,1.379,CAPSULANDIA,Nuevo  |  +1000 vendidos,(+50 disponibles),Nuevo  |  +1000 vendidos,No disponible,#1138320752,2024-05-20 17:33:56,Alimentos y Bebidas,Almacén,Galletitas,nan
Arroz María Largo Fino X 500 G,https://www.mercadolibre.com.ar/arroz-maria-largo-fino-x-500-g/p/MLA23131219?pdp_filters=category:MLA1423#searchVariation=MLA23131219&position=34&search_layout=stack&type=product&tracking_id=132bd1e0-7b41-4cd4-bdc1-c3e2a6df215c,1.499,CAPSULANDIA,Nuevo  |  +1000 vendidos,(+50 disponibles),Nuevo  |  +1000 vendidos,No disponible,#1674653212,2024-05-20 17:33:56,Alimentos y Bebidas,Almacén,"Arroz, Legumbres y Semillas",Arroz
Arroz Yamani Integral Organico X 500g | Sin Tacc | Yin Yang,https://www.mercadolibre.com.ar/arroz-yamani-integral-organico-x-500g-sin-tacc-yin-yang/p/MLA22033208?pdp_filters=category:MLA1423#searchVariation=MLA22033208&position=36&search_layout=stack&type=product&tracking_id=132bd1e0-7b41-4cd4-bdc1-c3e2a6df215c,2.192,POSITIVA,Nuevo  |  +1000 vendidos,(+50 disponibles),Nuevo  |  +1000 vendidos,No disponible,#1365418740,2024-05-20 17:33:56,Alimentos y Bebidas,Almacén,"Arroz, Legumbres y Semillas",Arroz
Fideos Fusilli Con Kale Wakas X 250 Gr,https://www.mercadolibre.com.ar/fideos-fusilli-con-kale-wakas-x-250-gr/p/MLA20021519?pdp_filters=category:MLA1423#searchVariation=MLA20021519&position=35&search_layout=stack&type=product&tracking_id=132bd1e0-7b41-4cd4-bdc1-c3e2a6df215c,2.315,GREENANDML,Nuevo  |  +1000 vendidos,(+10 disponibles),Nuevo  |  +1000 vendidos,No disponible,#1361063752,2024-05-20 17:33:56,Alimentos y Bebidas,Almacén,Pastas,nan
Risotto Napolitano Molé - 100% Vegetal - X 200gr,https://www.mercadolibre.com.ar/risotto-napolitano-mole-100-vegetal-x-200gr/p/MLA29377977?pdp_filters=category:MLA1423#searchVariation=MLA29377977&position=40&search_layout=stack&type=product&tracking_id=132bd1e0-7b41-4cd4-bdc1-c3e2a6df215c,2.022,TAP GROCERY,Nuevo  |  +500 vendidos,(+10 disponibles),Nuevo  |  +500 vendidos,No disponible,#1618253210,2024-05-20 17:33:56,Alimentos y Bebidas,Almacén,"Arroz, Legumbres y Semillas",Arroz
Arroz El Dique Largo Fino 1 Kilo,https://articulo.mercadolibre.com.ar/MLA-1616596794-arroz-el-dique-largo-fino-1-kilo-_JM#position=51&search_layout=stack&type=item&tracking_id=132bd1e0-7b41-4cd4-bdc1-c3e2a6df215c,2.362,ARTICULOS MOHE,Nuevo  |  +500 vendidos,(+20 disponibles),Nuevo  |  +500 vendidos,No disponible,#1616596794,2024-05-20 17:33:56,Alimentos y Bebidas,Almacén,"Arroz, Legumbres y Semillas",Arroz
Fideos De Arroz Con Espinaca - Soy Arroz - 300 Grs. Sin Tacc,https://www.mercadolibre.com.ar/fideos-de-arroz-con-espinaca-soy-arroz-300-grs-sin-tacc/p/MLA28465751?pdp_filters=category:MLA1423#searchVariation=MLA28465751&position=38&search_layout=stack&type=product&tracking_id=132bd1e0-7b41-4cd4-bdc1-c3e2a6df215c,2.280,PURAVIDA STORE,Nuevo  |  +1000 vendidos,(+50 disponibles),Nuevo  |  +1000 vendidos,No disponible,#1398641765,2024-05-20 17:33:56,Alimentos y Bebidas,Almacén,Pastas,nan
Arroz Negro X 1kg - Envíos A Todo El Pais.,https://articulo.mercadolibre.com.ar/MLA-842526087-arroz-negro-x-1kg-envios-a-todo-el-pais-_JM#position=52&search_layout=stack&type=item&tracking_id=132bd1e0-7b41-4cd4-bdc1-c3e2a6df215c,6.352,TIENDA-EL PORTUGUÉS,Nuevo  |  +1000 vendidos,(5 disponibles),Nuevo  |  +1000 vendidos,No disponible,#842526087,2024-05-20 17:33:56,Alimentos y Bebidas,Almacén,"Arroz, Legumbres y Semillas",Arroz
! Arroz Gallo Risotto Pronto 4 Quesos 15 Min Sin Tacc,https://www.mercadolibre.com.ar/-arroz-gallo-risotto-pronto-4-quesos-15-min-sin-tacc/p/MLA29638655?pdp_filters=category:MLA1423#searchVariation=MLA29638655&position=41&search_layout=stack&type=product&tracking_id=132bd1e0-7b41-4cd4-bdc1-c3e2a6df215c,2.428,ECOMODICO,Nuevo  |  +100 vendidos,(2 disponibles),Nuevo  |  +100 vendidos,No disponible,#1420725887,2024-05-20 17:33:56,Alimentos y Bebidas,Almacén,"Arroz, Legumbres y Semillas",Arroz
Arroz Yamani Integral X 1kg - Envios A Todo El Pais,https://articulo.mercadolibre.com.ar/MLA-820985793-arroz-yamani-integral-x-1kg-envios-a-todo-el-pais-_JM#position=53&search_layout=stack&type=item&tracking_id=132bd1e0-7b41-4cd4-bdc1-c3e2a6df215c,3.310,TIENDA-EL PORTUGUÉS,Nuevo  |  +5mil vendidos,(+50 disponibles),Nuevo  |  +5mil vendidos,No disponible,#820985793,2024-05-20 17:33:56,Alimentos y Bebidas,Almacén,Cereales y Barras,Cereales
Arroz Yamani X 1kg | Sin Tacc | Yin Yang,https://www.mercadolibre.com.ar/arroz-yamani-x-1kg-sin-tacc-yin-yang/p/MLA21233195?pdp_filters=category:MLA1423#searchVariation=MLA21233195&position=42&search_layout=stack&type=product&tracking_id=132bd1e0-7b41-4cd4-bdc1-c3e2a6df215c,4.232,POSITIVA,Nuevo  |  +1000 vendidos,(+50 disponibles),Nuevo  |  +1000 vendidos,No disponible,#1346625346,2024-05-20 17:33:56,Alimentos y Bebidas,Almacén,"Arroz, Legumbres y Semillas",Arroz
Arroz Fortuna Bolsa 5 Kg - Ideal Sushi Mayorista 30 Kg,https://www.mercadolibre.com.ar/arroz-fortuna-bolsa-5-kg-ideal-sushi-mayorista-30-kg/p/MLA21861322?pdp_filters=category:MLA1423#searchVariation=MLA21861322&position=43&search_layout=stack&type=product&tracking_id=132bd1e0-7b41-4cd4-bdc1-c3e2a6df215c,14.189,IMPORTADORANACCATO,Nuevo  |  +500 vendidos,(+50 disponibles),Nuevo  |  +500 vendidos,No disponible,#1452338010,2024-05-20 17:33:56,Alimentos y Bebidas,Almacén,"Arroz, Legumbres y Semillas",Arroz
Papel De Arroz Marca Star Lion X 300 Grs Sin Gluten,https://articulo.mercadolibre.com.ar/MLA-906815262-papel-de-arroz-marca-star-lion-x-300-grs-sin-gluten-_JM#position=54&search_layout=stack&type=item&tracking_id=132bd1e0-7b41-4cd4-bdc1-c3e2a6df215c,10.198,POSITANO DISTRIBUIDORA,Nuevo  |  +500 vendidos,No disponible,Nuevo  |  +500 vendidos,No disponible,#906815262,2024-05-20 17:33:56,Alimentos y Bebidas,Almacén,Repostería y Pastelería,Papel Arroz
Arroz Carnaroli Gallo Bolsa X 5 Kg,https://www.mercadolibre.com.ar/arroz-carnaroli-gallo-bolsa-x-5-kg/p/MLA21851147?pdp_filters=category:MLA1423#searchVariation=MLA21851147&position=44&search_layout=stack&type=product&tracking_id=132bd1e0-7b41-4cd4-bdc1-c3e2a6df215c,16.999,KIGUSTOREARG,Nuevo  |  +1000 vendidos,(+20 disponibles),Nuevo  |  +1000 vendidos,No disponible,#1672495578,2024-05-20 17:33:56,Alimentos y Bebidas,Almacén,"Arroz, Legumbres y Semillas",Arroz
Arroz Fumeiga Negro 30 Kg - Ideal Para Sushi,https://click1.mercadolibre.com.ar/mclics/clicks/external/MLA/count?a=jj%2F0qvEqvC9zff3xJNdxdYP7K7qxp9M0Ue%2BAfsMc5WnAvZ75PI5Ca6VzKvgxmIRcQSisVCSZ1QJ4amx%2BE2cwV1NYA628mC26SSyxfQFFbtuw5KFnOPtPThd%2BD3POUG8ZSxgKzTykaB%2F3Tdk9eZAalVuy85uR2sORqxqUdhjgZOtLowTIiXOeU7xKs9i1zt5rdV7dKEInhNohpZkuEBpUleeI%2F9jbz25Z8HeOvRyAdUJOFcfjOB3O1kERB20Fq3QQXCZtGEJJZFY1L5TDrE6mfulY%2FgtrvveOfKN6n3Tz2mYImhEqvnYuEGpAuAUOaiM2UisH%2FPCyl7fzmliGCkSem0q15aS4RF4%2Fhwq%2Blhd4uK84bd%2FpFqpnmLwD0IJsmOhMzy6qdT7LoaOT10j%2BEZrMw8%2FZk4ZQqLIUd%2BFsQPbS1IvD%2FThg8v5Msm8FY5ooQV97q3mQUfSgsmynFdJ1TPy3%2BHopKht9MdEab1XgHdAdMQL%2BKGcWY9kZPo7LM6y4GNoXrnCcAvpD2cewlmIVBb0OooNABPbmt8DVpOcowCdX7BNaOzlIbP7wcNi%2BZ%2FKv5asYDjG5iTQGzAeTiOccjGt43vg%2FASFNyV2PbKLTkCSljDE4z8GV8iJT6Nkjqzhmx7XoDq9Sdch8ULpntqgRf0qLJXLxn4B7p%2FeDHOwxUX6s3sQL3%2BZyeGSKqR5JMhftDuT5eSw9yz43&e=mclics%2Fpseudo-search-pads-buybox%2B7708%2Cmclics%2Fsearch-list-ad-algorithm%2BDEFAULT%2Cmclics%2Fbuybox-layout%2B25349%2Cmclics%2Fmax-bid-capped%2B36382&rb=x,89.325,ASIA ORIENTAL,Nuevo  |  +100 vendidos,(5 disponibles),Nuevo  |  +100 vendidos,No disponible,#886344018,2024-05-20 17:35:27,Alimentos y Bebidas,Almacén,"Arroz, Legumbres y Semillas",Arroz
Arroz Para Sushi Fortuna Doble Carolina 5 Kg,https://click1.mercadolibre.com.ar/mclics/clicks/external/MLA/count?a=hxjsk8ekwSVqgtyvz6NwILVRvN3O3hInfEECEEJMpNQqsOf4%2B2PempSPgiU5H%2BLbGN3AAJqYGEOLpQYTxVQgsKVbaBn%2Bz%2Ft%2BNC44VAnfL%2FVVjF5DvscS3493lbrULGlfNiBMb6lEJDo%2BW9Aw3JU9bNbPDGOrVCtqpadKOUY4AS6dKCvgKMKO%2BXJvwrAb5diEaeMb16c0s7N6WtzBWnknKyYIvymiTB76vzp%2BiqzBpamCTINIRU%2BKZV4ofa9XkzD2YN9TjigZZ%2BJRoq%2FScFQsk1sMrEpg1zi8VChCoZl5E%2FTyFzwBlKboW9EivCp6ALMb9tImubZJjXPdJP772crqG3dZFzStO3pKMkKsBAdly1NwzYAKJe1eyskiDTTbC0vapFM506p6EOuwC5MD5peBUGWankHVgqlv0%2F52gXgTV%2FVieXCjjXi5JTATbxj2Kz02Oo5k7NjfFjcyVoy%2Bl7OFvRiTzoqzF0xL%2BL1wsKi5z5I0c3GbzA0FMSZl2rCq%2BKITz9%2FplaueBV0yUfrABVyWIxDlj4eL5Ff0tK6AJ65RI2a3uM4%2FwbWEsLsLHe79CobZkd5sbqRn6k2LCDRRTVPcdYcW0R%2B2z97b8RdWRKmmUtK9t4x58eb5MTPywGvGHU%2B3l1AN6KVMTURFMSIg9BytTFIrkxVFLfjeopTe5YMeNjiJzasXjeYe3FM30Weq%2BXE%2B7OGHRhxTiqtupg%3D%3D&e=mclics%2Fpseudo-search-pads-buybox%2B7708%2Cmclics%2Fsearch-list-ad-algorithm%2BDEFAULT%2Cmclics%2Fbuybox-layout%2B25349%2Cmclics%2Fmax-bid-capped%2B36382&rb=x,29.237,ASIA ORIENTAL,Nuevo  |  +50 vendidos,(2 disponibles),Nuevo  |  +50 vendidos,No disponible,#1506994084,2024-05-20 17:35:27,Alimentos y Bebidas,Almacén,"Arroz, Legumbres y Semillas",Arroz
Arroz Basmati Ultimate 5 Kg Pakistan,https://click1.mercadolibre.com.ar/mclics/clicks/external/MLA/count?a=WSpNdfjoeQB5buvT26M4dU5r7h7oq%2BC7YlrSGinVTnpQUv0%2FlMSvmN2SJPGUQR9gkzo%2BRyUcSsF3dBy5Cs3H9mVm0ZdY9EeYdtHfRha1JeT2xHD5kFpqlaMuL%2BB2dFr1mfGOgYCG%2B6Lcqi7w5JcsRu9KbgrGmZLnE5VGfIyNGH5dSYPhvjfgJntD84enwxQD%2F%2BDA89sS7Az7gO9zj50jnhJgN5lJL5UL3cKgxf8Y3sjMfzHyVbr3I0wXvwRz5VgPdc2MmTCKFyfTvIdD%2F%2BzAH9v%2F9yB5e52OaL9MOuUBl8FBM%2BEdAqmd%2FEAfrwrmqgJife5a%2BEYyyJl5ehISDE0EhuS8VqUNJQHN91O7pk6O6Z68ta7UUtu2YnUilZmMWB06%2BAOnSjcnGOWCdl3m0sfDiwHikLx9%2FrWmti2WLokEdvOsO9VaaQRAd5FgKkcpBC8dHi1D21hBmrcR0OIVDlSZ7HpdhMA3fX1QUUuQsaUtnK7Fup8dARvStfDUa5Al1WflXEteDlFiuTMYRB0A4Wqo4Wx8mIDOy%2F21jsS70ReL1BfL5QvD97vw0KkBnkUxJ7LI0eNO7Lw4qlEHNQ8EJHq6dsI5ijuC5lGAl7cuS1cC%2FOTzTx1kTDsqOD3Qu8M3BemGMXQ%2FUVmkcrkckKF9geTl8wUg%2BiGYUg%2FEKlTTB8j826zBRHZLmvF%2B6KhK2mcCP5ow&e=mclics%2Fpseudo-search-pads-buybox%2B7708%2Cmclics%2Fsearch-list-ad-algorithm%2BDEFAULT%2Cmclics%2Fbuybox-layout%2B25349%2Cmclics%2Fmax-bid-capped%2B36382&rb=x,40.226,NEWGARDEN,Nuevo  |  +5 vendidos,(+5 disponibles),Nuevo  |  +5 vendidos,No disponible,#1711414518,2024-05-20 17:35:27,Alimentos y Bebidas,Almacén,"Arroz, Legumbres y Semillas",Arroz
Arroz Basmati India Crown Sin Tacc X 5 Kg Origen India,https://www.mercadolibre.com.ar/arroz-basmati-india-crown-sin-tacc-x-5-kg-origen-india/p/MLA20960122?pdp_filters=category:MLA1423#searchVariation=MLA20960122&position=5&search_layout=stack&type=product&tracking_id=0910f309-ad26-4102-a40f-6bec26553b69,50.767,IMPORTADORANACCATO,Nuevo  |  +500 vendidos,(2 disponibles),Nuevo  |  +500 vendidos,No disponible,#1405783010,2024-05-20 17:35:27,Alimentos y Bebidas,Almacén,"Arroz, Legumbres y Semillas",Arroz
Aceite De Oliva Extra Virgen Sin Tacc X 2l -viridian Clásico,https://www.mercadolibre.com.ar/aceite-de-oliva-extra-virgen-sin-tacc-x-2l-viridian-clasico/p/MLA21235235?pdp_filters=category:MLA1423#searchVariation=MLA21235235&position=6&search_layout=stack&type=product&tracking_id=0910f309-ad26-4102-a40f-6bec26553b69,32.980,TIENDA-EL PORTUGUÉS,Nuevo  |  +500 vendidos,(3 disponibles),Nuevo  |  +500 vendidos,No disponible,#1549274714,2024-05-20 17:35:27,Alimentos y Bebidas,Almacén,Aceites y Vinagres,Aceites
! Arroz Gallo Risotto Pronto Española 15 Min Sin Tacc,https://www.mercadolibre.com.ar/-arroz-gallo-risotto-pronto-espanola-15-min-sin-tacc/p/MLA29556647?pdp_filters=category:MLA1423#searchVariation=MLA29556647&position=7&search_layout=stack&type=product&tracking_id=0910f309-ad26-4102-a40f-6bec26553b69,3.220,AEH MALL,Nuevo  |  +25 vendidos,(+20 disponibles),Nuevo  |  +25 vendidos,No disponible,#1414147873,2024-05-20 17:35:27,Alimentos y Bebidas,Almacén,"Arroz, Legumbres y Semillas",Arroz
Dos Hermanos Arroz Doble Carolina X 1 Kg,https://www.mercadolibre.com.ar/dos-hermanos-arroz-doble-carolina-x-1-kg/p/MLA19936767?pdp_filters=category:MLA1423#searchVariation=MLA19936767&position=8&search_layout=stack&type=product&tracking_id=0910f309-ad26-4102-a40f-6bec26553b69,3.999,CAPSULANDIA,Nuevo  |  +1000 vendidos,(+50 disponibles),Nuevo  |  +1000 vendidos,No disponible,#1392569079,2024-05-20 17:35:27,Alimentos y Bebidas,Almacén,"Arroz, Legumbres y Semillas",Arroz
Miso Bitarwan 400 Gr - 100 % Fermentación Natural,https://www.mercadolibre.com.ar/miso-bitarwan-400-gr-100-fermentacion-natural/p/MLA21832871?pdp_filters=category:MLA1423#searchVariation=MLA21832871&position=11&search_layout=stack&type=product&tracking_id=0910f309-ad26-4102-a40f-6bec26553b69,4.765,NEWGARDEN,Nuevo  |  +1000 vendidos,(+10 disponibles),Nuevo  |  +1000 vendidos,No disponible,#1362357992,2024-05-20 17:35:27,Alimentos y Bebidas,Almacén,Salsas y Condimentos,Salsas y Aderezos
Combo Mole - Arroz Y Risottos - Pack Completo,https://click1.mercadolibre.com.ar/mclics/clicks/external/MLA/count?a=V0wPEjdm28qK8AeBRsevKmstjR8NqS9xTyC183HbOBn3MJv9Y742Q2KfQ58gSSdTzKjgjQqPRarY10Ky6V7hLydqwC1exAdWg%2BMjV3b5QFfSiRWYv6%2BxC8POEGNdeie3qZQ9laqS7GGrcxgMnfTXcJ8vGaDdCD6r7EolHqeTUgA6QQWSwUICa75U%2FTz450wucVNHpPOFH30gi%2BatrHoCp9LEQl71zzhE3d0rOeAwDEhJaHWikyD89Ni45%2FN5q93Rvdk%2FGlq4Pv5xfBSKm%2BesC3nHiCTJZT3u%2FqKdORP7hbFL3%2BXAg%2BsWmrmaFJZAS3syUfqystEEK1k7ATXhtdCKbaoiKv5v0otBr%2FtS9y2yGy%2FEyKU%2FIwozADwH6V2SP7kzW0kPBEWSTs5y5I1ojMmSLD47MhJi%2B0f61OUzAbz2vOLHZi1GMR8UZ2tkzeYJ%2F12JzEOscgOFmtk1%2BBtYiiGvPG0LPrH6f%2FF3OHCWDqrnfN1dCKz9eRDi0lIthvgDXswhCaDyLdAGufGW%2FTG6HmLd%2BdAqsEqi%2FaWsb7RfYPZUSm1WEQWvZpSK%2FKmujZtGdPGcFfomxQw5dO7t4DV6WvtAEAPPcoMqe8uMzJgdZAhqbuugIPPHynTzHYbhtZrwUo6vTcOyb%2FEdJ1PHux29g4SxuB0tLK6jeiSiPI9LsYQlgormFdF6n9agAvzZfXnBvKIwTPXySEr4&e=mclics%2Fpseudo-search-pads-buybox%2B7708%2Cmclics%2Fsearch-list-ad-algorithm%2BDEFAULT%2Cmclics%2Fbuybox-layout%2B25349%2Cmclics%2Fmax-bid-capped%2B36382&rb=x,13.900,EMPRESABUBU,Nuevo  |  4 vendidos,(+20 disponibles),Nuevo  |  4 vendidos,No disponible,#1683142224,2024-05-20 17:35:27,Alimentos y Bebidas,Almacén,"Arroz, Legumbres y Semillas",Arroz
Arroz Jazmin Rojo De Tailandia 5 Kg,https://click1.mercadolibre.com.ar/mclics/clicks/external/MLA/count?a=PfFj2B%2Fb2HIanfIYFPdcT4EDTqQUR0fJ6xnpxbGFJdBVgmOsve2uPHitcduMBvmaUMTU1HeezkCZs%2BXTucFbg0z0hb3TT7LXn0dhcLCQEE0hIOhBQrgYCBgb1ppHA1l3JWSwiAi6rvR18kT63zpcVJjy5ohLk31ijLTGdSBv73MHgmFyLtdyR27ICPxL50tRmDDhV8yszEJ%2F4der9OUnLUgm5mLeSLX1Wn0JTm0B9XBCIIQ9uI%2BXGIrIG%2BNhU9l8561h0Vd6bdyeomZuP9HmWaeuf7vtQTyXuUQr2tz6uUOG31XfwsBN6Dj2w0MyEqHggTF%2BsUT8mhEwSbv2ypk2qJ1suu%2F6RFXD76MyUkpwCmGsBGeXbAiWRalIyc3AQdXhB3Z0byHPOrNmFhIgV%2FlPkU1KO4AK58iixUqq1AHZxKOAcroxc%2BHrr3cuzn4ZrQKPNxiknNQpVlxby3rAsCIa8MajyIu1X%2BSiF93pWzvuhKP%2FrX5AcQmIvLYUtptalYZMfR4TFj0tIRljGi5k2BjeSgWXGVkT0TGcZttJHdWc6L4jIuS%2BPI%2Fxv5PKkKa6Q8qtkoq62bzEERtGb0kLiyuvweUYoYPlbjGwpBvnC5RBq7HIme8MyQDy6O6DVrd3Let%2FXFpck0bUGgmkaskGayB6rPP4Cn3PM3Da8dnfl5ki%2BOUTeb1FzKlOMTtOZELWx2AykTk%3D&e=mclics%2Fpseudo-search-pads-buybox%2B7708%2Cmclics%2Fsearch-list-ad-algorithm%2BDEFAULT%2Cmclics%2Fbuybox-layout%2B25349%2Cmclics%2Fmax-bid-capped%2B36382&rb=x,38.178,NEWGARDEN,Nuevo  |  +5 vendidos,(+5 disponibles),Nuevo  |  +5 vendidos,No disponible,#1147837131,2024-05-20 17:35:27,Alimentos y Bebidas,Almacén,"Arroz, Legumbres y Semillas",Arroz
Risotto Molé de hongos 400gr XXL,https://www.mercadolibre.com.ar/risotto-mole-de-hongos-400gr-xxl/p/MLA23131222?pdp_filters=category:MLA1423#searchVariation=MLA23131222&position=12&search_layout=stack&type=product&tracking_id=0910f309-ad26-4102-a40f-6bec26553b69,4.054,TAP GROCERY,Nuevo  |  +500 vendidos,(2 disponibles),Nuevo  |  +500 vendidos,No disponible,#1458457396,2024-05-20 17:35:27,Alimentos y Bebidas,Almacén,"Arroz, Legumbres y Semillas",Arroz
Arroz Lucchetti Blanco Parboil 1 Kg No Se Pasa,https://www.mercadolibre.com.ar/arroz-lucchetti-blanco-parboil-1-kg-no-se-pasa/p/MLA21818811?pdp_filters=category:MLA1423#searchVariation=MLA21818811&position=4&search_layout=stack&type=product&tracking_id=0910f309-ad26-4102-a40f-6bec26553b69,3.179,TAP GROCERY,Nuevo  |  +1000 vendidos,(+50 disponibles),Nuevo  |  +1000 vendidos,No disponible,#1359335246,2024-05-20 17:35:27,Alimentos y Bebidas,Almacén,"Arroz, Legumbres y Semillas",Arroz
Galletas De Arroz Macrobiotica Dulces 102g Kosher Sin Tacc,https://www.mercadolibre.com.ar/galletas-de-arroz-macrobiotica-dulces-102g-kosher-sin-tacc/p/MLA20002798?pdp_filters=category:MLA1423#searchVariation=MLA20002798&position=13&search_layout=stack&type=product&tracking_id=0910f309-ad26-4102-a40f-6bec26553b69,1.125,CAPSULANDIA,Nuevo  |  +1000 vendidos,(+50 disponibles),Nuevo  |  +1000 vendidos,No disponible,#1278536821,2024-05-20 17:35:27,Alimentos y Bebidas,Almacén,Galletitas,nan
Arroz Gallo Largo Fino Bolsa X 500g X 2 Unidades,https://articulo.mercadolibre.com.ar/MLA-1411711397-arroz-gallo-largo-fino-bolsa-x-500g-x-2-unidades-_JM#position=41&search_layout=stack&type=item&tracking_id=0910f309-ad26-4102-a40f-6bec26553b69,2.699,TAP GROCERY,Nuevo  |  +50 vendidos,(+50 disponibles),Nuevo  |  +50 vendidos,No disponible,#1411711397,2024-05-20 17:35:27,Alimentos y Bebidas,Almacén,"Arroz, Legumbres y Semillas",Arroz
Arroz Dos Hermanos Largo Fino Paquete De 1 Kg,https://www.mercadolibre.com.ar/arroz-dos-hermanos-largo-fino-paquete-de-1-kg/p/MLA19957485?pdp_filters=category:MLA1423#searchVariation=MLA19957485&position=16&search_layout=stack&type=product&tracking_id=0910f309-ad26-4102-a40f-6bec26553b69,3.465,CAPSULANDIA,Nuevo  |  +5mil vendidos,(+50 disponibles),Nuevo  |  +5mil vendidos,No disponible,#1657851254,2024-05-20 17:35:27,Alimentos y Bebidas,Almacén,"Arroz, Legumbres y Semillas",Arroz
Vinagre De Arroz 750 Ml Marca: Castelo,https://www.mercadolibre.com.ar/vinagre-de-arroz-750-ml-marca-castelo/p/MLA20010985?pdp_filters=category:MLA1423#searchVariation=MLA20010985&position=24&search_layout=stack&type=product&tracking_id=0910f309-ad26-4102-a40f-6bec26553b69,4.500,DISTRIBUIDORA BARI,Nuevo  |  +1000 vendidos,(+10 disponibles),Nuevo  |  +1000 vendidos,No disponible,#1424088173,2024-05-20 17:35:27,Alimentos y Bebidas,Almacén,Aceites y Vinagres,Vinagres
Arroz Parboil Grano Selecto Molinos Ala Paquete 1 Kilo,https://articulo.mercadolibre.com.ar/MLA-1480999376-arroz-parboil-grano-selecto-molinos-ala-paquete-1-kilo-_JM#position=42&search_layout=stack&type=item&tracking_id=0910f309-ad26-4102-a40f-6bec26553b69,3.192,ARTICULOS MOHE,Nuevo  |  +500 vendidos,(+50 disponibles),Nuevo  |  +500 vendidos,No disponible,#1480999376,2024-05-20 17:35:27,Alimentos y Bebidas,Almacén,"Arroz, Legumbres y Semillas",Arroz
Arroz Luchetti Parboil No Se Pasa Sin Tacc 5kg,https://www.mercadolibre.com.ar/arroz-luchetti-parboil-no-se-pasa-sin-tacc-5kg/p/MLA29423655?pdp_filters=category:MLA1423#searchVariation=MLA29423655&position=29&search_layout=stack&type=product&tracking_id=0910f309-ad26-4102-a40f-6bec26553b69,16.924,Provifood,Nuevo  |  +500 vendidos,(5 disponibles),Nuevo  |  +500 vendidos,No disponible,#1400931897,2024-05-20 17:35:27,Alimentos y Bebidas,Almacén,"Arroz, Legumbres y Semillas",Arroz
Galletas Redondas C/sal De Arroz Integral Sin Tacc X1u 100g,https://www.mercadolibre.com.ar/galletas-redondas-csal-de-arroz-integral-sin-tacc-x1u-100g/p/MLA28863428?pdp_filters=category:MLA1423#searchVariation=MLA28863428&position=33&search_layout=stack&type=product&tracking_id=0910f309-ad26-4102-a40f-6bec26553b69,1.040,PURAVIDA STORE,Nuevo  |  +1000 vendidos,(+50 disponibles),Nuevo  |  +1000 vendidos,No disponible,#1600427732,2024-05-20 17:35:27,Alimentos y Bebidas,Almacén,Galletitas,nan
Arroz Para Sushi 1 Kg - Asahi (kometo),https://articulo.mercadolibre.com.ar/MLA-857217179-arroz-para-sushi-1-kg-asahi-kometo-_JM#position=43&search_layout=stack&type=item&tracking_id=0910f309-ad26-4102-a40f-6bec26553b69,5.311,HACHI_ARG,Nuevo  |  +1000 vendidos,(+5 disponibles),Nuevo  |  +1000 vendidos,No disponible,#857217179,2024-05-20 17:35:27,Alimentos y Bebidas,Almacén,"Arroz, Legumbres y Semillas",Arroz
Arroz Jazmin Premium 5kg (envasado En Origen) | Buatip,https://www.mercadolibre.com.ar/arroz-jazmin-premium-5kg-envasado-en-origen-buatip/p/MLA21262504?pdp_filters=category:MLA1423#searchVariation=MLA21262504&position=25&search_layout=stack&type=product&tracking_id=0910f309-ad26-4102-a40f-6bec26553b69,38.178,NEWGARDEN,Nuevo  |  +500 vendidos,(3 disponibles),Nuevo  |  +500 vendidos,No disponible,#1382380220,2024-05-20 17:35:27,Alimentos y Bebidas,Almacén,"Arroz, Legumbres y Semillas",Arroz
Galletitas De Arroz Integral Dulces Risky Dit Sin Tacc,https://www.mercadolibre.com.ar/galletitas-de-arroz-integral-dulces-risky-dit-sin-tacc/p/MLA21777719?pdp_filters=category:MLA1423#searchVariation=MLA21777719&position=28&search_layout=stack&type=product&tracking_id=0910f309-ad26-4102-a40f-6bec26553b69,1.449,CAPSULANDIA,Nuevo  |  +1000 vendidos,(+20 disponibles),Nuevo  |  +1000 vendidos,No disponible,#1383522804,2024-05-20 17:35:27,Alimentos y Bebidas,Almacén,Galletitas,nan
Arroz Fortuna 10 Kg - Kometo,https://articulo.mercadolibre.com.ar/MLA-898087776-arroz-fortuna-10-kg-kometo-_JM#position=44&search_layout=stack&type=item&tracking_id=0910f309-ad26-4102-a40f-6bec26553b69,46.183,HACHI_ARG,Nuevo  |  +500 vendidos,(+5 disponibles),Nuevo  |  +500 vendidos,No disponible,#898087776,2024-05-20 17:35:27,Alimentos y Bebidas,Almacén,"Arroz, Legumbres y Semillas",Arroz
Arroz Basmati X 5kg | Importado | Primera Calidad |,https://articulo.mercadolibre.com.ar/MLA-1275709840-arroz-basmati-x-5kg-importado-primera-calidad--_JM#position=45&search_layout=stack&type=item&tracking_id=0910f309-ad26-4102-a40f-6bec26553b69,22.883,POSITIVA,Nuevo  |  +50 vendidos,(+10 disponibles),Nuevo  |  +50 vendidos,No disponible,#1275709840,2024-05-20 17:35:27,Alimentos y Bebidas,Almacén,"Arroz, Legumbres y Semillas",Arroz
Arroz Gallo Oro No Se Pasa Ni Se Paga 500gr,https://articulo.mercadolibre.com.ar/MLA-1421778037-arroz-gallo-oro-no-se-pasa-ni-se-paga-500gr-_JM#position=46&search_layout=stack&type=item&tracking_id=0910f309-ad26-4102-a40f-6bec26553b69,1.989,ARTICULOS MOHE,Nuevo  |  +25 vendidos,(5 disponibles),Nuevo  |  +25 vendidos,No disponible,#1421778037,2024-05-20 17:35:27,Alimentos y Bebidas,Almacén,"Arroz, Legumbres y Semillas",Arroz
Galletitas De Arroz Integral Sin Sal Risky Dit Sin Tacc,https://www.mercadolibre.com.ar/galletitas-de-arroz-integral-sin-sal-risky-dit-sin-tacc/p/MLA23654813?pdp_filters=category:MLA1423#searchVariation=MLA23654813&position=31&search_layout=stack&type=product&tracking_id=0910f309-ad26-4102-a40f-6bec26553b69,1.449,CAPSULANDIA,Nuevo  |  +1000 vendidos,(+20 disponibles),Nuevo  |  +1000 vendidos,No disponible,#1503303008,2024-05-20 17:35:27,Alimentos y Bebidas,Almacén,Galletitas,nan
Arroz Molinos Ala Blanco Doble Carolina Grano Selecto 500gr,https://www.mercadolibre.com.ar/arroz-molinos-ala-blanco-doble-carolina-grano-selecto-500gr/p/MLA35954819?pdp_filters=category:MLA1423#searchVariation=MLA35954819&position=14&search_layout=stack&type=product&tracking_id=0910f309-ad26-4102-a40f-6bec26553b69,3.420,AEH MALL,Nuevo  |  +25 vendidos,(+5 disponibles),Nuevo  |  +25 vendidos,No disponible,#1422615833,2024-05-20 17:35:27,Alimentos y Bebidas,Almacén,"Arroz, Legumbres y Semillas",Arroz
Pasta Multicereal Con Amaranto Fusilli Wakas Sin Tacc 250 Gr,https://www.mercadolibre.com.ar/pasta-multicereal-con-amaranto-fusilli-wakas-sin-tacc-250-gr/p/MLA19994622?pdp_filters=category:MLA1423#searchVariation=MLA19994622&position=20&search_layout=stack&type=product&tracking_id=0910f309-ad26-4102-a40f-6bec26553b69,2.349,CAPSULANDIA,Nuevo  |  +1000 vendidos,(+10 disponibles),Nuevo  |  +1000 vendidos,No disponible,#1410351252,2024-05-20 17:35:27,Alimentos y Bebidas,Almacén,Pastas,nan
Kit Para Sushi Principiantes Con Algas Yaki Nori Y Arroz,https://articulo.mercadolibre.com.ar/MLA-933109720-kit-para-sushi-principiantes-con-algas-yaki-nori-y-arroz-_JM#position=47&search_layout=stack&type=item&tracking_id=0910f309-ad26-4102-a40f-6bec26553b69,23.087,NEWGARDEN,Nuevo  |  +100 vendidos,(2 disponibles),Nuevo  |  +100 vendidos,No disponible,#933109720,2024-05-20 17:35:27,Alimentos y Bebidas,Almacén,"Arroz, Legumbres y Semillas",Arroz
Gallo Arroz Largo Fino X 1kg,https://www.mercadolibre.com.ar/gallo-arroz-largo-fino-x-1kg/p/MLA19936770?pdp_filters=category:MLA1423#searchVariation=MLA19936770&position=23&search_layout=stack&type=product&tracking_id=0910f309-ad26-4102-a40f-6bec26553b69,3.352,TAP GROCERY,Nuevo  |  +100 vendidos,(+50 disponibles),Nuevo  |  +100 vendidos,No disponible,#1272852133,2024-05-20 17:35:27,Alimentos y Bebidas,Almacén,"Arroz, Legumbres y Semillas",Arroz
Tostadas De Arroz Sin Sal Dos Hermanos Tostaditas Sin Tacc,https://www.mercadolibre.com.ar/tostadas-de-arroz-sin-sal-dos-hermanos-tostaditas-sin-tacc/p/MLA19849735?pdp_filters=category:MLA1423#searchVariation=MLA19849735&position=26&search_layout=stack&type=product&tracking_id=0910f309-ad26-4102-a40f-6bec26553b69,1.099,CAPSULANDIA,Nuevo  |  +500 vendidos,(+20 disponibles),Nuevo  |  +500 vendidos,No disponible,#1255743422,2024-05-20 17:35:27,Alimentos y Bebidas,Almacén,Galletitas,nan
Arroz Glargo 1 Kg Ala,https://www.mercadolibre.com.ar/arroz-glargo-1-kg-ala/p/MLA29281338?pdp_filters=category:MLA1423#searchVariation=MLA29281338&position=18&search_layout=stack&type=product&tracking_id=0910f309-ad26-4102-a40f-6bec26553b69,2.386,AEH MALL,Nuevo  |  +1000 vendidos,(+10 disponibles),Nuevo  |  +1000 vendidos,No disponible,#1416884935,2024-05-20 17:35:27,Alimentos y Bebidas,Almacén,"Arroz, Legumbres y Semillas",Arroz
Arroz Integral Largo Fino X 5 Kilos,https://www.mercadolibre.com.ar/arroz-integral-largo-fino-x-5-kilos/p/MLA21233193?pdp_filters=category:MLA1423#searchVariation=MLA21233193&position=22&search_layout=stack&type=product&tracking_id=0910f309-ad26-4102-a40f-6bec26553b69,10.474,POSITIVA,Nuevo  |  +500 vendidos,(+10 disponibles),Nuevo  |  +500 vendidos,No disponible,#1377972480,2024-05-20 17:35:27,Alimentos y Bebidas,Almacén,"Arroz, Legumbres y Semillas",Arroz
Galletas Redondas S/sal De Arroz Integral Sin Tacc 100gr X1u,https://www.mercadolibre.com.ar/galletas-redondas-ssal-de-arroz-integral-sin-tacc-100gr-x1u/p/MLA28872606?pdp_filters=category:MLA1423#searchVariation=MLA28872606&position=19&search_layout=stack&type=product&tracking_id=0910f309-ad26-4102-a40f-6bec26553b69,1.040,PURAVIDA STORE,Nuevo  |  +1000 vendidos,(+50 disponibles),Nuevo  |  +1000 vendidos,No disponible,#1600388586,2024-05-20 17:35:27,Alimentos y Bebidas,Almacén,Galletitas,nan
Arroz Preparado Bajo En Sodio Gallo Doypack 240gr,https://articulo.mercadolibre.com.ar/MLA-1423417217-arroz-preparado-bajo-en-sodio-gallo-doypack-240gr-_JM#position=48&search_layout=stack&type=item&tracking_id=0910f309-ad26-4102-a40f-6bec26553b69,2.788,AEH MALL,Nuevo  |  +5 vendidos,(5 disponibles),Nuevo  |  +5 vendidos,No disponible,#1423417217,2024-05-20 17:35:27,Alimentos y Bebidas,Almacén,"Arroz, Legumbres y Semillas",Arroz
Arroz Largo Fino Ita Caabo Molinos Ala Paquete 1 Kilo,https://www.mercadolibre.com.ar/arroz-largo-fino-ita-caabo-molinos-ala-paquete-1-kilo/p/MLA29602404?pdp_filters=category:MLA1423#searchVariation=MLA29602404&position=30&search_layout=stack&type=product&tracking_id=0910f309-ad26-4102-a40f-6bec26553b69,3.264,AEH MALL,Nuevo  |  +25 vendidos,(+10 disponibles),Nuevo  |  +25 vendidos,No disponible,#1416852879,2024-05-20 17:35:27,Alimentos y Bebidas,Almacén,"Arroz, Legumbres y Semillas",Arroz
Macrobioticas Galletas De Arroz Integral Con Sal Sesamo 102g,https://www.mercadolibre.com.ar/macrobioticas-galletas-de-arroz-integral-con-sal-sesamo-102g/p/MLA20941264?pdp_filters=category:MLA1423#searchVariation=MLA20941264&position=21&search_layout=stack&type=product&tracking_id=0910f309-ad26-4102-a40f-6bec26553b69,1.299,CAPSULANDIA,Nuevo  |  +1000 vendidos,(+10 disponibles),Nuevo  |  +1000 vendidos,No disponible,#1746596764,2024-05-20 17:35:27,Alimentos y Bebidas,Almacén,Galletitas,nan
Arroz Paella Redondo Valenciana J. Montoro Dop 1 Kg. España,https://www.mercadolibre.com.ar/arroz-paella-redondo-valenciana-j-montoro-dop-1-kg-espana/p/MLA19975770?pdp_filters=category:MLA1423#searchVariation=MLA19975770&position=15&search_layout=stack&type=product&tracking_id=0910f309-ad26-4102-a40f-6bec26553b69,13.108,MERCADO GOURMET ONLINE,Nuevo  |  +100 vendidos,(4 disponibles),Nuevo  |  +100 vendidos,No disponible,#1394830152,2024-05-20 17:35:27,Alimentos y Bebidas,Almacén,"Arroz, Legumbres y Semillas",Arroz
Arroz Negro O Venere Bolsa X 1 Kg Excelente Calidad!!,https://articulo.mercadolibre.com.ar/MLA-726658744-arroz-negro-o-venere-bolsa-x-1-kg-excelente-calidad-_JM#position=49&search_layout=stack&type=item&tracking_id=0910f309-ad26-4102-a40f-6bec26553b69,5.982,IMPORTADORANACCATO,Nuevo  |  +1000 vendidos,(+50 disponibles),Nuevo  |  +1000 vendidos,No disponible,#726658744,2024-05-20 17:35:27,Alimentos y Bebidas,Almacén,"Arroz, Legumbres y Semillas",Arroz
Galletas de arroz Molinos Del Bosque Clasica sin sal - sin TACC x 150g,https://www.mercadolibre.com.ar/galletas-de-arroz-molinos-del-bosque-clasica-sin-sal-sin-tacc-x-150g/p/MLA16176105?pdp_filters=category:MLA1423#searchVariation=MLA16176105&position=17&search_layout=stack&type=product&tracking_id=0910f309-ad26-4102-a40f-6bec26553b69,1.799,CAPSULANDIA,Nuevo  |  +1000 vendidos,(+50 disponibles),Nuevo  |  +1000 vendidos,No disponible,#1144101435,2024-05-20 17:35:27,Alimentos y Bebidas,Almacén,Galletitas,nan
Arroz Carnaroli Gallo X500 Gr,https://www.mercadolibre.com.ar/arroz-carnaroli-gallo-x500-gr/p/MLA22004409?pdp_filters=category:MLA1423#searchVariation=MLA22004409&position=34&search_layout=stack&type=product&tracking_id=0910f309-ad26-4102-a40f-6bec26553b69,2.510,ECOMODICO,Nuevo  |  +1000 vendidos,(+50 disponibles),Nuevo  |  +1000 vendidos,No disponible,#1518076414,2024-05-20 17:35:27,Alimentos y Bebidas,Almacén,"Arroz, Legumbres y Semillas",Arroz
Arroz Gallo Preparado Verdeo X 240g X 2 Unidades,https://articulo.mercadolibre.com.ar/MLA-1192635710-arroz-gallo-preparado-verdeo-x-240g-x-2-unidades-_JM#position=50&search_layout=stack&type=item&tracking_id=0910f309-ad26-4102-a40f-6bec26553b69,4.189,TAP GROCERY,Nuevo  |  +100 vendidos,(+10 disponibles),Nuevo  |  +100 vendidos,No disponible,#1192635710,2024-05-20 17:35:27,Alimentos y Bebidas,Almacén,"Arroz, Legumbres y Semillas",Arroz
Aceite De Oliva Extra Virgen Areco (sin Tacc) X 2l,https://articulo.mercadolibre.com.ar/MLA-909355837-aceite-de-oliva-extra-virgen-areco-sin-tacc-x-2l-_JM#position=51&search_layout=stack&type=item&tracking_id=0910f309-ad26-4102-a40f-6bec26553b69,36.530,TIENDA-EL PORTUGUÉS,Nuevo  |  +1000 vendidos,No disponible,Nuevo  |  +1000 vendidos,No disponible,#909355837,2024-05-20 17:35:27,Alimentos y Bebidas,Almacén,Aceites y Vinagres,Aceites
Risotto Al Pesto Con Almendras Mole X 200 Gr,https://articulo.mercadolibre.com.ar/MLA-1523634030-risotto-al-pesto-con-almendras-mole-x-200-gr-_JM#position=52&search_layout=stack&type=item&tracking_id=0910f309-ad26-4102-a40f-6bec26553b69,2.668,GREENANDML,Nuevo  |  +50 vendidos,(2 disponibles),Nuevo  |  +50 vendidos,No disponible,#1523634030,2024-05-20 17:35:27,Alimentos y Bebidas,Almacén,"Arroz, Legumbres y Semillas",Arroz
Arroz Riso Scotti Carnaroli para Risotto Italiano 1 Kg,https://www.mercadolibre.com.ar/arroz-riso-scotti-carnaroli-para-risotto-italiano-1-kg/p/MLA20732896?pdp_filters=category:MLA1423#searchVariation=MLA20732896&position=36&search_layout=stack&type=product&tracking_id=0910f309-ad26-4102-a40f-6bec26553b69,14.654,MERCADO GOURMET ONLINE,Nuevo  |  +1000 vendidos,(3 disponibles),Nuevo  |  +1000 vendidos,No disponible,#1398592084,2024-05-20 17:35:27,Alimentos y Bebidas,Almacén,"Arroz, Legumbres y Semillas",Arroz
Vinagre De Arroz 750ml Castelo ,https://articulo.mercadolibre.com.ar/MLA-1394815873-vinagre-de-arroz-750ml-castelo-_JM#position=53&search_layout=stack&type=item&tracking_id=0910f309-ad26-4102-a40f-6bec26553b69,2.728,PUNTOCUC MARKET,Nuevo  |  +100 vendidos,(+10 disponibles),Nuevo  |  +100 vendidos,No disponible,#1394815873,2024-05-20 17:35:27,Alimentos y Bebidas,Almacén,Salsas y Condimentos,Saborizantes Salados
Arroz Para Sushi Fortuna Doble Carolina 10 Kg,https://www.mercadolibre.com.ar/arroz-para-sushi-fortuna-doble-carolina-10-kg/p/MLA32045747?pdp_filters=category:MLA1423#searchVariation=MLA32045747&position=37&search_layout=stack&type=product&tracking_id=0910f309-ad26-4102-a40f-6bec26553b69,54.062,ASIA ORIENTAL,Nuevo  |  +100 vendidos,(2 disponibles),Nuevo  |  +100 vendidos,No disponible,#1658667684,2024-05-20 17:35:27,Alimentos y Bebidas,Almacén,"Arroz, Legumbres y Semillas",Arroz
Arroz Integral Yamani X 500 G El Peoncito,https://www.mercadolibre.com.ar/arroz-integral-yamani-x-500-g-el-peoncito/p/MLA29529402?pdp_filters=category:MLA1423#searchVariation=MLA29529402&position=35&search_layout=stack&type=product&tracking_id=0910f309-ad26-4102-a40f-6bec26553b69,1.785,NEWGARDEN,Nuevo  |  +100 vendidos,(+5 disponibles),Nuevo  |  +100 vendidos,No disponible,#1622845294,2024-05-20 17:35:27,Alimentos y Bebidas,Almacén,"Arroz, Legumbres y Semillas",Arroz
Harina De Arroz Glutinoso 1 Kg. Origen Vietnam,https://www.mercadolibre.com.ar/harina-de-arroz-glutinoso-1-kg-origen-vietnam/p/MLA21859954?pdp_filters=category:MLA1423#searchVariation=MLA21859954&position=39&search_layout=stack&type=product&tracking_id=0910f309-ad26-4102-a40f-6bec26553b69,3.569,UMAMI BA,Nuevo  |  +100 vendidos,(+10 disponibles),Nuevo  |  +100 vendidos,No disponible,#1391443715,2024-05-20 17:35:27,Alimentos y Bebidas,Almacén,Harina,nan
Arroz Fortuna Bolsa 10 Kg - Ideal Sushi Mayorista 30 Kg,https://articulo.mercadolibre.com.ar/MLA-881426314-arroz-fortuna-bolsa-10-kg-ideal-sushi-mayorista-30-kg-_JM#position=54&search_layout=stack&type=item&tracking_id=0910f309-ad26-4102-a40f-6bec26553b69,35.707,IMPORTADORANACCATO,Nuevo  |  +50 vendidos,(+50 disponibles),Nuevo  |  +50 vendidos,No disponible,#881426314,2024-05-20 17:35:27,Alimentos y Bebidas,Almacén,"Arroz, Legumbres y Semillas",Arroz
! Arroz Gallo Preparado Curry Asiatico 15 Min Sin Tacc,https://www.mercadolibre.com.ar/-arroz-gallo-preparado-curry-asiatico-15-min-sin-tacc/p/MLA30250444?pdp_filters=category:MLA1423#searchVariation=MLA30250444&position=38&search_layout=stack&type=product&tracking_id=0910f309-ad26-4102-a40f-6bec26553b69,2.999,ECOMODICO,Nuevo  |  +25 vendidos,(3 disponibles),Nuevo  |  +25 vendidos,No disponible,#1420674199,2024-05-20 17:35:27,Alimentos y Bebidas,Almacén,"Arroz, Legumbres y Semillas",Arroz
Alfajor Chocoarroz Marroc X 30 Unidades,https://www.mercadolibre.com.ar/alfajor-chocoarroz-marroc-x-30-unidades/p/MLA21649923?pdp_filters=category:MLA1423#searchVariation=MLA21649923&position=32&search_layout=stack&type=product&tracking_id=0910f309-ad26-4102-a40f-6bec26553b69,12.124,TAP GROCERY,Nuevo  |  +500 vendidos,(+50 disponibles),Nuevo  |  +500 vendidos,No disponible,#1635340810,2024-05-20 17:35:27,Alimentos y Bebidas,Almacén,Dulces y Chocolates,Golosinas
Arroz Basmati X 5 Kgs.,https://www.mercadolibre.com.ar/arroz-basmati-x-5-kgs/p/MLA20018459?pdp_filters=category:MLA1423#searchVariation=MLA20018459&position=27&search_layout=stack&type=product&tracking_id=0910f309-ad26-4102-a40f-6bec26553b69,57.555,NEWGARDEN,Nuevo  |  +100 vendidos,(+20 disponibles),Nuevo  |  +100 vendidos,No disponible,#1378651172,2024-05-20 17:35:27,Alimentos y Bebidas,Almacén,"Arroz, Legumbres y Semillas",Arroz
Arroz Al Curry Mole X 200 Gr,https://articulo.mercadolibre.com.ar/MLA-1523594978-arroz-al-curry-mole-x-200-gr-_JM#position=55&search_layout=stack&type=item&tracking_id=0910f309-ad26-4102-a40f-6bec26553b69,2.236,GREENANDML,Nuevo  |  +50 vendidos,(+10 disponibles),Nuevo  |  +50 vendidos,No disponible,#1523594978,2024-05-20 17:35:27,Alimentos y Bebidas,Almacén,"Arroz, Legumbres y Semillas",Arroz
Fideos Spaghetti Dr. Schar 250gr. Sin Tacc,https://www.mercadolibre.com.ar/fideos-spaghetti-dr-schar-250gr-sin-tacc/p/MLA19964524?pdp_filters=category:MLA1423#searchVariation=MLA19964524&position=40&search_layout=stack&type=product&tracking_id=0910f309-ad26-4102-a40f-6bec26553b69,6.200,POSITANO DISTRIBUIDORA,Nuevo  |  +1000 vendidos,(+10 disponibles),Nuevo  |  +1000 vendidos,No disponible,#1344504674,2024-05-20 17:35:27,Alimentos y Bebidas,Almacén,Pastas,nan
