Titulo,Enlace,Precios,Vendedor,Detalles,Cantidad,Estado,Oferta,Publicacion,Fecha_Ejecucion,Familia1,Familia2,Familia3,Familia4,Familia5,Familia6
Cubierta Clincher Continental Ultrasport2,https://articulo.mercadolibre.com.ar/MLA-920713143-cubierta-clincher-continental-ultrasport2-_JM#position=17&search_layout=stack&type=item&tracking_id=c9a8daa3-424d-48a9-ae80-953330e0a750,74.118,LIBERTATOR STORE,Nuevo  |  +25 vendidos,(2 disponibles),Nuevo  |  +25 vendidos,No disponible,#920713143,2024-03-15 22:01:51,Deportes y Fitness,Ciclismo,Repuestos,Cubiertas de Bicicleta,,
Cubierta Ruta Clincher Continental Ultrasport 3 - Libertator,https://articulo.mercadolibre.com.ar/MLA-1385341814-cubierta-ruta-clincher-continental-ultrasport-3-libertator-_JM#position=18&search_layout=stack&type=item&tracking_id=c9a8daa3-424d-48a9-ae80-953330e0a750,74.118,LIBERTATOR STORE,Nuevo  |  +25 vendidos,(2 disponibles),Nuevo  |  +25 vendidos,No disponible,#1385341814,2024-03-15 22:01:51,Deportes y Fitness,Ciclismo,Repuestos,Cubiertas de Bicicleta,,
Cubierta Continental Ultra Sport Iii 700x28 Acero,https://www.mercadolibre.com.ar/cubierta-continental-ultra-sport-iii-700x28-acero/p/MLA27204037#searchVariation=MLA27204037&position=2&search_layout=stack&type=product&tracking_id=c9a8daa3-424d-48a9-ae80-953330e0a750,64.800,TUPUNTOBICI,Nuevo  |  +100 vendidos,(3 disponibles),Nuevo  |  +100 vendidos,No disponible,#1391218319,2024-03-15 22:01:51,Deportes y Fitness,Ciclismo,Repuestos,Cubiertas de Bicicleta,,
Funda Cubre Moto Royal Enfield Bullet Continental Intercepto,https://click1.mercadolibre.com.ar/mclics/clicks/external/MLA/count?a=akyCEwabOhgBN0%2BTpj5QO2mjVLWeO6cavTqCi70rL8vcKEbooOfoLG%2F4zH%2FhHub3nidJW2ClSElj6zSCJr1a1GPkfmcwkWRdgZk0aIRpUL1b04zHKfj%2Beyv259sfeldFFyNcw1AH%2FybpKzzpkz0TEZtmTXMiQ3VOdAdj6iwc3d7SoPyKDQQnGYbImbB9AuUDYuWStshyfevjug0rwqnzgt%2FOKziMAznDLf3S%2B1dkD9AivnlX0MU%2FfCRv3OLw2m5k7BSd8KPBW4UH%2B5ekW3Q45gKD%2FWahgJdET7NAnuNZbiBPT%2BkR5sKTl4LFKoxsagCOdj6NfYksvMzaLVeh8%2BqQPxCasNHO1gQ5HnbqZOf%2BvrsTM%2FGEgDmXYppe5e7yLfEiN0wrL5E67sMNlfH0xURvcD9OVeRdp8QsBeKgSAepwZ5SHGYqWAiWFLNoSlI7YjJKDYaa1CtHDPXfD4KfmNehAGBmsn0VMyb9nLG0DeXVxGOMSU0r%2BMy9ME0qv7UTQMKoMe2jVNp7I2m77Uiq8Do%2BVcbbnrqqc%2FlijPLTNbv8juBZYoN2Zbx1wWpZVh6bxhN1uzWcgHeMLQiyuThN1Vts13K%2F5ZsfXEnFc5no27EONIGH%2BOX0pzuj8hDgSiKEMjVK8Bx1musg9gfg14T3IOeO3%2BnO2%2B%2FPQrlFWSnzXT6oSBfgBA0HzG%2Ficsnw1fPNV1TzJL26H1sYQH%2FXwhNeEXxXdqdgLz429w%3D%3D&e=mclics%2Fpseudo-search-pads-buybox%2B7708%2Cmclics%2Fsearch-list-ad-algorithm%2BDEFAULT%2Cmclics%2Fmax-bid-capped%2B36383&rb=x,53.167,MX1-COVERS,Nuevo  |  +100 vendidos,(4 disponibles),Nuevo  |  +100 vendidos,No disponible,#817426519,2024-03-15 22:01:51,Accesorios para Vehículos,Acc. para Motos y Cuatriciclos,Fundas,,,
Correa Distribucion Gol Trend 1.6 8v Original Continental,https://click1.mercadolibre.com.ar/mclics/clicks/external/MLA/count?a=aFQFf%2FSbow6WEjfnWUjJC4GQChxo%2BtQTyj7Z27tK6gbOtifJ8bkDwEabH8Q9FD6ggNRllom7yQrB7LoMuTbHqrPn5XjbEc6KDllBykgiBsLLUx8NCQnecjfA%2F0FES5OZfa9%2B674ZOCbsepw45QQiydlMoL2KUzoQisFP%2FjLwcwlPuoeNdEz1RSD28hpbCUhbx3AK2W1ZfYdUPjGtJy9oEZrP6LgpvRcRzB9GUdl67I%2F29RSEBWMkl%2B5IxR1OvXeo7ETmeC3Ol0PQBIvzhs7EXL9V%2FyRikEgix0z2QTOy0DCz8AxF0795f4QbWl7%2B8qul0jozs1AkTrNlDd8riGjbpJCvIHnBC7vyMSxw%2F0F2lJVixZ%2BX9lsyO7zC%2BQguvs9wcPvMQo0BmWLYsUi30RDXb8cZsZkLdpLSlJ66aAGSqNar70mDkkqqIRlrh72CEsMj%2Fci2c1mFWiLDccdZs%2BXYbjuYuhgskrajkKE2tSwQlhTD9Btq9bRowJXQXwhIvJKCs%2B2bw2VmbZJVL9e8z11pBGwJh3bb0RymMiMS6cq6ceswrd8azkeAVKSQJmKnz%2BXJzjImEAkC5ALmh2bgMkXFFN9PKCKD1%2BFsJSVxynGdi9%2Fvjfw4AHpaUQ4WO4YStr20KgRrAwYcsT5bSYKFOv%2FfFNtBqmQerrjP30k6ixnRrjFqwkb3Vnk%2FhXjlrFpJTxOdumHJAYRDnzDC0x%2FxRvRTa%2FnzHidV&e=mclics%2Fpseudo-search-pads-buybox%2B7708%2Cmclics%2Fsearch-list-ad-algorithm%2BDEFAULT%2Cmclics%2Fmax-bid-capped%2B36383&rb=x,26.866,WEBPARTS_OK,Nuevo  |  +100 vendidos,No disponible,Nuevo  |  +100 vendidos,No disponible,#1105418805,2024-03-15 22:01:51,Accesorios para Vehículos,Repuestos Autos y Camionetas,Motor,Distribución,Correas de Distribución,
Cubierta Mtb Continental Speed King 2 Rod. 27.5 X 2.2 Kevlar,https://www.mercadolibre.com.ar/cubierta-mtb-continental-speed-king-2-rod-275-x-22-kevlar/p/MLA22642114#searchVariation=MLA22642114&position=12&search_layout=stack&type=product&tracking_id=c9a8daa3-424d-48a9-ae80-953330e0a750,159.758,ESTBIKE,Nuevo  |  +100 vendidos,(10 disponibles),Nuevo  |  +100 vendidos,No disponible,#1402563467,2024-03-15 22:01:51,Deportes y Fitness,Ciclismo,Repuestos,Cubiertas de Bicicleta,,
"Neumático Continental Ultra Sport 3, 700 x 25 cm, plegable, negro",https://www.mercadolibre.com.ar/neumatico-continental-ultra-sport-3-700-x-25-cm-plegable-negro/p/MLA27265896#searchVariation=MLA27265896&position=11&search_layout=stack&type=product&tracking_id=c9a8daa3-424d-48a9-ae80-953330e0a750,115.013,MUTANTBAIKYSAS,Nuevo  |  +100 vendidos,(34 disponibles),Nuevo  |  +100 vendidos,No disponible,#1682381970,2024-03-15 22:01:51,Deportes y Fitness,Ciclismo,Repuestos,Cubiertas de Bicicleta,,
kit x 2  cubiertas continental ultra sport 3 700x25,https://www.mercadolibre.com.ar/kit-x-2-cubiertas-continental-ultra-sport-3-700x25/p/MLA29129631#searchVariation=MLA29129631&position=16&search_layout=stack&type=product&tracking_id=c9a8daa3-424d-48a9-ae80-953330e0a750,128.473,TUPUNTOBICI,Nuevo  |  +100 vendidos,(3 disponibles),Nuevo  |  +100 vendidos,No disponible,#1405311173,2024-03-15 22:01:51,Deportes y Fitness,Ciclismo,Repuestos,Cubiertas de Bicicleta,,
Neumatico 600-9 Continental Ic40 Prof. De Dibujo 19mm,https://click1.mercadolibre.com.ar/mclics/clicks/external/MLA/count?a=RSKNb70WihiN4fi%2F1B%2BXZb47oX%2F%2BwPKjBz37F9Dq5ziBO6oD9TgnPHCE%2BpUf473uFKp5TQHKXlUhw%2Fxy%2Fmz9xxJ6z557AT04AyhtjKSWnpfKYZ39EVXgpf%2F5nrwh7Bs%2Fyh3SrpdBZlk9mXYwlB%2FBfWzc4prWUeEJbYMbwn8c%2FAkziQMRhyhi8zNEJmkYmttwb2UAOQ39EIKQSAZxe6jpn3TudpmhgFHTNF3PJ1XPhFGYf1JRJ%2BlNxl1kkV8dVc3KelnPIhkpmHRAuIGdgt8VDZG66SnO094me9IGA9QK1ZOoY9P0Tl6NgLNCQzaO8PSEZaiFtO5618tlpo0J3n3sa5Y6okloe2k%2B39R8yoqCaUht%2BO2XjEHFqJaRQKNJtgHrvGKaF1AU2H0CfMrG1iDWq%2FsC%2FPl8IwGKU96OTkI3G1vv7n25GZBfuSksbdjAwUBYKWqRmZ0VyDIZXSYrf%2BpsVSyJJtpiG%2BYdw2QZcSqDJ66O07Ys1I6HuPs%2FLK12GoVxt%2BMb%2BciLCYqUuRzTHTRZIzK2mfkPjpH1AN6Lz5xl%2B0cI3VmVsWS3%2BzEyM22KV64AVXW8zsMykPVzLhKrJm951YHURL%2BoeVycrnSf9OcEUAekpZz5nVjXyIRaNQ81qtSZ8SZIoUnAra5v2ikHkCT1QD7oC5W7LT%2BrGckrrynXEmuzehbIXUI9qogEYxK9HFuZXKukswHUvn%2F8KdQxcZ%2FQ&e=mclics%2Fpseudo-search-pads-buybox%2B7708%2Cmclics%2Fsearch-list-ad-algorithm%2BDEFAULT%2Cmclics%2Fmax-bid-capped%2B36383&rb=x,187.384,Tienda Rueda,Nuevo  |  +5 vendidos,(2 disponibles),Nuevo  |  +5 vendidos,No disponible,#1150622128,2024-03-15 22:01:51,Accesorios para Vehículos,Neumáticos,Neumáticos Industriales,,,
Actualizacion Gps Peugeot 208 308 408 508 Pois Trips,https://click1.mercadolibre.com.ar/mclics/clicks/external/MLA/count?a=BLj9L9SB%2FX4bcE3qXm%2BRxFamkCeueM5kv5qoozrqLCPzGTQ448Uz5TsVBx2DnFlb9RAmi0KIoOceHkLJoBiq21wilV7sbJGSEGG9URxuZDr8SsX%2FY74tU4AprUW3rFDHj3jV2zwHPJe%2Fpr%2F%2BsaG4V1bjFT3u8RRIcJnKbvl03nFKJuO0OaCbEPx2IVyuSwoDuymfoUzTXAOU4n2mOqgD5IUa7RKCa1LfGTVbJG03jCeOAMtj8tPKOHtasDyxnYyUWQY1pcSp4VB2lOwA07diDCwmTIhL8NqApZolCEyBmKel81VLV%2FCmGEOYuv1%2B8kmYMFndgacjqUv4TkLMlAdQs0GcAjuT%2F2nIEDUOUkooIsZXqXsmOyqB8mpHZVGocID7TGJnXsXva815EHkc21snyvoJ1Tlpipjhu0E1Mcln5S6Oiqg%2BpR00mRR7XedUk1GASgQlOzDFLIQSza0S7U5bzrMAcWcaCX4UTVViRbvyheRUvuM0Csg15K88MDQCMg16GYBZfGlVTgDySbW3jkSaz8U2PgdyO%2BetwRbVfxSpCehspnJznf5GDZovmxroTxzcCNtGslGnB2HuzcWdtgEFE6IZbVRScB7yiZ83QLirzRXGZNIky1R3bYz5Ma4T1oq4nQxF4WOLnEqmjuk%2FLUhQprWbCRtwG73ysNSy6BLlys8T%2FivU1tiarNj0pz9WR%2FXw4cpjMbloyQTxnLSRYe9z3w%3D%3D&e=mclics%2Fpseudo-search-pads-buybox%2B7708%2Cmclics%2Fsearch-list-ad-algorithm%2BDEFAULT%2Cmclics%2Fmax-bid-capped%2B36383&rb=x,6.305,GPS-PEUGEOT-CITROEN,Nuevo  |  +500 vendidos,(88690 disponibles),Nuevo  |  +500 vendidos,No disponible,#602988473,2024-03-15 22:01:51,Accesorios para Vehículos,Navegadores GPS para Vehículos,Mapas,,,
Neumático de bicicleta Continental Race King Protection 29x2.2 Tl,https://www.mercadolibre.com.ar/neumatico-de-bicicleta-continental-race-king-protection-29x22-tl/p/MLA27570251#searchVariation=MLA27570251&position=15&search_layout=stack&type=product&tracking_id=c9a8daa3-424d-48a9-ae80-953330e0a750,98.990,SALAS MULTIDEPORTES,Nuevo  |  +100 vendidos,(3 disponibles),Nuevo  |  +100 vendidos,No disponible,#1682383756,2024-03-15 22:01:51,Deportes y Fitness,Ciclismo,Repuestos,Cubiertas de Bicicleta,,
Cubierta De Bicicleta Ruta Continental Grand Prix 4000 S Il Color Negro,https://www.mercadolibre.com.ar/cubierta-de-bicicleta-ruta-continental-grand-prix-4000-s-il-color-negro/p/MLA24127171#searchVariation=MLA24127171&position=6&search_layout=stack&type=product&tracking_id=c9a8daa3-424d-48a9-ae80-953330e0a750,161.431,DEVA ONLINE,Nuevo  |  +5 vendidos,(4 disponibles),Nuevo  |  +5 vendidos,No disponible,#1525937940,2024-03-15 22:01:51,Deportes y Fitness,Ciclismo,Repuestos,Cubiertas de Bicicleta,,
Cubierta Continental Ultra Sport 3 700x25 Kevlar-bikegarage Color Negro,https://www.mercadolibre.com.ar/cubierta-continental-ultra-sport-3-700x25-kevlar-bikegarage-color-negro/p/MLA27864901#searchVariation=MLA27864901&position=3&search_layout=stack&type=product&tracking_id=c9a8daa3-424d-48a9-ae80-953330e0a750,65.500,BIKEGARAGE ARGENTINA,Nuevo  |  +50 vendidos,(8 disponibles),Nuevo  |  +50 vendidos,No disponible,#1577827290,2024-03-15 22:01:51,Deportes y Fitness,Ciclismo,Repuestos,Cubiertas de Bicicleta,,
Cubierta Bicicleta Ruta Continental Ultra Sport Ill 700x23 Color Banda Verde,https://www.mercadolibre.com.ar/cubierta-bicicleta-ruta-continental-ultra-sport-ill-700x23-color-banda-verde/p/MLA27770502#searchVariation=MLA27770502&position=7&search_layout=stack&type=product&tracking_id=c9a8daa3-424d-48a9-ae80-953330e0a750,67.999,KOVAL BIKESHOP,Nuevo  |  3 vendidos,No disponible,Nuevo  |  3 vendidos,No disponible,#1544182202,2024-03-15 22:01:51,Deportes y Fitness,Ciclismo,Repuestos,Cubiertas de Bicicleta,,
"Neumático Continental Tubular Sprinter Gatorskin de 28 x 25 mm, color negro",https://www.mercadolibre.com.ar/neumatico-continental-tubular-sprinter-gatorskin-de-28-x-25-mm-color-negro/p/MLA28682237#searchVariation=MLA28682237&position=8&search_layout=stack&type=product&tracking_id=c9a8daa3-424d-48a9-ae80-953330e0a750,238.200,LUCAS.BIKE,Nuevo  |  +5 vendidos,(2 disponibles),Nuevo  |  +5 vendidos,No disponible,#1649847928,2024-03-15 22:01:51,Deportes y Fitness,Ciclismo,Repuestos,Cubiertas de Bicicleta,,
Cubierta Continental Ultra Sport 3 700x28 Kevlar-bikegarage Color Negro,https://www.mercadolibre.com.ar/cubierta-continental-ultra-sport-3-700x28-kevlar-bikegarage-color-negro/p/MLA27864905#searchVariation=MLA27864905&position=13&search_layout=stack&type=product&tracking_id=c9a8daa3-424d-48a9-ae80-953330e0a750,65.500,BIKEGARAGE ARGENTINA,Nuevo  |  2 vendidos,(4 disponibles),Nuevo  |  2 vendidos,No disponible,#1636571584,2024-03-15 22:01:51,Deportes y Fitness,Ciclismo,Repuestos,Cubiertas de Bicicleta,,
Neumáticos Continental Ultra Sport Ii 3 Kevlar Speed 28 700x28 Cor Negro,https://www.mercadolibre.com.ar/neumaticos-continental-ultra-sport-ii-3-kevlar-speed-28-700x28-cor-negro/p/MLA22605899#searchVariation=MLA22605899&position=14&search_layout=stack&type=product&tracking_id=c9a8daa3-424d-48a9-ae80-953330e0a750,65.500,BIKEGARAGE ARGENTINA,Nuevo  |  2 vendidos,(6 disponibles),Nuevo  |  2 vendidos,No disponible,#1636584598,2024-03-15 22:01:51,Deportes y Fitness,Ciclismo,Repuestos,Cubiertas de Bicicleta,,
Cubierta Continental Race King 27.5 X 2.2 Sport Mtb,https://articulo.mercadolibre.com.ar/MLA-1368311698-cubierta-continental-race-king-275-x-22-sport-mtb-_JM#position=21&search_layout=stack&type=item&tracking_id=c9a8daa3-424d-48a9-ae80-953330e0a750,65.900,BOHEMIA.BIKES,Nuevo  |  +25 vendidos,(4 disponibles),Nuevo  |  +25 vendidos,No disponible,#1368311698,2024-03-15 22:01:51,Deportes y Fitness,Ciclismo,Repuestos,Cubiertas de Bicicleta,,
Correa Distribucion Bora 2006 2007 2008 2009 1.9 Tdi Brasil,https://click1.mercadolibre.com.ar/mclics/clicks/external/MLA/count?a=Z3PbosVJGb2qD0P8equNSmydig4aGDEtQlKlu4fqcACnD5nrV%2FsZPLnA5AswAkFOIGUkbr6Y0c2GAEHiXqz44G9jl9NckN6rLtxy%2BW2d259TX%2BIOD0XpDC%2Bq5EmbIdyLSA9AdZK4iGTVucJv03CK%2FPRgdJyquwjhfSvVLChm9qyDgt51aqoFDANjDNlKDDmkN06tE32f5jy8hmFnT0TKOf%2Fx9kHE5n18ek7Lt3U9nmhvhyRARQWynUlSzJiEEkzrpMVqC39zN4eOEwQhi3SByT9f4RDDU10lddQ1qlBJyOpYmDLzaM31OuMrvdNqzBEUthmtXlc7bbmmmaoEJMskTw137IT09dTu83Ust762spQguXd1Io4RdUa0hFHeDowOBSRO7HIzlS1FxMcKBbGle3T4V8i6%2BKlYMuCwl%2BLX3EYBDYFbeWhS3TEgfId0thyhL7F9Z5HdrkvWTsXMZxeJcwGZUHdA2hFRdR4sOL4P8VXI%2B7SA6aB8YjJGhLQM1Aw5kPOu%2B6jLWuyLjyE61XrgHN2b9lL%2F4ezuZvRZbibtb1T9qjGXKdE20JRIraW6VfhUmhsL1bcjshrIWXgUkGZBg7vj5DofaG94Oa4GstinZ8n0JdY39sMCQKYmDoh2Co%2Fj2w1LN7wNu%2Bs4b4Jvq0pZWIF93cgV1vRnE3j7Ci4UnJxYPY1yBZsACdW6Mzd7EEG%2ByO349UOv%2BI4BPMgP8GOjGra0CM6SJ5M%3D&e=mclics%2Fpseudo-search-pads-buybox%2B7708%2Cmclics%2Fsearch-list-ad-algorithm%2BDEFAULT%2Cmclics%2Fmax-bid-capped%2B36383&rb=x,132.762,WEBPARTS_OK,Nuevo  |  +5 vendidos,No disponible,Nuevo  |  +5 vendidos,No disponible,#1123066040,2024-03-15 22:01:51,Accesorios para Vehículos,Repuestos Autos y Camionetas,Motor,Distribución,Correas de Distribución,
Kit Distribucion Suran 1.6 2004 2005 2006 2007 Brasil,https://click1.mercadolibre.com.ar/mclics/clicks/external/MLA/count?a=feL2I9PSPUVbnKbmoOvbIPfGvbD35%2BcGQN3zK1FK6F4gIc52axeaEYpotW8VYcJSR5gk8gN%2FOIxRLoDgWwzv%2FExmauupmx5HKcEKTIUDcOpdRcaj0I5tx2yz7uDVwnc9XEjb1F6zsE8%2B%2FjTkuk%2Fa2FUDi0Wi%2Fn%2FWRHjJBJbxbOuv00VGG5AFuaR4zQP5BORW5SEeP8V6nc4AH5YwnfdV0wgmgd4kKeyHGgLO5XIHtn%2FcicfcEZXgmv4u3pp5RGEUDD1qJN2TL17FR%2F%2Ftmr%2F00zeHK7QBOPIhBdK6w4G1xMSOr75lf9LvrgzECz%2FSUml1WG7SJNoG4pYo5Fc0Xut3fVe%2FihMT4HSvLBa2CpMngYSjC0UuV5UUov9k3RaToxiCgboiCmiU09gXwX9POp35M6JMSa7O5Xgpc3fk0qmfLPMxmXUtLZIuwPpm23iUJTrgmrLrH71QqamdjRyS3hJ7%2BvWuVhkNQozpUAm9Fp%2BtzgCUFXezhh%2BHcucYtLlS5cruENaMuxUq3LYg63XYQaxgTPXc4jK2Y139k7%2F%2BvgSKjwgzCRuG9YTvoxSgMHsZqM6UDE9oLWNl0nDju9ECzPHmkKKajCMQfaMuP6F0fG%2FEHJ2n93A8plJYq%2BkxBXwHoti27RzMrdpZndu6%2FVpKiewEcE%2BXJ%2BncCP2QH3oTBK3pd1viy7PLf%2BLDDr9ZpQD%2BXcgtDqXCi6a%2FOIlTMldJuQaDErY%3D&e=mclics%2Fpseudo-search-pads-buybox%2B7708%2Cmclics%2Fsearch-list-ad-algorithm%2BDEFAULT%2Cmclics%2Fmax-bid-capped%2B36383&rb=x,68.498,WEBPARTS_OK,Nuevo  |  +5 vendidos,(2 disponibles),Nuevo  |  +5 vendidos,No disponible,#1114145685,2024-03-15 22:01:51,Accesorios para Vehículos,Repuestos Autos y Camionetas,Motor,Distribución,Kits de Distribución,
Cubierta Continental 29x2.2 Race King Kevlar Tubeless C-415b,https://articulo.mercadolibre.com.ar/MLA-1369873537-cubierta-continental-29x22-race-king-kevlar-tubeless-c-415b-_JM#position=22&search_layout=stack&type=item&tracking_id=c9a8daa3-424d-48a9-ae80-953330e0a750,92.896,CODIGO PARQUE,Nuevo  |  +5 vendidos,(6 disponibles),Nuevo  |  +5 vendidos,No disponible,#1369873537,2024-03-15 22:01:51,Deportes y Fitness,Ciclismo,Repuestos,Cubiertas de Bicicleta,,
Camara+cubierta Continental Ultra Sport 3 700x25 ,https://articulo.mercadolibre.com.ar/MLA-1376165617-camaracubierta-continental-ultra-sport-3-700x25-_JM#position=23&search_layout=stack&type=item&tracking_id=c9a8daa3-424d-48a9-ae80-953330e0a750,85.000,TUPUNTOBICI,Nuevo  |  4 vendidos,(2 disponibles),Nuevo  |  4 vendidos,No disponible,#1376165617,2024-03-15 22:01:51,Deportes y Fitness,Ciclismo,Repuestos,Cubiertas de Bicicleta,,
Cubierta Continental Ultra Sport3  28 700x25c Ciclismo Ruta,https://articulo.mercadolibre.com.ar/MLA-924798883-cubierta-continental-ultra-sport3-28-700x25c-ciclismo-ruta-_JM#position=24&search_layout=stack&type=item&tracking_id=c9a8daa3-424d-48a9-ae80-953330e0a750,60.000,DMORE BIKES,Nuevo  |  +25 vendidos,(4 disponibles),Nuevo  |  +25 vendidos,No disponible,#924798883,2024-03-15 22:01:51,Deportes y Fitness,Ciclismo,Repuestos,Cubiertas de Bicicleta,,
Cubierta Continental 700x28 Ultra Sport Kevlar C-894,https://articulo.mercadolibre.com.ar/MLA-1632824536-cubierta-continental-700x28-ultra-sport-kevlar-c-894-_JM#position=25&search_layout=stack&type=item&tracking_id=c9a8daa3-424d-48a9-ae80-953330e0a750,75.113,CODIGO PARQUE,Nuevo  |  1 vendido,(3 disponibles),Nuevo  |  1 vendido,No disponible,#1632824536,2024-03-15 22:01:51,Deportes y Fitness,Ciclismo,Repuestos,Cubiertas de Bicicleta,,
Clincher Continental Ultra Sport Ill 700x28 Ruta,https://articulo.mercadolibre.com.ar/MLA-1696254800-clincher-continental-ultra-sport-ill-700x28-ruta-_JM#position=26&search_layout=stack&type=item&tracking_id=c9a8daa3-424d-48a9-ae80-953330e0a750,69.900,LAGARTOBIKE,Nuevo  |  1 vendido,No disponible,Nuevo  |  1 vendido,No disponible,#1696254800,2024-03-15 22:01:51,Deportes y Fitness,Ciclismo,Repuestos,Cubiertas de Bicicleta,,
Cubierta Continental Ultra Sport 3 700x25 Kevlar.,https://articulo.mercadolibre.com.ar/MLA-1410980431-cubierta-continental-ultra-sport-3-700x25-kevlar-_JM#position=27&search_layout=stack&type=item&tracking_id=c9a8daa3-424d-48a9-ae80-953330e0a750,57.950,BINI20231219181421,Nuevo  |  1 vendido,(7 disponibles),Nuevo  |  1 vendido,No disponible,#1410980431,2024-03-15 22:01:51,Deportes y Fitness,Ciclismo,Repuestos,Cubiertas de Bicicleta,,
"Neumático Continental Ultra Sport 3 700x23, negro/plegable, color negro",https://www.mercadolibre.com.ar/neumatico-continental-ultra-sport-3-700x23-negroplegable-color-negro/p/MLA27209869#searchVariation=MLA27209869&position=1&search_layout=stack&type=product&tracking_id=c9a8daa3-424d-48a9-ae80-953330e0a750,59.998,BIKESSMC,Nuevo  |  +100 vendidos,(4 disponibles),Nuevo  |  +100 vendidos,No disponible,#1408216421,2024-03-15 22:01:51,Deportes y Fitness,Ciclismo,Repuestos,Cubiertas de Bicicleta,,
Cubierta Continental Ultra Sport 3 700x25,https://articulo.mercadolibre.com.ar/MLA-1376098029-cubierta-continental-ultra-sport-3-700x25-_JM#position=28&search_layout=stack&type=item&tracking_id=c9a8daa3-424d-48a9-ae80-953330e0a750,72.000,TUPUNTOBICI,Nuevo  |  +25 vendidos,(5 disponibles),Nuevo  |  +25 vendidos,No disponible,#1376098029,2024-03-15 22:01:51,Deportes y Fitness,Ciclismo,Repuestos,Cubiertas de Bicicleta,,
Cubierta Continental Ultra Sport 3 700x25 Kevlar ,https://articulo.mercadolibre.com.ar/MLA-1568462250-cubierta-continental-ultra-sport-3-700x25-kevlar-_JM#position=29&search_layout=stack&type=item&tracking_id=c9a8daa3-424d-48a9-ae80-953330e0a750,78.500,TUPUNTOBICI,Nuevo  |  1 vendido,(7 disponibles),Nuevo  |  1 vendido,No disponible,#1568462250,2024-03-15 22:01:51,Deportes y Fitness,Ciclismo,Repuestos,Cubiertas de Bicicleta,,
Cubierta Continental Ultra Sport 3 700x23 Plegable ,https://articulo.mercadolibre.com.ar/MLA-1411735507-cubierta-continental-ultra-sport-3-700x23-plegable-_JM#position=30&search_layout=stack&type=item&tracking_id=c9a8daa3-424d-48a9-ae80-953330e0a750,69.992,BINI20231219181421,Nuevo,(4 disponibles),Nuevo,No disponible,#1411735507,2024-03-15 22:01:51,Deportes y Fitness,Ciclismo,Repuestos,Cubiertas de Bicicleta,,
Cubierta Bicicleta Ruta Continental Grand Prix 4000 S Il,https://articulo.mercadolibre.com.ar/MLA-1370028507-cubierta-bicicleta-ruta-continental-grand-prix-4000-s-il-_JM#position=31&search_layout=stack&type=item&tracking_id=c9a8daa3-424d-48a9-ae80-953330e0a750,184.138,KOVAL BIKESHOP,Nuevo,(4 disponibles),Nuevo,No disponible,#1370028507,2024-03-15 22:01:51,Deportes y Fitness,Ciclismo,Repuestos,Cubiertas de Bicicleta,,
Par Cubierta Continental Ultra Sport 3 700x25 Kevlar- Celero,https://articulo.mercadolibre.com.ar/MLA-1149322598-par-cubierta-continental-ultra-sport-3-700x25-kevlar-celero-_JM#position=32&search_layout=stack&type=item&tracking_id=c9a8daa3-424d-48a9-ae80-953330e0a750,165.990,CELERO BIKES,Nuevo  |  +5 vendidos,No disponible,Nuevo  |  +5 vendidos,No disponible,#1149322598,2024-03-15 22:01:51,Deportes y Fitness,Ciclismo,Repuestos,Cubiertas de Bicicleta,,
Tubos Bicicleta Continental Sprinter 700x25-lucas Bike,https://articulo.mercadolibre.com.ar/MLA-1154943195-tubos-bicicleta-continental-sprinter-700x25-lucas-bike-_JM#position=33&search_layout=stack&type=item&tracking_id=c9a8daa3-424d-48a9-ae80-953330e0a750,211.700,LUCAS.BIKE,Nuevo  |  +5 vendidos,(2 disponibles),Nuevo  |  +5 vendidos,No disponible,#1154943195,2024-03-15 22:01:51,Deportes y Fitness,Ciclismo,Repuestos,Cubiertas de Bicicleta,,
Cubierta Continental Grand Prix 5000 700x25 Ruta ,https://articulo.mercadolibre.com.ar/MLA-1136224049-cubierta-continental-grand-prix-5000-700x25-ruta-_JM#position=34&search_layout=stack&type=item&tracking_id=c9a8daa3-424d-48a9-ae80-953330e0a750,288.262,MUTANTBAIKYSAS,Nuevo  |  +5 vendidos,(2 disponibles),Nuevo  |  +5 vendidos,No disponible,#1136224049,2024-03-15 22:01:51,Deportes y Fitness,Ciclismo,Repuestos,Cubiertas de Bicicleta,,
Cubierta Continental Ultra Sport 3 700x28 Kevlar,https://articulo.mercadolibre.com.ar/MLA-1670606880-cubierta-continental-ultra-sport-3-700x28-kevlar-_JM#position=35&search_layout=stack&type=item&tracking_id=c9a8daa3-424d-48a9-ae80-953330e0a750,69.950,BINI20231219181421,Nuevo,(2 disponibles),Nuevo,No disponible,#1670606880,2024-03-15 22:01:51,Deportes y Fitness,Ciclismo,Repuestos,Cubiertas de Bicicleta,,
Tubo Continental Competition Pro Ltd 700 Bicicleta Nitro,https://articulo.mercadolibre.com.ar/MLA-1434387044-tubo-continental-competition-pro-ltd-700-bicicleta-nitro-_JM#position=36&search_layout=stack&type=item&tracking_id=c9a8daa3-424d-48a9-ae80-953330e0a750,257.400,NITROBIKES SRL,Nuevo,No disponible,Nuevo,No disponible,#1434387044,2024-03-15 22:01:51,Deportes y Fitness,Ciclismo,Repuestos,Cubiertas de Bicicleta,,
Par Cubiertas Continental 700x25 Ultra Sport  3 ,https://articulo.mercadolibre.com.ar/MLA-1413495485-par-cubiertas-continental-700x25-ultra-sport-3-_JM#position=37&search_layout=stack&type=item&tracking_id=c9a8daa3-424d-48a9-ae80-953330e0a750,180.000,BINI20231219181421,Nuevo  |  1 vendido,No disponible,Nuevo  |  1 vendido,No disponible,#1413495485,2024-03-15 22:01:51,Deportes y Fitness,Ciclismo,Repuestos,Cubiertas de Bicicleta,,
Kit Por 2 Cubiertas Continental Ultra Sport 3 700x28 Kevlar,https://articulo.mercadolibre.com.ar/MLA-1695531458-kit-por-2-cubiertas-continental-ultra-sport-3-700x28-kevlar-_JM#position=38&search_layout=stack&type=item&tracking_id=c9a8daa3-424d-48a9-ae80-953330e0a750,138.500,BINI20231219181421,Nuevo,(2 disponibles),Nuevo,No disponible,#1695531458,2024-03-15 22:01:51,Deportes y Fitness,Ciclismo,Repuestos,Cubiertas de Bicicleta,,
Cubierta Continental Ultra Sport Ill Plegable 700x25 ,https://articulo.mercadolibre.com.ar/MLA-1605216880-cubierta-continental-ultra-sport-ill-plegable-700x25-_JM#position=39&search_layout=stack&type=item&tracking_id=c9a8daa3-424d-48a9-ae80-953330e0a750,64.000,BINI20231219181421,Nuevo,(8 disponibles),Nuevo,No disponible,#1605216880,2024-03-15 22:01:51,Deportes y Fitness,Ciclismo,Repuestos,Cubiertas de Bicicleta,,
Cubierta Continental Ultra Sport Iii 700x23 Ruta Kevlar,https://articulo.mercadolibre.com.ar/MLA-1148929641-cubierta-continental-ultra-sport-iii-700x23-ruta-kevlar-_JM#position=40&search_layout=stack&type=item&tracking_id=c9a8daa3-424d-48a9-ae80-953330e0a750,115.013,MUTANTBAIKYSAS,Nuevo  |  +5 vendidos,(15 disponibles),Nuevo  |  +5 vendidos,No disponible,#1148929641,2024-03-15 22:01:51,Deportes y Fitness,Ciclismo,Repuestos,Cubiertas de Bicicleta,,
Cubierta Continental Race King 29x2.2 Túbeless ,https://articulo.mercadolibre.com.ar/MLA-1636571124-cubierta-continental-race-king-29x22-tubeless-_JM#position=41&search_layout=stack&type=item&tracking_id=c9a8daa3-424d-48a9-ae80-953330e0a750,80.900,BINI20231219181421,Nuevo,(4 disponibles),Nuevo,No disponible,#1636571124,2024-03-15 22:01:51,Deportes y Fitness,Ciclismo,Repuestos,Cubiertas de Bicicleta,,
Clincher Continental Grand Prix 5000 25mm - Alemanes-lucas,https://articulo.mercadolibre.com.ar/MLA-1128635811-clincher-continental-grand-prix-5000-25mm-alemanes-lucas-_JM#position=42&search_layout=stack&type=item&tracking_id=c9a8daa3-424d-48a9-ae80-953330e0a750,178.000,LUCAS.BIKE,Nuevo  |  +5 vendidos,(2 disponibles),Nuevo  |  +5 vendidos,No disponible,#1128635811,2024-03-15 22:01:51,Deportes y Fitness,Ciclismo,Repuestos,Cubiertas de Bicicleta,,
Par De Cubiertas Continental Ultra Sport 3 700x28 Kevlar,https://articulo.mercadolibre.com.ar/MLA-1375047155-par-de-cubiertas-continental-ultra-sport-3-700x28-kevlar-_JM#position=43&search_layout=stack&type=item&tracking_id=c9a8daa3-424d-48a9-ae80-953330e0a750,142.000,TUPUNTOBICI,Nuevo  |  1 vendido,No disponible,Nuevo  |  1 vendido,No disponible,#1375047155,2024-03-15 22:01:51,Deportes y Fitness,Ciclismo,Repuestos,Cubiertas de Bicicleta,,
Cubierta Bicicleta 26 X 1.90 Continental Double Fighter Il,https://articulo.mercadolibre.com.ar/MLA-1283584681-cubierta-bicicleta-26-x-190-continental-double-fighter-il-_JM#position=44&search_layout=stack&type=item&tracking_id=c9a8daa3-424d-48a9-ae80-953330e0a750,38.783,SIN-LIMITE,Nuevo  |  +5 vendidos,(13 disponibles),Nuevo  |  +5 vendidos,No disponible,#1283584681,2024-03-15 22:01:51,Deportes y Fitness,Ciclismo,Repuestos,Cubiertas de Bicicleta,,
Cubierta Continental Grand Prix 5000 700x23c Ruta,https://articulo.mercadolibre.com.ar/MLA-1573535656-cubierta-continental-grand-prix-5000-700x23c-ruta-_JM#position=45&search_layout=stack&type=item&tracking_id=c9a8daa3-424d-48a9-ae80-953330e0a750,230.000,VENTURA TRD.,Nuevo,(2 disponibles),Nuevo,No disponible,#1573535656,2024-03-15 22:01:51,Deportes y Fitness,Ciclismo,Repuestos,Cubiertas de Bicicleta,,
Cubierta Continental Ultra Sport 3 700x23 Kevlar Bikegarage ,https://articulo.mercadolibre.com.ar/MLA-1372049375-cubierta-continental-ultra-sport-3-700x23-kevlar-bikegarage-_JM#position=46&search_layout=stack&type=item&tracking_id=c9a8daa3-424d-48a9-ae80-953330e0a750,62.500,BIKEGARAGE ARGENTINA,Nuevo  |  +25 vendidos,(4 disponibles),Nuevo  |  +25 vendidos,No disponible,#1372049375,2024-03-15 22:01:51,Deportes y Fitness,Ciclismo,Repuestos,Cubiertas de Bicicleta,,
Cubierta Bicicleta Ruta Continental Grand Prix 4000 S Il,https://articulo.mercadolibre.com.ar/MLA-1527091174-cubierta-bicicleta-ruta-continental-grand-prix-4000-s-il-_JM#position=47&search_layout=stack&type=item&tracking_id=c9a8daa3-424d-48a9-ae80-953330e0a750,286.390,KOVAL BIKESHOP,Nuevo,(4 disponibles),Nuevo,No disponible,#1527091174,2024-03-15 22:01:51,Deportes y Fitness,Ciclismo,Repuestos,Cubiertas de Bicicleta,,
Cubierta Bicicleta Ruta Continental Grand Prix 4000 S Il,https://articulo.mercadolibre.com.ar/MLA-1527155380-cubierta-bicicleta-ruta-continental-grand-prix-4000-s-il-_JM#position=48&search_layout=stack&type=item&tracking_id=c9a8daa3-424d-48a9-ae80-953330e0a750,230.322,KOVAL BIKESHOP,Nuevo,(4 disponibles),Nuevo,No disponible,#1527155380,2024-03-15 22:01:51,Deportes y Fitness,Ciclismo,Repuestos,Cubiertas de Bicicleta,,
Par Cubiertas Continental Race King 29 Protection Bernstein,https://articulo.mercadolibre.com.ar/MLA-1335532707-par-cubiertas-continental-race-king-29-protection-bernstein-_JM#position=49&search_layout=stack&type=item&tracking_id=c9a8daa3-424d-48a9-ae80-953330e0a750,380.000,SFER1,Nuevo  |  3 vendidos,No disponible,Nuevo  |  3 vendidos,No disponible,#1335532707,2024-03-15 22:01:51,Deportes y Fitness,Ciclismo,Repuestos,Cubiertas de Bicicleta,,
Cubierta Continental Grand Prix 5000 Ciclismo Ruta 700*23,https://articulo.mercadolibre.com.ar/MLA-1384353381-cubierta-continental-grand-prix-5000-ciclismo-ruta-70023-_JM#position=50&search_layout=stack&type=item&tracking_id=c9a8daa3-424d-48a9-ae80-953330e0a750,297.558,DMORE BIKES,Nuevo,(2 disponibles),Nuevo,No disponible,#1384353381,2024-03-15 22:01:51,Deportes y Fitness,Ciclismo,Repuestos,Cubiertas de Bicicleta,,
Camara+cubierta Continental Ultra Sport 3 700x23 Kevlar ,https://articulo.mercadolibre.com.ar/MLA-1440320440-camaracubierta-continental-ultra-sport-3-700x23-kevlar-_JM#position=51&search_layout=stack&type=item&tracking_id=c9a8daa3-424d-48a9-ae80-953330e0a750,85.000,TUPUNTOBICI,Nuevo  |  4 vendidos,(2 disponibles),Nuevo  |  4 vendidos,No disponible,#1440320440,2024-03-15 22:01:51,Deportes y Fitness,Ciclismo,Repuestos,Cubiertas de Bicicleta,,
Cubierta Bicicleta Rod 26 X 1.90 Continental Town & Country ,https://articulo.mercadolibre.com.ar/MLA-1283525866-cubierta-bicicleta-rod-26-x-190-continental-town-country-_JM#position=52&search_layout=stack&type=item&tracking_id=c9a8daa3-424d-48a9-ae80-953330e0a750,38.783,SIN-LIMITE,Nuevo  |  +5 vendidos,(19 disponibles),Nuevo  |  +5 vendidos,No disponible,#1283525866,2024-03-15 22:01:51,Deportes y Fitness,Ciclismo,Repuestos,Cubiertas de Bicicleta,,
Clincher Continental Ultra Sport 3 700x25 Kevlar-lucas Bike,https://articulo.mercadolibre.com.ar/MLA-1150408256-clincher-continental-ultra-sport-3-700x25-kevlar-lucas-bike-_JM#position=53&search_layout=stack&type=item&tracking_id=c9a8daa3-424d-48a9-ae80-953330e0a750,82.400,LUCAS.BIKE,Nuevo  |  +25 vendidos,(2 disponibles),Nuevo  |  +25 vendidos,No disponible,#1150408256,2024-03-15 22:01:51,Deportes y Fitness,Ciclismo,Repuestos,Cubiertas de Bicicleta,,
Cubiertas Continental Kevlar Bici 700 X 23 - Ciclismo Salas,https://articulo.mercadolibre.com.ar/MLA-1118742277-cubiertas-continental-kevlar-bici-700-x-23-ciclismo-salas-_JM#position=54&search_layout=stack&type=item&tracking_id=c9a8daa3-424d-48a9-ae80-953330e0a750,69.999,SALAS MULTIDEPORTES,Nuevo  |  +5 vendidos,(4 disponibles),Nuevo  |  +5 vendidos,No disponible,#1118742277,2024-03-15 22:01:51,Deportes y Fitness,Ciclismo,Repuestos,Cubiertas de Bicicleta,,
Cubierta Continental Grand Sport Extra 700x23 Ruta Clincher,https://articulo.mercadolibre.com.ar/MLA-1383784917-cubierta-continental-grand-sport-extra-700x23-ruta-clincher-_JM#position=55&search_layout=stack&type=item&tracking_id=c9a8daa3-424d-48a9-ae80-953330e0a750,128.996,OSCAR_BIKESSS,Nuevo,(3 disponibles),Nuevo,No disponible,#1383784917,2024-03-15 22:01:51,Deportes y Fitness,Ciclismo,Repuestos,Cubiertas de Bicicleta,,
Par Cubierta Continental Ultra Sport 3 700x25 - Lucas Bike,https://articulo.mercadolibre.com.ar/MLA-1194783671-par-cubierta-continental-ultra-sport-3-700x25-lucas-bike-_JM#position=56&search_layout=stack&type=item&tracking_id=c9a8daa3-424d-48a9-ae80-953330e0a750,164.800,LUCAS.BIKE,Nuevo  |  +5 vendidos,No disponible,Nuevo  |  +5 vendidos,No disponible,#1194783671,2024-03-15 22:01:51,Deportes y Fitness,Ciclismo,Repuestos,Cubiertas de Bicicleta,,
Kit Distribucion Suran 1.6 2004 2005 2006 2007 Brasil,https://click1.mercadolibre.com.ar/mclics/clicks/external/MLA/count?a=nv0HfjhZ1SDKaJNJBlnruIqqcH41b0zCHjBk%2BBllnMdzyf67vA2M94gDeKR8ONU4P50186TrbV35ySQ1HEdjf%2Fraxg0o06fitk9eA5pzelYm8XRjI6IlEDRc63T8eMUnj8%2F%2BwY6mmCz9Ae3O9KQ%2FL8eoUjE9t%2FEwC%2FlCoV76UNr%2B%2BYmNJmVhwrMKY2Zd%2BZIgdeWc2X4Rff3miWOz5x5F26jXnFytdTl7YLj98XLZrO%2Fxf0biLKXLi9maqkyUCmwifuv%2FwmDO41pilgIePJGArGepKyaHtIZnw5iRQRiRNhWcYzm%2BwQmcsNXIjLaW0bPdoJbkaXCdZIehTa3Sf%2FJwMf3UEaL7R85AVJW4t91srI7NhN48Iw0aJX7zuhskyYCQahgsuxv3yEBIiO0%2BJnZN6TGLvry4waIHxRs7S4cId3JhiBTHSmgk7tvB%2BS2dH5CPHwz4FFtvN3Hy0onZDezPhqv5Jv9ItI5lbwJPnT8N%2B4EnjbHaCEl6ms%2BinCbVSExmJ6UXeW3Vkz0zxWgU9BywuDbRpPNXJBEJqTZbxr%2BUenkx8%2F24zMhg08FhWK6L5l6wd278omGknTVymkmEaqo0CbkMhjcbyJ2Jlke2sdlvAN1SXeiSIaSoQij1c%2BPaEFY5ZEjItxazrooRUPUGPClUELZa87%2BIfUB7UwSJbjey20GIOcDGd%2BDHThMOFFz6C9GQdRQU60hQga0lzFhIC1zo&e=mclics%2Fpseudo-search-pads-buybox%2B7708%2Cmclics%2Fsearch-list-ad-algorithm%2BDEFAULT%2Cmclics%2Fmax-bid-capped%2B36383&rb=x,68.498,WEBPARTS_OK,Nuevo  |  +5 vendidos,(2 disponibles),Nuevo  |  +5 vendidos,No disponible,#1114145685,2024-03-15 22:03:00,Accesorios para Vehículos,Repuestos Autos y Camionetas,Motor,Distribución,Kits de Distribución,
Autitos Hot Wheels Varios Modelos Mattel La Plata Original,https://click1.mercadolibre.com.ar/mclics/clicks/external/MLA/count?a=2mr%2BuqQBqiemSl1KUvL%2BTa%2B2Te6z64IQfKLQlCKVMnql8yXieBftGBPRLgweu7qfx%2BKIXMhjDu7dk6NAlfO9E0UQWKKonSQcpxfE4cTypGZ2FuapLHsZZztuqTIDFYxymcWzpuqCHkO8VHX%2B%2BfGnLcEaGXoZg7%2F9ts21hHxFQL8KwZN%2FiIETA1I6np9ZVmagQGfURKJrwNfxA0hLwL%2Ba2oOxdQrbvsxztqxqsB0ZTopBo1sQGTSfpNPLjVXOQtPLscHSBQ6%2FqGMVzTDlhUmMdsBlj3XfWCFavE3pjkrTxbO9bP8TFyEINv9%2BqWX9nhujuOQrNbKskO9ihEWVo%2F3M1Ltw1R7AiqqUYF9p2Fk9iBSYo5PwHhIeOCsjvqRdaT46nh9YiGkUd1rP8r22rBJNEp3F%2Bni%2BkH3P1Q%2BvLys2mX34zP28dKne2NdCNAJKd2wZTUkMZs7yXu6R8oTicuoQia7dj8g9UAx3e5eR%2BFTiLMeYO0pXIujmjhnC5IFmV9aXGp8X1bJtuO%2BgJP2lvVz0gEU1B7fC85mGmnbNroCm5g3%2BoRfmyVqKBTKwF2pH1vGM6eMDurol8OcEyvl%2BZDviMUGrgG7yfj%2FjWTZ7%2FX2fRAL7QYVON3dI7%2FmQ6JmbSu4ebOUwwq9uTR6UIst6GjPtfh7s%2FatI03OtcOlop5n%2BWOV7MBoPTRYgD0dknlt7T%2FOgHZ8Vazgjp%2BDWJaY0l5LZwTCSazFhRg1%2F0dOUACKkzO%2FqfHjt1I51HTK%2B3hVeaXPJaO8xoNx2NryTjPl%2FOZREp2FR16zDRqtD2I9LRPfAzVJizDWxA10%3D&e=mclics%2Fpseudo-search-pads-buybox%2B7708%2Cmclics%2Fsearch-list-ad-algorithm%2BDEFAULT%2Cmclics%2Fmax-bid-capped%2B36383&rb=x,7.499,ANTONIOHOBBY,Nuevo  |  +50 vendidos,No disponible,Nuevo  |  +50 vendidos,No disponible,#1464851676,2024-03-15 22:03:00,Juegos y Juguetes,Vehículos de Juguete,Vehículos a Escala,,,
Camara+cubierta Continental Ultra Sport 3 700x25 Kevlar,https://articulo.mercadolibre.com.ar/MLA-1427022292-camaracubierta-continental-ultra-sport-3-700x25-kevlar-_JM#position=11&search_layout=stack&type=item&tracking_id=0a024364-c628-4549-93b7-feb6aaf2f346,86.000,TUPUNTOBICI,Nuevo  |  +5 vendidos,(4 disponibles),Nuevo  |  +5 vendidos,No disponible,#1427022292,2024-03-15 22:03:00,Deportes y Fitness,Ciclismo,Repuestos,Cubiertas de Bicicleta,,
Medias Soquete  Elemento Pack X3 Hombre Deportiva Ultrasport,https://articulo.mercadolibre.com.ar/MLA-1446297032-medias-soquete-elemento-pack-x3-hombre-deportiva-ultrasport-_JM#position=12&search_layout=stack&type=item&tracking_id=0a024364-c628-4549-93b7-feb6aaf2f346,7.524,LENCERIAMAGUIBLUE,Nuevo  |  +5 vendidos,(7 disponibles),Nuevo  |  +5 vendidos,No disponible,#1446297032,2024-03-15 22:03:00,Ropa y Accesorios,Ropa Interior y de Dormir,Ropa Interior,Medias y Panties,Medias,
Cubiertas Ultra Sport,https://articulo.mercadolibre.com.ar/MLA-1121236521-cubiertas-ultra-sport-_JM#position=13&search_layout=stack&type=item&tracking_id=0a024364-c628-4549-93b7-feb6aaf2f346,62.500,JUANA.QUEVEDO,Nuevo  |  +25 vendidos,(4 disponibles),Nuevo  |  +25 vendidos,No disponible,#1121236521,2024-03-15 22:03:00,Deportes y Fitness,Ciclismo,Repuestos,Cubiertas de Bicicleta,,
Cubierta Continental Alemana 300 X 18 Con Tacos Tracker,https://articulo.mercadolibre.com.ar/MLA-627528222-cubierta-continental-alemana-300-x-18-con-tacos-tracker-_JM#position=14&search_layout=stack&type=item&tracking_id=0a024364-c628-4549-93b7-feb6aaf2f346,55.000,MOTOPARTS005,Nuevo  |  +5 vendidos,No disponible,Nuevo  |  +5 vendidos,No disponible,#627528222,2024-03-15 22:03:00,Deportes y Fitness,Ciclismo,Repuestos,Cubiertas de Bicicleta,,
Cubierta Mtb Continental Race King 27.5 Alambre- Oscar Bikes,https://articulo.mercadolibre.com.ar/MLA-908722667-cubierta-mtb-continental-race-king-275-alambre-oscar-bikes-_JM#position=15&search_layout=stack&type=item&tracking_id=0a024364-c628-4549-93b7-feb6aaf2f346,72.996,OSCAR_BIKESSS,Nuevo  |  +5 vendidos,(3 disponibles),Nuevo  |  +5 vendidos,No disponible,#908722667,2024-03-15 22:03:00,Deportes y Fitness,Ciclismo,Repuestos,Cubiertas de Bicicleta,,
Cubierta De Bicicleta Ruta Continental Grand Prix 4000 S Il,https://articulo.mercadolibre.com.ar/MLA-1388102297-cubierta-de-bicicleta-ruta-continental-grand-prix-4000-s-il-_JM#position=16&search_layout=stack&type=item&tracking_id=0a024364-c628-4549-93b7-feb6aaf2f346,211.103,DEVA ONLINE,Nuevo,(4 disponibles),Nuevo,No disponible,#1388102297,2024-03-15 22:03:00,Deportes y Fitness,Ciclismo,Repuestos,Cubiertas de Bicicleta,,
Software Arturia Vox Continental V Original Licencia Oficial,https://click1.mercadolibre.com.ar/mclics/clicks/external/MLA/count?a=UCMUk0c8Yn09ybtaAu07h151EKXQeE3jLVKnCxInRuG25oM5zw6h%2FHpbamSB8fhvkF3x6aQ03JeG%2FNaYBZtW%2BR4f4JjbVZ3AZDTGkISZZpe2BqGpgqp7k8PL%2F8tnEL93hGo%2FRjUunWsILBle%2Bxl%2FwBATS4cW0z%2FWojggMIXlfExyLT5pXOeJUf3Oyw8nWigDRtx%2FRCPqNiWgAyXsc6bqdp1Hf6h8qLfk4RRi4cFiES%2FyfQHvkHZvpm1krzc3nujuqZzLYbVY9nU6EuesTo42UWVTCcRnnmOykW7qjWDpgLgzDVoL5rufK178YxWtueLzrWKkmy54yUoS0mTJ3fungjNlzZtG0EULdEpctncnqqbedjrY%2B0UA92mEENXTuKqjyiV7Fv5txuu4kdOjBZxmzyc5D91LHoqM%2BVUY1U1GJ4LVcOFwS35So5KlWwPkYDpUjY55FroTVlXh1je2fcOxSL1PoF5h1bi9WAUhhaaSjBmCdOdY8ZImWtVJ4FbnBZyRIwDJyljDg6FYR8tbznzjJ4QueGy9Svtm4QTnuktOXxb1Z7bLGqLSt2oiFdIhj%2BL0cVAYsB8rh1b7UwVqFTBzxIswLQX96Vq4nHNAptQMjT%2Fg54Ni%2Fjm1wIbxjS5vnX6oVcLMM%2B7t406SrwHRDTntQqKQTzJcUCeJlFUvA5WDExJCngM%2FR7vryCByMJbk2bb43u1jed%2BHmGGJyDaO2hLkDbM6f3NR&e=mclics%2Fpseudo-search-pads-buybox%2B7708%2Cmclics%2Fsearch-list-ad-algorithm%2BDEFAULT%2Cmclics%2Fmax-bid-capped%2B36383&rb=x,1.351,Arturia,Nuevo  |  +5 vendidos,(89 disponibles),Nuevo  |  +5 vendidos,No disponible,#638398184,2024-03-15 22:03:00,Computación,Software,Diseño y Edición,,,
Funda Cubre Moto Royal Enfield Continental Gt 650 Silver!,https://click1.mercadolibre.com.ar/mclics/clicks/external/MLA/count?a=KJlv7iJyZPIw8nlW9iYgzBHltuRiUNp1JXR8Ssvn4Mhd%2B9K08242J%2BEt7SUxw5%2FQReaScjQI%2BoqJlgNUOJyxKyVMAnNAN4ANz6BMFRYLTNAqdj283dpesdF7tp1lpPYx5z%2FqIgeeKwTY5FiQOXbnhAMzW%2BNDvROvZpjj2RpIQQRW2ch6V1qNGaAIYx5S6kLoEFxwMPSqRFhDcYSD9UDeAHAQtpUelGEGd3BMxTkpQ8eeICJXwc9Iq0BURy9Smc2ilcHbnGfHGEcvFj%2FfAkQbAx%2Fq%2FwUeSDbDwv%2BC91blxQwcaz4SDYbX9DxTgESs%2Bkoh%2BQv66iDCaQ9OdKg4BXE5wUVlgllotpsU41b0Z5L44DoiSRRS9Izo2%2BxfmKTMNDdcRyFKGA1pcj4LKEItECKRNV7PiDP99KjxoEuuC2tZCFCmQUYLgcaJAdGV97dxZQmrp62CwxWXugu0hm9yxMBZnhZdNiTuX7FSfRFyUvsBmBod3K01o0Zt%2B4FKBboTZjjeVYswRipWbNMQhMkOu5BjmJ90AYtuLfMy7j7WLD3gpRNyRGEcQ%2FpUL9wbE%2B2IprQSoZJhG1UO5HC1qPxTuj58bZStmZRAYZdC3eRYywD8LK2rl0XBiTay6a3sWyqX9lPB5UbM5Ny1MYzq3EJQHG8y4gsyjKZ8KsPj5gZ3yilu3%2FXvoeU16f80PdUWoIUxWiZqoclQDecmHajRm7hrEfbUI9RPkxQ%3D&e=mclics%2Fpseudo-search-pads-buybox%2B7708%2Cmclics%2Fsearch-list-ad-algorithm%2BDEFAULT%2Cmclics%2Fmax-bid-capped%2B36383&rb=x,16.281,MX1-COVERS,Nuevo  |  +5 vendidos,(5 disponibles),Nuevo  |  +5 vendidos,No disponible,#1384580025,2024-03-15 22:03:00,Accesorios para Vehículos,Acc. para Motos y Cuatriciclos,Fundas,,,
Cubierta Bicicleta Ruta Continental Ultra Sport Ill 700x23,https://articulo.mercadolibre.com.ar/MLA-1388067425-cubierta-bicicleta-ruta-continental-ultra-sport-ill-700x23-_JM#position=17&search_layout=stack&type=item&tracking_id=0a024364-c628-4549-93b7-feb6aaf2f346,124.635,DEVA ONLINE,Nuevo  |  2 vendidos,No disponible,Nuevo  |  2 vendidos,No disponible,#1388067425,2024-03-15 22:03:00,Deportes y Fitness,Ciclismo,Repuestos,Cubiertas de Bicicleta,,
Clincher Continental Ultra Sport 3 700x23 Kevlar- Lucas Bike,https://articulo.mercadolibre.com.ar/MLA-1163876409-clincher-continental-ultra-sport-3-700x23-kevlar-lucas-bike-_JM#position=18&search_layout=stack&type=item&tracking_id=0a024364-c628-4549-93b7-feb6aaf2f346,82.400,LUCAS.BIKE,Nuevo  |  +25 vendidos,(2 disponibles),Nuevo  |  +25 vendidos,No disponible,#1163876409,2024-03-15 22:03:00,Deportes y Fitness,Ciclismo,Repuestos,Cubiertas de Bicicleta,,
Cubierta Continental Grand Prix 5000 Tubeless 700x25 Ruta,https://articulo.mercadolibre.com.ar/MLA-1405437227-cubierta-continental-grand-prix-5000-tubeless-700x25-ruta-_JM#position=21&search_layout=stack&type=item&tracking_id=0a024364-c628-4549-93b7-feb6aaf2f346,161.405,LAGARTOBIKE,Nuevo,(2 disponibles),Nuevo,No disponible,#1405437227,2024-03-15 22:03:00,Deportes y Fitness,Ciclismo,Repuestos,Cubiertas de Bicicleta,,
Cubierta Continental Race King 2.2 Mtb 29 Kevlar,https://articulo.mercadolibre.com.ar/MLA-1100703321-cubierta-continental-race-king-22-mtb-29-kevlar-_JM#position=22&search_layout=stack&type=item&tracking_id=0a024364-c628-4549-93b7-feb6aaf2f346,79.500,BIKEGARAGE ARGENTINA,Nuevo  |  +25 vendidos,(168 disponibles),Nuevo  |  +25 vendidos,No disponible,#1100703321,2024-03-15 22:03:00,Deportes y Fitness,Ciclismo,Repuestos,Cubiertas de Bicicleta,,
Cubierta Bicicleta Ruta Continental Ultra Sport Ill 700x23,https://articulo.mercadolibre.com.ar/MLA-1508635170-cubierta-bicicleta-ruta-continental-ultra-sport-ill-700x23-_JM#position=23&search_layout=stack&type=item&tracking_id=0a024364-c628-4549-93b7-feb6aaf2f346,164.862,DEVA ONLINE,Nuevo,No disponible,Nuevo,No disponible,#1508635170,2024-03-15 22:03:00,Deportes y Fitness,Ciclismo,Repuestos,Cubiertas de Bicicleta,,
Cubiertas Contiental Gran Prix 5000 - Made In Germany,https://articulo.mercadolibre.com.ar/MLA-912785770-cubiertas-contiental-gran-prix-5000-made-in-germany-_JM#position=24&search_layout=stack&type=item&tracking_id=0a024364-c628-4549-93b7-feb6aaf2f346,159.900,LAGARTOBIKE,Nuevo  |  +5 vendidos,(3 disponibles),Nuevo  |  +5 vendidos,No disponible,#912785770,2024-03-15 22:03:00,Deportes y Fitness,Ciclismo,Repuestos,Cubiertas de Bicicleta,,
Cubierta Continental Ultra Sport 3 700x25 Kevlar  Bicirich ,https://articulo.mercadolibre.com.ar/MLA-1695043638-cubierta-continental-ultra-sport-3-700x25-kevlar-bicirich-_JM#position=25&search_layout=stack&type=item&tracking_id=0a024364-c628-4549-93b7-feb6aaf2f346,61.990,OMARROBERTORICHEZE,Nuevo,(10 disponibles),Nuevo,No disponible,#1695043638,2024-03-15 22:03:00,Deportes y Fitness,Ciclismo,Repuestos,Cubiertas de Bicicleta,,
Cubiertas Continental Grand Prix 5000 - 700x25 - Alemanas,https://articulo.mercadolibre.com.ar/MLA-934323172-cubiertas-continental-grand-prix-5000-700x25-alemanas-_JM#position=26&search_layout=stack&type=item&tracking_id=0a024364-c628-4549-93b7-feb6aaf2f346,159.900,LAGARTOBIKE,Nuevo  |  +5 vendidos,(3 disponibles),Nuevo  |  +5 vendidos,No disponible,#934323172,2024-03-15 22:03:00,Deportes y Fitness,Ciclismo,Repuestos,Cubiertas de Bicicleta,,
Funda Cubre Moto Royal Enfield Bullet Continental Intercepto,https://click1.mercadolibre.com.ar/mclics/clicks/external/MLA/count?a=pPkWpnd7sDO6mHaoKkiPW4ZW%2F9spMbBldWgt%2BjbSgz7X9tEiZcoCWGp2W%2BiJRmXQ4pQ7jtKq10HjK5M0dZkV%2FPAQm2WtCpqfj6G%2BScuZUOesfwQKSamkTYyXCrNxn15aEUXXANKwdpugxlGm%2FzXlBrfFpM9XxSPBqqE6n0dhoFjLnyA4ipGtgQMo2szjgjoJ55YmpDPsjoADOqkrpUDvs5zk7th5glasSaeFA4jum3XekT7vXDTPpsIC4uoT90dhPI2ff5XZdoN0GJ%2FncoDUjATElQlmg9ncojH%2FAbnpagvS5qQ6eSdFSnJa2yi1%2BnSMXs6oW78wNDjYAgGYZ84x9IumZKr5X%2BzWBktXHOq6He3LXK9D7BeB45161d%2FdrRdBtJxMZ7uRW%2FlVxZnwXf0t7C3Pin8zMFHUmLg82Y%2F4%2BChmvLIKYI9fgSPPLibOba93AnOCb86%2FQNuU9IZxJVvyeOrvj4qTdgzGHgoputFW8ZSVHOj20rkO0MT9Ny1Q1voM3cD4m%2BU1eX4%2F6QkWBMHmG0hvF5AGCSajRd%2BdHF3%2FFNqjSH3cSn4HrZ897EGnYI%2FsWteXEotjQiVO8zwsrfz7u%2FSJ6rYd4RNKLMMe2h3cIftBisyhEHQM409cHZsiSr3gv9IpLKmNGC9g%2FchdMThDDo%2Fsm%2Bz%2FQBQ4T3MIO2JhHtyrzY0GYsTG5SaF02rQ%2Bh4Wb1GfEkKeHiHg9cVwPcAXD%2FfmHh40jrQ%3D&e=mclics%2Fpseudo-search-pads-buybox%2B7708%2Cmclics%2Fsearch-list-ad-algorithm%2BDEFAULT%2Cmclics%2Fmax-bid-capped%2B36383&rb=x,53.167,MX1-COVERS,Nuevo  |  +100 vendidos,(4 disponibles),Nuevo  |  +100 vendidos,No disponible,#817426519,2024-03-15 22:03:00,Accesorios para Vehículos,Acc. para Motos y Cuatriciclos,Fundas,,,
Correa Distribucion Bora 2006 2007 2008 2009 1.9 Tdi Brasil,https://click1.mercadolibre.com.ar/mclics/clicks/external/MLA/count?a=koXPwZ%2Fi6S7qi0kYw8D2rUyftuEOV1%2F5kgC38i0m31MLqwlGfcMzei%2F5iNzuS0EhrNQ1q4i9Y9af63P6zNVfvQtKSP2T6tFzG86%2FvMtroR2IKjMPJ2eCXVujNa06o%2BSNzXMsBUKCT%2B%2FWFZgzwX7hbGm8pcF6QWf5R27Oy4jr6eOfOnqVynFjB9NcVnaBswmZ3Tdt6YsHpcVvLnUMO5aTCNX%2Bb7SPLho0VlKvITr1z3XJbmnxqPVkHd%2FakIGrxsFaVfRT1LutHZ6xWfldSV0pS3WNbqGtbrl%2B4AOfLjktXM039RE0HK2c2lYRgpUgmRSMGnR4M6javpUWTljUeo9R4MwKWNVNXabVgvo%2FbsG3gVTNL1R7oPMpcV2b%2BmOZEGefhspxsNdR8bTtb3HODDlYe7qckuAmRG2bcLX1xyWKLo4HlRyOUHkW8cyOnNVGJ2ekO1tIiAf%2Bgw%2F%2BlkUjkvZPNvlwZpOzljRftYAKmYVvUrOmL1SIKwuqvjLdvHBGeuFntWL3G%2FCEBLRNQFvzt%2FkwD%2Bdgvzb8tsHX29%2B1fxjibKol1MFXFbc4FOziiSQtN8dyb4KTM%2BiPQ467x0B0ROAtOGI1ePSEe4XOq339BmFdLdm%2F9vEK078QcAk6LGh7WT14DEUgTeCUvxNkIKrZP8u1LwM3Mh8ZhI54YC96PyoiBNnaB%2Be%2Fqm%2FDeY4yWBuuNqqGTcvotWBBwlYgESyF2EZTkIx9ulhXq5XW&e=mclics%2Fpseudo-search-pads-buybox%2B7708%2Cmclics%2Fsearch-list-ad-algorithm%2BDEFAULT%2Cmclics%2Fmax-bid-capped%2B36383&rb=x,132.762,WEBPARTS_OK,Nuevo  |  +5 vendidos,No disponible,Nuevo  |  +5 vendidos,No disponible,#1123066040,2024-03-15 22:03:00,Accesorios para Vehículos,Repuestos Autos y Camionetas,Motor,Distribución,Correas de Distribución,
Pack 3 Pares Soquete Hombre Elemento Ultrasport Extralight,https://articulo.mercadolibre.com.ar/MLA-1428018086-pack-3-pares-soquete-hombre-elemento-ultrasport-extralight-_JM?searchVariation=178497872139#searchVariation=178497872139&position=27&search_layout=stack&type=item&tracking_id=0a024364-c628-4549-93b7-feb6aaf2f346,4.788,SAFE-DEAL,Nuevo  |  +5 vendidos,(54 disponibles),Nuevo  |  +5 vendidos,No disponible,#1428018086,2024-03-15 22:03:00,Ropa y Accesorios,Ropa Interior y de Dormir,Ropa Interior,Medias y Panties,Medias,
Pack X3 Media Deporte Soquete Hombre Ultrasport Elemento 513,https://articulo.mercadolibre.com.ar/MLA-1392494685-pack-x3-media-deporte-soquete-hombre-ultrasport-elemento-513-_JM#position=28&search_layout=stack&type=item&tracking_id=0a024364-c628-4549-93b7-feb6aaf2f346,2.990,CASA.SANDRITA.ADANYEVA,Nuevo  |  +5 vendidos,(4 disponibles),Nuevo  |  +5 vendidos,No disponible,#1392494685,2024-03-15 22:03:00,Ropa y Accesorios,Ropa Interior y de Dormir,Ropa Interior,Medias y Panties,Medias,
Medias Soquete  Elemento Pack X3 Hombre Deportivo Ultrasport,https://articulo.mercadolibre.com.ar/MLA-1116852971-medias-soquete-elemento-pack-x3-hombre-deportivo-ultrasport-_JM#position=29&search_layout=stack&type=item&tracking_id=0a024364-c628-4549-93b7-feb6aaf2f346,5.313,LENCERIAMAGUIBLUE,Nuevo  |  +25 vendidos,(5 disponibles),Nuevo  |  +25 vendidos,No disponible,#1116852971,2024-03-15 22:03:00,Ropa y Accesorios,Ropa Interior y de Dormir,Ropa Interior,Medias y Panties,Medias,
Medias Soquete  Elemento Pack X3 Hombre Deportiva Ultrasport,https://articulo.mercadolibre.com.ar/MLA-1129318597-medias-soquete-elemento-pack-x3-hombre-deportiva-ultrasport-_JM#position=30&search_layout=stack&type=item&tracking_id=0a024364-c628-4549-93b7-feb6aaf2f346,6.270,LENCERIAMAGUIBLUE,Nuevo  |  +25 vendidos,(3 disponibles),Nuevo  |  +25 vendidos,No disponible,#1129318597,2024-03-15 22:03:00,Ropa y Accesorios,Ropa Interior y de Dormir,Ropa Interior,Medias y Panties,Medias,
Medias Soquete Mujer Elemento Pack X3 Deportivo Ultrasport,https://articulo.mercadolibre.com.ar/MLA-1128980689-medias-soquete-mujer-elemento-pack-x3-deportivo-ultrasport-_JM#position=31&search_layout=stack&type=item&tracking_id=0a024364-c628-4549-93b7-feb6aaf2f346,5.047,LENCERIAMAGUIBLUE,Nuevo  |  +25 vendidos,(2 disponibles),Nuevo  |  +25 vendidos,No disponible,#1128980689,2024-03-15 22:03:00,Ropa y Accesorios,Ropa Interior y de Dormir,Ropa Interior,Medias y Panties,Medias,
Set 3 Medias Soquete Corto Mujer Elemento Liso Y/ó Estampado,https://articulo.mercadolibre.com.ar/MLA-1372843887-set-3-medias-soquete-corto-mujer-elemento-liso-yo-estampado-_JM?searchVariation=178591205617#searchVariation=178591205617&position=32&search_layout=stack&type=item&tracking_id=0a024364-c628-4549-93b7-feb6aaf2f346,4.446,SAFE-DEAL,Nuevo  |  +25 vendidos,(6 disponibles),Nuevo  |  +25 vendidos,No disponible,#1372843887,2024-03-15 22:03:00,Ropa y Accesorios,Ropa Interior y de Dormir,Ropa Interior,Medias y Panties,Medias,
Medias Soquete  Elemento Pack X6 Hombre Deportiva Ultrasport,https://articulo.mercadolibre.com.ar/MLA-1376386225-medias-soquete-elemento-pack-x6-hombre-deportiva-ultrasport-_JM#position=33&search_layout=stack&type=item&tracking_id=0a024364-c628-4549-93b7-feb6aaf2f346,16.000,LENCERIAMAGUIBLUE,Nuevo  |  2 vendidos,No disponible,Nuevo  |  2 vendidos,No disponible,#1376386225,2024-03-15 22:03:00,Ropa y Accesorios,Ropa Interior y de Dormir,Ropa Interior,Medias y Panties,Medias,
Pack X3 Medias Soquetes Ultrasport Deportivas Mujer Elemento,https://articulo.mercadolibre.com.ar/MLA-1150053132-pack-x3-medias-soquetes-ultrasport-deportivas-mujer-elemento-_JM#position=34&search_layout=stack&type=item&tracking_id=0a024364-c628-4549-93b7-feb6aaf2f346,6.900,LENCERIA MARIFLOR,Nuevo  |  +5 vendidos,(15 disponibles),Nuevo  |  +5 vendidos,No disponible,#1150053132,2024-03-15 22:03:00,Ropa y Accesorios,Ropa Interior y de Dormir,Ropa Interior,Medias y Panties,Medias,
Soquetes Hombre Pack X3 Elemento,https://articulo.mercadolibre.com.ar/MLA-922347263-soquetes-hombre-pack-x3-elemento-_JM?searchVariation=175128551825#searchVariation=175128551825&position=35&search_layout=stack&type=item&tracking_id=0a024364-c628-4549-93b7-feb6aaf2f346,8.417,ANELLA LINGERIE,Nuevo  |  +25 vendidos,(50 disponibles),Nuevo  |  +25 vendidos,No disponible,#922347263,2024-03-15 22:03:00,Ropa y Accesorios,Ropa Interior y de Dormir,Ropa Interior,Medias y Panties,Medias,
Soquete De Mujer Elemento Ultrasport Pack X 12 Art 551,https://articulo.mercadolibre.com.ar/MLA-1125761159-soquete-de-mujer-elemento-ultrasport-pack-x-12-art-551-_JM#position=36&search_layout=stack&type=item&tracking_id=0a024364-c628-4549-93b7-feb6aaf2f346,18.191,CASA NUDOS,Nuevo  |  4 vendidos,(2 disponibles),Nuevo  |  4 vendidos,No disponible,#1125761159,2024-03-15 22:03:00,Ropa y Accesorios,Ropa Interior y de Dormir,Ropa Interior,Medias y Panties,Medias,
Medias Soquete  Elemento Pack X6 Hombre Deportiva Ultrasport,https://articulo.mercadolibre.com.ar/MLA-1129280922-medias-soquete-elemento-pack-x6-hombre-deportiva-ultrasport-_JM#position=37&search_layout=stack&type=item&tracking_id=0a024364-c628-4549-93b7-feb6aaf2f346,13.775,LENCERIAMAGUIBLUE,Nuevo  |  +25 vendidos,(3 disponibles),Nuevo  |  +25 vendidos,No disponible,#1129280922,2024-03-15 22:03:00,Ropa y Accesorios,Ropa Interior y de Dormir,Ropa Interior,Medias y Panties,Medias,
Pack X3 Media Deporte Soquete Hombre Ultrasport Elemento 513,https://articulo.mercadolibre.com.ar/MLA-920708017-pack-x3-media-deporte-soquete-hombre-ultrasport-elemento-513-_JM#position=38&search_layout=stack&type=item&tracking_id=0a024364-c628-4549-93b7-feb6aaf2f346,5.290,ADAN.EVA.LENCERIA,Nuevo  |  +100 vendidos,(36 disponibles),Nuevo  |  +100 vendidos,No disponible,#920708017,2024-03-15 22:03:00,Ropa y Accesorios,Ropa Interior y de Dormir,Ropa Interior,Medias y Panties,Medias,
Pack X3 Media Soquete Hombre Ultrasport Surtido Elemento 501,https://articulo.mercadolibre.com.ar/MLA-1379186216-pack-x3-media-soquete-hombre-ultrasport-surtido-elemento-501-_JM#position=39&search_layout=stack&type=item&tracking_id=0a024364-c628-4549-93b7-feb6aaf2f346,6.125,PORTAL COMPRAS,Nuevo  |  3 vendidos,(4 disponibles),Nuevo  |  3 vendidos,No disponible,#1379186216,2024-03-15 22:03:00,Ropa y Accesorios,Ropa Interior y de Dormir,Ropa Interior,Medias y Panties,Medias,
"Anzuelos Mustad, Modelo Ultrasport #14 Made In Noruega",https://articulo.mercadolibre.com.ar/MLA-861412297-anzuelos-mustad-modelo-ultrasport-14-made-in-noruega-_JM#position=40&search_layout=stack&type=item&tracking_id=0a024364-c628-4549-93b7-feb6aaf2f346,4.499,JULINNORRES,Nuevo  |  1 vendido,(2 disponibles),Nuevo  |  1 vendido,No disponible,#861412297,2024-03-15 22:03:00,...,...,Equipamiento para Pescar,Cañas y Accesorios,"Señuelos, Anzuelos y Moscas",Anzuelos
Pack X3 Media Deporte Soquete Hombre Ultrasport Elemento 513,https://articulo.mercadolibre.com.ar/MLA-1143378418-pack-x3-media-deporte-soquete-hombre-ultrasport-elemento-513-_JM#position=41&search_layout=stack&type=item&tracking_id=0a024364-c628-4549-93b7-feb6aaf2f346,5.290,LENCERIA.SHELI,Nuevo  |  +25 vendidos,(19 disponibles),Nuevo  |  +25 vendidos,No disponible,#1143378418,2024-03-15 22:03:00,Ropa y Accesorios,Ropa Interior y de Dormir,Ropa Interior,Medias y Panties,Medias,
Pack X3 Media Soquete Hombre Ultrasport Surtido Elemento 501,https://articulo.mercadolibre.com.ar/MLA-1669803446-pack-x3-media-soquete-hombre-ultrasport-surtido-elemento-501-_JM#position=42&search_layout=stack&type=item&tracking_id=0a024364-c628-4549-93b7-feb6aaf2f346,11.490,ADAN.EVA.LENCERIA,Nuevo,(18 disponibles),Nuevo,No disponible,#1669803446,2024-03-15 22:03:00,Ropa y Accesorios,Ropa Deportiva,Medias,,,
Pack X3 Media Soquete Hombre Ultrasport Surtido Elemento 501,https://articulo.mercadolibre.com.ar/MLA-1537979586-pack-x3-media-soquete-hombre-ultrasport-surtido-elemento-501-_JM#position=43&search_layout=stack&type=item&tracking_id=0a024364-c628-4549-93b7-feb6aaf2f346,6.090,CASA.SANDRITA.ADANYEVA,Nuevo  |  3 vendidos,No disponible,Nuevo  |  3 vendidos,No disponible,#1537979586,2024-03-15 22:03:00,Ropa y Accesorios,Ropa Interior y de Dormir,Ropa Interior,Medias y Panties,Medias,
Pack X6 Medias Soquete Dama Ultrasport Surtidos Elemento 551,https://articulo.mercadolibre.com.ar/MLA-1403571893-pack-x6-medias-soquete-dama-ultrasport-surtidos-elemento-551-_JM#position=44&search_layout=stack&type=item&tracking_id=0a024364-c628-4549-93b7-feb6aaf2f346,10.290,CASA.SANDRITA.ADANYEVA,Nuevo,(3 disponibles),Nuevo,No disponible,#1403571893,2024-03-15 22:03:00,Ropa y Accesorios,Ropa Interior y de Dormir,Ropa Interior,Medias y Panties,Medias,
Medias Soquete Mujer Elemento Pack X6 Deportivo Ultrasport,https://articulo.mercadolibre.com.ar/MLA-1128920803-medias-soquete-mujer-elemento-pack-x6-deportivo-ultrasport-_JM#position=45&search_layout=stack&type=item&tracking_id=0a024364-c628-4549-93b7-feb6aaf2f346,9.563,LENCERIAMAGUIBLUE,Nuevo  |  +5 vendidos,(4 disponibles),Nuevo  |  +5 vendidos,No disponible,#1128920803,2024-03-15 22:03:00,Ropa y Accesorios,Ropa Interior y de Dormir,Ropa Interior,Medias y Panties,Medias,
Soquetes Hombre Elemento Docena,https://articulo.mercadolibre.com.ar/MLA-1336298504-soquetes-hombre-elemento-docena-_JM?searchVariation=176511977356#searchVariation=176511977356&position=46&search_layout=stack&type=item&tracking_id=0a024364-c628-4549-93b7-feb6aaf2f346,32.498,ANELLA LINGERIE,Nuevo  |  +5 vendidos,(50 disponibles),Nuevo  |  +5 vendidos,No disponible,#1336298504,2024-03-15 22:03:00,Ropa y Accesorios,Ropa Interior y de Dormir,Ropa Interior,Medias y Panties,Medias,
Soquetes Mujer Pack X3 Elemento,https://articulo.mercadolibre.com.ar/MLA-1126440783-soquetes-mujer-pack-x3-elemento-_JM?searchVariation=175127623574#searchVariation=175127623574&position=47&search_layout=stack&type=item&tracking_id=0a024364-c628-4549-93b7-feb6aaf2f346,7.919,ANELLA LINGERIE,Nuevo  |  +5 vendidos,(49 disponibles),Nuevo  |  +5 vendidos,No disponible,#1126440783,2024-03-15 22:03:00,Ropa y Accesorios,Ropa Interior y de Dormir,Ropa Interior,Medias y Panties,Medias,
Buzo Ganguro Villa Mitre Verde/blanco/negro,https://articulo.mercadolibre.com.ar/MLA-927132958-buzo-ganguro-villa-mitre-verdeblanconegro-_JM#position=48&search_layout=stack&type=item&tracking_id=0a024364-c628-4549-93b7-feb6aaf2f346,30.850,Ferreira Sport,Nuevo  |  +25 vendidos,(22 disponibles),Nuevo  |  +25 vendidos,No disponible,#927132958,2024-03-15 22:03:00,Ropa y Accesorios,Abrigos,Buzos y Hoodies,,,
Short Ultra Hombre Futbol C/bolsillo Negro Dygsport,https://articulo.mercadolibre.com.ar/MLA-1138513196-short-ultra-hombre-futbol-cbolsillo-negro-dygsport-_JM#position=49&search_layout=stack&type=item&tracking_id=0a024364-c628-4549-93b7-feb6aaf2f346,4.499,DYG SPORT,Nuevo  |  2 vendidos,(2 disponibles),Nuevo  |  2 vendidos,No disponible,#1138513196,2024-03-15 22:03:00,Ropa y Accesorios,Ropa Deportiva,Shorts,,,
Pantalon Ultra Niño Chupin Villa Mitre Futbol,https://articulo.mercadolibre.com.ar/MLA-880502483-pantalon-ultra-nino-chupin-villa-mitre-futbol-_JM#position=50&search_layout=stack&type=item&tracking_id=0a024364-c628-4549-93b7-feb6aaf2f346,27.350,FERREIRA.SPORT,Nuevo,(36 disponibles),Nuevo,No disponible,#880502483,2024-03-15 22:03:00,Ropa y Accesorios,Pantalones,,,,
Pantalon Ultra Hombre Chupin Villa Mitre,https://articulo.mercadolibre.com.ar/MLA-830647579-pantalon-ultra-hombre-chupin-villa-mitre-_JM#position=51&search_layout=stack&type=item&tracking_id=0a024364-c628-4549-93b7-feb6aaf2f346,28.960,Ferreira Sport,Nuevo  |  +5 vendidos,(5 disponibles),Nuevo  |  +5 vendidos,No disponible,#830647579,2024-03-15 22:03:00,Ropa y Accesorios,Pantalones,,,,
Neumático Continental ContiPowerContact P 205/55R17 91 V,https://www.mercadolibre.com.ar/neumatico-continental-contipowercontact-p-20555r17-91-v/p/MLA15544227#searchVariation=MLA15544227&position=4&search_layout=stack&type=product&tracking_id=0a024364-c628-4549-93b7-feb6aaf2f346,329.693,IL_CAVALLINO,Nuevo  |  +500 vendidos,(4 disponibles),Nuevo  |  +500 vendidos,No disponible,#1404648255,2024-03-15 22:03:00,Accesorios para Vehículos,Neumáticos,Neumáticos de Auto y Camioneta,,,
Neumático Continental PowerContact 2 205/55R16 91 V,https://www.mercadolibre.com.ar/neumatico-continental-powercontact-2-20555r16-91-v/p/MLA15014087#searchVariation=MLA15014087&position=5&search_layout=stack&type=product&tracking_id=0a024364-c628-4549-93b7-feb6aaf2f346,210.000,MERCADONEUMATICOS,Nuevo  |  +500 vendidos,No disponible,Nuevo  |  +500 vendidos,No disponible,#1705612452,2024-03-15 22:03:00,Accesorios para Vehículos,Neumáticos,Neumáticos de Auto y Camioneta,,,
Pantalla Peugeot 208 2008 C4 Lounge Táctil Repuesto,https://articulo.mercadolibre.com.ar/MLA-1135160384-pantalla-peugeot-208-2008-c4-lounge-tactil-repuesto-_JM#position=52&search_layout=stack&type=item&tracking_id=0a024364-c628-4549-93b7-feb6aaf2f346,44.750,TUPANTALLAYA,Nuevo  |  +100 vendidos,No disponible,Nuevo  |  +100 vendidos,No disponible,#1135160384,2024-03-15 22:03:00,Accesorios para Vehículos,Audio para Vehículos,Reproductores,Estéreos,Con Pantalla,
Cuchara De Té Amazonas Tramontina Acero Inoxidable X 12 Color del mango Plateado,https://www.mercadolibre.com.ar/cuchara-de-te-amazonas-tramontina-acero-inoxidable-x-12-color-del-mango-plateado/p/MLA24367693#searchVariation=MLA24367693&position=6&search_layout=stack&type=product&tracking_id=0a024364-c628-4549-93b7-feb6aaf2f346,11.719,ARTILLERIAGASTRONOMICA,Nuevo  |  +1000 vendidos,(100 disponibles),Nuevo  |  +1000 vendidos,No disponible,#1589862524,2024-03-15 22:03:00,"Hogar, Muebles y Jardín",Bazar y Cocina,Vajilla y Artículos de Servir,Cubiertos,Cucharas,
Neumático Continental ContiPowerContact P 175/65R14 82 T,https://www.mercadolibre.com.ar/neumatico-continental-contipowercontact-p-17565r14-82-t/p/MLA14822782#searchVariation=MLA14822782&position=7&search_layout=stack&type=product&tracking_id=0a024364-c628-4549-93b7-feb6aaf2f346,177.009,IL_CAVALLINO,Nuevo  |  +500 vendidos,(7 disponibles),Nuevo  |  +500 vendidos,No disponible,#1405879769,2024-03-15 22:03:00,Accesorios para Vehículos,Neumáticos,Neumáticos de Auto y Camioneta,,,
Kit Correas Poly V P/ Volkswagen Suran Fox Voyage Gol Trend,https://articulo.mercadolibre.com.ar/MLA-1441450610-kit-correas-poly-v-p-volkswagen-suran-fox-voyage-gol-trend-_JM#position=53&search_layout=stack&type=item&tracking_id=0a024364-c628-4549-93b7-feb6aaf2f346,46.827,SAC REPUESTOS,Nuevo  |  +100 vendidos,(10 disponibles),Nuevo  |  +100 vendidos,No disponible,#1441450610,2024-03-15 22:03:00,Accesorios para Vehículos,Repuestos Autos y Camionetas,Motor,Correas de Accesorios,Correas Poly V,
Tactil Para Central Multimedia Peugeot 208 2008,https://articulo.mercadolibre.com.ar/MLA-1127689766-tactil-para-central-multimedia-peugeot-208-2008-_JM#position=54&search_layout=stack&type=item&tracking_id=0a024364-c628-4549-93b7-feb6aaf2f346,49.305,SPL-DIGITAL ONLINE,Nuevo  |  +500 vendidos,(11 disponibles),Nuevo  |  +500 vendidos,No disponible,#1127689766,2024-03-15 22:03:00,Accesorios para Vehículos,Audio para Vehículos,Reproductores,Estéreos,Con Pantalla,
Optica Led Royal Enfield Ojo D Angel Continental/scram/gt65 ,https://articulo.mercadolibre.com.ar/MLA-1372032553-optica-led-royal-enfield-ojo-d-angel-continentalscramgt65-_JM#position=55&search_layout=stack&type=item&tracking_id=0a024364-c628-4549-93b7-feb6aaf2f346,43.863,RACINGTAX,Nuevo  |  +25 vendidos,(6 disponibles),Nuevo  |  +25 vendidos,No disponible,#1372032553,2024-03-15 22:03:00,Accesorios para Vehículos,Repuestos Motos y Cuatriciclos,Faros y Ópticas,Ópticas,,
Neumático Continental ContiPowerContact P 205/60R16 92 H,https://www.mercadolibre.com.ar/neumatico-continental-contipowercontact-p-20560r16-92-h/p/MLA14822802#searchVariation=MLA14822802&position=8&search_layout=stack&type=product&tracking_id=0a024364-c628-4549-93b7-feb6aaf2f346,239.999,RENAULT NISSAN.BEIRO,Nuevo  |  +500 vendidos,(9 disponibles),Nuevo  |  +500 vendidos,No disponible,#1291781718,2024-03-15 22:03:00,Accesorios para Vehículos,Neumáticos,Neumáticos de Auto y Camioneta,,,
Neumático Continental ContiPremiumContact 5 P 185/65R15 88 T,https://www.mercadolibre.com.ar/neumatico-continental-contipremiumcontact-5-p-18565r15-88-t/p/MLA20575726#searchVariation=MLA20575726&position=3&search_layout=stack&type=product&tracking_id=0a024364-c628-4549-93b7-feb6aaf2f346,338.686,RENAULT LILLE,Nuevo  |  +25 vendidos,(11 disponibles),Nuevo  |  +25 vendidos,No disponible,#1401665665,2024-03-15 22:03:00,Accesorios para Vehículos,Neumáticos,Neumáticos de Auto y Camioneta,,,
Kit Distribucion + Bomba De Agua + Correas Gol Trend 1.6 8v,https://articulo.mercadolibre.com.ar/MLA-708129864-kit-distribucion-bomba-de-agua-correas-gol-trend-16-8v-_JM#position=56&search_layout=stack&type=item&tracking_id=0a024364-c628-4549-93b7-feb6aaf2f346,139.240,REPUESTOSSANCHEZDIAZ,Nuevo  |  +1000 vendidos,(5 disponibles),Nuevo  |  +1000 vendidos,No disponible,#708129864,2024-03-15 22:03:00,Accesorios para Vehículos,Repuestos Autos y Camionetas,Motor,Distribución,Kits de Distribución,
