Titulo,Enlace,Precios,Vendedor,Detalles,Cantidad,Estado,Oferta,Publicacion,Fecha_Ejecucion,Familia1,Familia2,Familia3,Familia4
Papel higiénico Higienol MAX simple 80 m pack de 4,https://www.mercadolibre.com.ar/papel-higienico-higienol-max-simple-80-m-pack-de-4/p/MLA16009102?pdp_filters=category:MLA388905#searchVariation=MLA16009102&position=4&search_layout=grid&type=product&tracking_id=50b2f425-3b83-4a64-bef3-9769e3db4142,4.264,Softys Argentina,Nuevo  |  +100mil vendidos,(105 disponibles),Nuevo  |  +100mil vendidos,No disponible,#1572246292,2024-03-17 22:03:16,"Hogar, Muebles y Jardín",Cuidado del Hogar y Lavandería,Desechables,Papeles Higiénicos
Papel higiénico Felpita Suavidad Que Enamora simple hoja 30 m de 4 u,https://www.mercadolibre.com.ar/papel-higienico-felpita-suavidad-que-enamora-simple-hoja-30-m-de-4-u/p/MLA16009109?pdp_filters=category:MLA388905#searchVariation=MLA16009109&position=7&search_layout=grid&type=product&tracking_id=50b2f425-3b83-4a64-bef3-9769e3db4142,1.440,MEJORPRECIO.COM.AR,Nuevo  |  +10mil vendidos,(1487 disponibles),Nuevo  |  +10mil vendidos,No disponible,#1136511960,2024-03-17 22:03:16,"Hogar, Muebles y Jardín",Cuidado del Hogar y Lavandería,Desechables,Papeles Higiénicos
Papel Higiénico Higienol Max Con Aloe X 4 Unid De 80 Mt,https://www.mercadolibre.com.ar/papel-higienico-higienol-max-con-aloe-x-4-unid-de-80-mt/p/MLA27849411?pdp_filters=category:MLA388905#searchVariation=MLA27849411&position=8&search_layout=grid&type=product&tracking_id=50b2f425-3b83-4a64-bef3-9769e3db4142,4.099,ARTICULOS MOHE,Nuevo  |  +1000 vendidos,(266 disponibles),Nuevo  |  +1000 vendidos,No disponible,#1545011764,2024-03-17 22:03:16,"Hogar, Muebles y Jardín",Cuidado del Hogar y Lavandería,Desechables,Papeles Higiénicos
Papel Higiénico Elegante Aloe Vera 30m Hoja Simple x6 Rollos,https://www.mercadolibre.com.ar/papel-higienico-elegante-aloe-vera-30m-hoja-simple-x6-rollos/p/MLA19772969?pdp_filters=category:MLA388905#searchVariation=MLA19772969&position=12&search_layout=grid&type=product&tracking_id=50b2f425-3b83-4a64-bef3-9769e3db4142,2.488,DILPEX,Nuevo  |  +1000 vendidos,(338 disponibles),Nuevo  |  +1000 vendidos,No disponible,#1438346046,2024-03-17 22:03:16,"Hogar, Muebles y Jardín",Cuidado del Hogar y Lavandería,Desechables,Papeles Higiénicos
Bolson Papel Higiénico 30 Rollos X 100mts Excelente Calidad,https://articulo.mercadolibre.com.ar/MLA-852858569-bolson-papel-higienico-30-rollos-x-100mts-excelente-calidad-_JM#position=40&search_layout=grid&type=item&tracking_id=50b2f425-3b83-4a64-bef3-9769e3db4142,13.499,JON_84,Nuevo  |  +5mil vendidos,(348 disponibles),Nuevo  |  +5mil vendidos,No disponible,#852858569,2024-03-17 22:03:16,"Hogar, Muebles y Jardín",Cuidado del Hogar y Lavandería,Desechables,Papeles Higiénicos
Papel Higiénico Simplicity Hoja Simple 4 U X 30 M C/u,https://www.mercadolibre.com.ar/papel-higienico-simplicity-hoja-simple-4-u-x-30-m-cu/p/MLA28714720?pdp_filters=category:MLA388905#searchVariation=MLA28714720&position=15&search_layout=grid&type=product&tracking_id=50b2f425-3b83-4a64-bef3-9769e3db4142,1.440,Farmacity,Nuevo  |  +5mil vendidos,(443 disponibles),Nuevo  |  +5mil vendidos,No disponible,#1398586921,2024-03-17 22:03:16,"Hogar, Muebles y Jardín",Cuidado del Hogar y Lavandería,Desechables,Papeles Higiénicos
Papel Higienico Elegante 50 Metros X 24 Un Blanco Premium,https://www.mercadolibre.com.ar/papel-higienico-elegante-50-metros-x-24-un-blanco-premium/p/MLA19541933?pdp_filters=category:MLA388905#searchVariation=MLA19541933&position=17&search_layout=grid&type=product&tracking_id=50b2f425-3b83-4a64-bef3-9769e3db4142,12.979,BOLSANORTE,Nuevo  |  +10mil vendidos,(4 disponibles),Nuevo  |  +10mil vendidos,No disponible,#1600959136,2024-03-17 22:03:16,"Hogar, Muebles y Jardín",Cuidado del Hogar y Lavandería,Desechables,Papeles Higiénicos
Toallas Intercaladas Para Mano Blancas 20x24 10 paquetes Calidad premium,https://www.mercadolibre.com.ar/toallas-intercaladas-para-mano-blancas-20x24-10-paquetes-calidad-premium/p/MLA27961454?pdp_filters=category:MLA388905#searchVariation=MLA27961454&position=21&search_layout=grid&type=product&tracking_id=50b2f425-3b83-4a64-bef3-9769e3db4142,16.124,ALISSINGTIENDA,Nuevo  |  +500 vendidos,(149 disponibles),Nuevo  |  +500 vendidos,No disponible,#1395883375,2024-03-17 22:03:16,"Hogar, Muebles y Jardín",Cuidado del Hogar y Lavandería,Desechables,Papeles Higiénicos
Papel Higiénico higienol Export Panal 4 Rollos X 30 Mts,https://www.mercadolibre.com.ar/papel-higienicohigienol-export-panal-4-rollos-x-30-mts/p/MLA19541927?pdp_filters=category:MLA388905#searchVariation=MLA19541927&position=19&search_layout=grid&type=product&tracking_id=50b2f425-3b83-4a64-bef3-9769e3db4142,1.659,Softys Argentina,Nuevo  |  +5mil vendidos,(169 disponibles),Nuevo  |  +5mil vendidos,No disponible,#1178986898,2024-03-17 22:03:16,"Hogar, Muebles y Jardín",Cuidado del Hogar y Lavandería,Desechables,Papeles Higiénicos
Papel Higiénico Elegante Premium Hoja Simple 80 m De 4 u,https://www.mercadolibre.com.ar/papel-higienico-elegante-premium-hoja-simple-80m-de4u/p/MLA19541929?pdp_filters=category:MLA388905#searchVariation=MLA19541929&position=26&search_layout=grid&type=product&tracking_id=50b2f425-3b83-4a64-bef3-9769e3db4142,4.100,SIN.PROBLEMAS,Nuevo  |  +10mil vendidos,No disponible,Nuevo  |  +10mil vendidos,No disponible,#1159050114,2024-03-17 22:03:16,"Hogar, Muebles y Jardín",Cuidado del Hogar y Lavandería,Desechables,Papeles Higiénicos
Papel Higienico Higienol Duo 50 Metros Paquete De 4 Unid. ,https://www.mercadolibre.com.ar/papel-higienico-higienol-duo-50-metros-paquete-de-4-unid/p/MLA19750314?pdp_filters=category:MLA388905#searchVariation=MLA19750314&position=23&search_layout=grid&type=product&tracking_id=50b2f425-3b83-4a64-bef3-9769e3db4142,6.205,Softys Argentina,Nuevo  |  +10mil vendidos,(282 disponibles),Nuevo  |  +10mil vendidos,No disponible,#1683169442,2024-03-17 22:03:16,"Hogar, Muebles y Jardín",Cuidado del Hogar y Lavandería,Desechables,Papeles Higiénicos
Papel Higienico Elegante Triple Hoja 20 metros X 4 Rollos Extra Confort Elegante Extra Confort Triple hoja - Pack - 4 - 1 - Triple - 20 m,https://www.mercadolibre.com.ar/papel-higienico-elegante-triple-hoja-20-metros-x-4-rollos-extra-confort-elegante-extra-confort-triple-hoja-pack-4-1-triple-20-m/p/MLA23891941?pdp_filters=category:MLA388905#searchVariation=MLA23891941&position=22&search_layout=grid&type=product&tracking_id=50b2f425-3b83-4a64-bef3-9769e3db4142,2.887,DILPEX,Nuevo  |  +1000 vendidos,(173 disponibles),Nuevo  |  +1000 vendidos,No disponible,#1431375714,2024-03-17 22:03:16,"Hogar, Muebles y Jardín",Cuidado del Hogar y Lavandería,Desechables,Papeles Higiénicos
Papel Higiénico Elegante Doble Hoja 30m Más Fuerte X4 Rollo,https://www.mercadolibre.com.ar/papel-higienico-elegante-doble-hoja-30m-mas-fuerte-x4-rollo/p/MLA22606249?pdp_filters=category:MLA388905#searchVariation=MLA22606249&position=24&search_layout=grid&type=product&tracking_id=50b2f425-3b83-4a64-bef3-9769e3db4142,3.034,DILPEX,Nuevo  |  +1000 vendidos,(61 disponibles),Nuevo  |  +1000 vendidos,No disponible,#1385927895,2024-03-17 22:03:16,"Hogar, Muebles y Jardín",Cuidado del Hogar y Lavandería,Desechables,Papeles Higiénicos
Papel Higienico Premium Elegante Doble Hoja 30 Mts,https://www.mercadolibre.com.ar/papel-higienico-premium-elegante-doble-hoja-30-mts/p/MLA19541939?pdp_filters=category:MLA388905#searchVariation=MLA19541939&position=25&search_layout=grid&type=product&tracking_id=50b2f425-3b83-4a64-bef3-9769e3db4142,3.050,SIN.PROBLEMAS,Nuevo  |  +10mil vendidos,(2 disponibles),Nuevo  |  +10mil vendidos,No disponible,#1163510114,2024-03-17 22:03:16,"Hogar, Muebles y Jardín",Cuidado del Hogar y Lavandería,Desechables,Papeles Higiénicos
Papel Higiénico Simplicity Simple Hoja X 4 Un De 80 M C/u,https://www.mercadolibre.com.ar/papel-higienico-simplicity-simple-hoja-x-4-un-de-80-m-cu/p/MLA19772967?pdp_filters=category:MLA388905#searchVariation=MLA19772967&position=1&search_layout=grid&type=product&tracking_id=50b2f425-3b83-4a64-bef3-9769e3db4142,2.925,Farmacity,Nuevo  |  +5mil vendidos,(454 disponibles),Nuevo  |  +5mil vendidos,No disponible,#1229008384,2024-03-17 22:03:16,"Hogar, Muebles y Jardín",Cuidado del Hogar y Lavandería,Desechables,Papeles Higiénicos
Bolsón Papel Higiénico Jumbo Blanco 8 Rollos X 300 Metros ,https://articulo.mercadolibre.com.ar/MLA-897841266-bolson-papel-higienico-jumbo-blanco-8-rollos-x-300-metros-_JM#position=41&search_layout=grid&type=item&tracking_id=50b2f425-3b83-4a64-bef3-9769e3db4142,9.899,JON_84,Nuevo  |  +10mil vendidos,(8287 disponibles),Nuevo  |  +10mil vendidos,No disponible,#897841266,2024-03-17 22:03:16,"Hogar, Muebles y Jardín",Cuidado del Hogar y Lavandería,Desechables,Papeles Higiénicos
Papel Higienico Higienol Doble Hoja Plus 30 Mts 4 Un,https://www.mercadolibre.com.ar/papel-higienico-higienol-doble-hoja-plus-30-mts-4-un/p/MLA23607866?pdp_filters=category:MLA388905#searchVariation=MLA23607866&position=3&search_layout=grid&type=product&tracking_id=50b2f425-3b83-4a64-bef3-9769e3db4142,3.400,PERFULIM,Nuevo  |  +10mil vendidos,(278 disponibles),Nuevo  |  +10mil vendidos,No disponible,#1391637289,2024-03-17 22:03:16,"Hogar, Muebles y Jardín",Cuidado del Hogar y Lavandería,Desechables,Papeles Higiénicos
Papel higiénico Felpita Suavidad Que Enamora simple hoja 30 m de 6 u,https://www.mercadolibre.com.ar/papel-higienico-felpita-suavidad-que-enamora-simple-hoja-30-m-de-6-u/p/MLA16009105?pdp_filters=category:MLA388905#searchVariation=MLA16009105&position=6&search_layout=grid&type=product&tracking_id=50b2f425-3b83-4a64-bef3-9769e3db4142,3.000,PAPELERAPARQUE,Nuevo  |  +1000 vendidos,(7 disponibles),Nuevo  |  +1000 vendidos,No disponible,#1411210125,2024-03-17 22:03:16,"Hogar, Muebles y Jardín",Cuidado del Hogar y Lavandería,Desechables,Papeles Higiénicos
Papel Higienico Bolson 30x100 Metros Rollos Blanco Economico,https://articulo.mercadolibre.com.ar/MLA-1371724029-papel-higienico-bolson-30x100-metros-rollos-blanco-economico-_JM#position=42&search_layout=grid&type=item&tracking_id=50b2f425-3b83-4a64-bef3-9769e3db4142,12.454,DISTRI STOCK,Nuevo  |  +500 vendidos,(91601 disponibles),Nuevo  |  +500 vendidos,No disponible,#1371724029,2024-03-17 22:03:16,"Hogar, Muebles y Jardín",Cuidado del Hogar y Lavandería,Desechables,Papeles Higiénicos
Papel Higienico Newpel 10 Rollos X30mts Doble Hoja ,https://articulo.mercadolibre.com.ar/MLA-1406637138-papel-higienico-newpel-10-rollos-x30mts-doble-hoja-_JM#position=43&search_layout=grid&type=item&tracking_id=50b2f425-3b83-4a64-bef3-9769e3db4142,8.999,PAPELERAPARQUE,Nuevo  |  +1000 vendidos,(138 disponibles),Nuevo  |  +1000 vendidos,No disponible,#1406637138,2024-03-17 22:03:16,"Hogar, Muebles y Jardín",Cuidado del Hogar y Lavandería,Desechables,Papeles Higiénicos
Papel Higiénico Elegante Suavidad Y Absorcion Hoja Simple 30 m De 4 u,https://www.mercadolibre.com.ar/papel-higienico-elegante-suavidad-y-absorcion-hoja-simple-30m-de4u/p/MLA19541937?pdp_filters=category:MLA388905#searchVariation=MLA19541937&position=5&search_layout=grid&type=product&tracking_id=50b2f425-3b83-4a64-bef3-9769e3db4142,1.965,MORASHOP,Nuevo  |  +1000 vendidos,(543 disponibles),Nuevo  |  +1000 vendidos,No disponible,#1540955692,2024-03-17 22:03:16,"Hogar, Muebles y Jardín",Cuidado del Hogar y Lavandería,Desechables,Papeles Higiénicos
Papel Higienico Elegante Doble Hoja 20 Metros X 4 Rollos,https://articulo.mercadolibre.com.ar/MLA-1422245270-papel-higienico-elegante-doble-hoja-20-metros-x-4-rollos-_JM#position=44&search_layout=grid&type=item&tracking_id=50b2f425-3b83-4a64-bef3-9769e3db4142,1.879,DILPEX,Nuevo  |  +1000 vendidos,(270 disponibles),Nuevo  |  +1000 vendidos,No disponible,#1422245270,2024-03-17 22:03:16,"Hogar, Muebles y Jardín",Cuidado del Hogar y Lavandería,Desechables,Papeles Higiénicos
Papel Higiénico Felpita 80 Metros - Bolsón De 10 Paquetes,https://www.mercadolibre.com.ar/papel-higienico-felpita-80-metros-bolson-de-10-paquetes/p/MLA22733056?pdp_filters=category:MLA388905#searchVariation=MLA22733056&position=10&search_layout=grid&type=product&tracking_id=50b2f425-3b83-4a64-bef3-9769e3db4142,34.490,MEJORPRECIO.COM.AR,Nuevo  |  +500 vendidos,(211 disponibles),Nuevo  |  +500 vendidos,No disponible,#1366765865,2024-03-17 22:03:16,"Hogar, Muebles y Jardín",Cuidado del Hogar y Lavandería,Desechables,Papeles Higiénicos
Toallas Papel Intercaladas Beige Linea Ecologica 20x24 Cms.,https://articulo.mercadolibre.com.ar/MLA-1364505891-toallas-papel-intercaladas-beige-linea-ecologica-20x24-cms-_JM#position=45&search_layout=grid&type=item&tracking_id=50b2f425-3b83-4a64-bef3-9769e3db4142,9.260,AROMES-GRUPOTH,Nuevo  |  +1000 vendidos,(29 disponibles),Nuevo  |  +1000 vendidos,No disponible,#1364505891,2024-03-17 22:03:16,"Hogar, Muebles y Jardín",Cuidado del Hogar y Lavandería,Desechables,Papeles Higiénicos
Toallas Intercaladas Papel 2500un - Beige Baño Dispenser ,https://articulo.mercadolibre.com.ar/MLA-842113165-toallas-intercaladas-papel-2500un-beige-bano-dispenser-_JM#position=46&search_layout=grid&type=item&tracking_id=50b2f425-3b83-4a64-bef3-9769e3db4142,9.025,TUPA9823,Nuevo  |  +1000 vendidos,(84 disponibles),Nuevo  |  +1000 vendidos,No disponible,#842113165,2024-03-17 22:03:16,"Hogar, Muebles y Jardín",Cuidado del Hogar y Lavandería,Desechables,Papeles Higiénicos
Bolson Papel Higiénico 40 Rollos X 100mts Excelente Calidad,https://articulo.mercadolibre.com.ar/MLA-810454448-bolson-papel-higienico-40-rollos-x-100mts-excelente-calidad-_JM#position=47&search_layout=grid&type=item&tracking_id=50b2f425-3b83-4a64-bef3-9769e3db4142,17.999,JON_84,Nuevo  |  +10mil vendidos,(1099 disponibles),Nuevo  |  +10mil vendidos,No disponible,#810454448,2024-03-17 22:03:16,"Hogar, Muebles y Jardín",Cuidado del Hogar y Lavandería,Desechables,Papeles Higiénicos
Bolsón Papel Higiénico Elite (Cód 6616) 30 Metros Doble Hoja 10 Paquetes x 4 unidades,https://www.mercadolibre.com.ar/bolson-papel-higienico-elite-cod-6616-30-metros-doble-hoja-10-paquetes-x-4-unidades/p/MLA20001758?pdp_filters=category:MLA388905#searchVariation=MLA20001758&position=14&search_layout=grid&type=product&tracking_id=50b2f425-3b83-4a64-bef3-9769e3db4142,34.978,PAPELERA CUMBRE,Nuevo  |  +10mil vendidos,(115 disponibles),Nuevo  |  +10mil vendidos,No disponible,#1607068684,2024-03-17 22:03:16,"Hogar, Muebles y Jardín",Cuidado del Hogar y Lavandería,Desechables,Papeles Higiénicos
Papel Higiénico Elite Ultra 4 X 30 Mts Doble Hoja - Bolsón,https://www.mercadolibre.com.ar/papel-higienico-elite-ultra-4-x-30-mts-doble-hoja-bolson/p/MLA28640305?pdp_filters=category:MLA388905#searchVariation=MLA28640305&position=16&search_layout=grid&type=product&tracking_id=50b2f425-3b83-4a64-bef3-9769e3db4142,44.999,TJ1905,Nuevo  |  +500 vendidos,(15 disponibles),Nuevo  |  +500 vendidos,No disponible,#1406208813,2024-03-17 22:03:16,"Hogar, Muebles y Jardín",Cuidado del Hogar y Lavandería,Desechables,Papeles Higiénicos
Papel Higienico 8u. 300 Mts C/u C.chico Elegante (cod. 5156),https://www.mercadolibre.com.ar/papel-higienico-8u-300-mts-cu-cchico-elegante-cod-5156/p/MLA20722344?pdp_filters=category:MLA388905#searchVariation=MLA20722344&position=20&search_layout=grid&type=product&tracking_id=50b2f425-3b83-4a64-bef3-9769e3db4142,33.900,DISTRIBUIDORA AHORRAMAS,Nuevo  |  +1000 vendidos,(35 disponibles),Nuevo  |  +1000 vendidos,No disponible,#1287989495,2024-03-17 22:03:16,"Hogar, Muebles y Jardín",Cuidado del Hogar y Lavandería,Desechables,Papeles Higiénicos
"Bolson Papel Higienico 30 Rollos X 80 Mts, Excelente Calidad",https://articulo.mercadolibre.com.ar/MLA-1119573538-bolson-papel-higienico-30-rollos-x-80-mts-excelente-calidad-_JM#position=48&search_layout=grid&type=item&tracking_id=50b2f425-3b83-4a64-bef3-9769e3db4142,12.329,PAPELERA JM,Nuevo  |  +1000 vendidos,(3228 disponibles),Nuevo  |  +1000 vendidos,No disponible,#1119573538,2024-03-17 22:03:16,"Hogar, Muebles y Jardín",Cuidado del Hogar y Lavandería,Desechables,Papeles Higiénicos
Papel Higienico Higienol Doble Hoja Premium Aloe Vera 4x30mt,https://www.mercadolibre.com.ar/papel-higienico-higienol-doble-hoja-premium-aloe-vera-4x30mt/p/MLA23578492?pdp_filters=category:MLA388905#searchVariation=MLA23578492&position=2&search_layout=grid&type=product&tracking_id=50b2f425-3b83-4a64-bef3-9769e3db4142,3.400,FOOD MARKET_,Nuevo  |  +5mil vendidos,No disponible,Nuevo  |  +5mil vendidos,No disponible,#1394413363,2024-03-17 22:03:16,"Hogar, Muebles y Jardín",Cuidado del Hogar y Lavandería,Desechables,Papeles Higiénicos
Toalla De Papel Blanca Intercalada New Pel 4 Paneles,https://www.mercadolibre.com.ar/toalla-de-papel-blanca-intercalada-new-pel-4-paneles/p/MLA20001771?pdp_filters=category:MLA388905#searchVariation=MLA20001771&position=9&search_layout=grid&type=product&tracking_id=50b2f425-3b83-4a64-bef3-9769e3db4142,13.019,PerfuFan,Nuevo  |  +100 vendidos,(38 disponibles),Nuevo  |  +100 vendidos,No disponible,#1404645439,2024-03-17 22:03:16,"Hogar, Muebles y Jardín",Cuidado del Hogar y Lavandería,Desechables,Papeles Higiénicos
Toallas Intercaladas Papel Blancas Linea Ecologica  20x24cms,https://articulo.mercadolibre.com.ar/MLA-1364518189-toallas-intercaladas-papel-blancas-linea-ecologica-20x24cms-_JM#position=49&search_layout=grid&type=item&tracking_id=50b2f425-3b83-4a64-bef3-9769e3db4142,9.465,AROMES-GRUPOTH,Nuevo  |  +1000 vendidos,(99 disponibles),Nuevo  |  +1000 vendidos,No disponible,#1364518189,2024-03-17 22:03:16,"Hogar, Muebles y Jardín",Cuidado del Hogar y Lavandería,Desechables,Papeles Higiénicos
Papel Higienico New Pel blanco extremo premium Bolson Simple Hoja 80 por 30 unidades ,https://www.mercadolibre.com.ar/papel-higienico-new-pel-blanco-extremo-premium-bolson-simple-hoja-80-por-30-unidades/p/MLA22377263?pdp_filters=category:MLA388905#searchVariation=MLA22377263&position=11&search_layout=grid&type=product&tracking_id=50b2f425-3b83-4a64-bef3-9769e3db4142,16.599,TODO BRILLANTE,Nuevo  |  +1000 vendidos,(7 disponibles),Nuevo  |  +1000 vendidos,No disponible,#1414813791,2024-03-17 22:03:16,"Hogar, Muebles y Jardín",Cuidado del Hogar y Lavandería,Desechables,Papeles Higiénicos
Papel higiénico Higienol MAX simple hoja 100 m de 4 u,https://www.mercadolibre.com.ar/papel-higienico-higienol-max-simple-hoja-100-m-de-4-u/p/MLA16009085?pdp_filters=category:MLA388905#searchVariation=MLA16009085&position=13&search_layout=grid&type=product&tracking_id=50b2f425-3b83-4a64-bef3-9769e3db4142,5.054,Mayorista Masivos,Nuevo  |  +10mil vendidos,(86 disponibles),Nuevo  |  +10mil vendidos,No disponible,#1144125403,2024-03-17 22:03:16,"Hogar, Muebles y Jardín",Cuidado del Hogar y Lavandería,Desechables,Papeles Higiénicos
Papel Higiénico Doble Hoja Elite Soft Touch 4x30mts,https://www.mercadolibre.com.ar/papel-higienico-doble-hoja-elite-soft-touch-4x30mts/p/MLA19541934?pdp_filters=category:MLA388905#searchVariation=MLA19541934&position=18&search_layout=grid&type=product&tracking_id=50b2f425-3b83-4a64-bef3-9769e3db4142,4.100,Softys Argentina,Nuevo  |  +10mil vendidos,(3 disponibles),Nuevo  |  +10mil vendidos,No disponible,#1178967302,2024-03-17 22:03:16,"Hogar, Muebles y Jardín",Cuidado del Hogar y Lavandería,Desechables,Papeles Higiénicos
3 Bolsón Papel Higiénico 30 Rollo X 40mts Económico,https://click1.mercadolibre.com.ar/mclics/clicks/external/MLA/count?a=%2B9krsHGJw8cCc0gwNv9PUMKTD6U8p2HiW%2FlEQZF8kmtMqPkB5ofEpJ16nxHKd41t8VV6gUgYFrM15zTeIUubsLaKYCRvPrgD8wTwtVlnSYXmCZbqF%2FjrfYh7ue2oS3DshE2mY1jki4tbF7opl%2BY9Yc6JCfHjJfyyKwnrMiDkyZPtQNjqIBnGud0aFI0M%2FR%2FgbdGlBTs3a7u8X7Y5Y22N7akdOUYhgXhi%2BdWcGTwH9C9RnMoGqNancjBgLNvk5yqHBCkWQHsS2jt2lWUtssv05GHxEh9mB8LzjbgWjcHFKUjWu7FeN3NzFRnkv0XOIvWQVzkt6MapQGv6xFtW9RVo7Ac7MwJ5n9glHS3ke6K3bmFeLfroJO6%2FMPyMAA49HIFkowqON0DDazCVw3ezN7170cxN21cZTfPdYELbcOOcr7Cqkp2xXkKal18i4eemK%2FWXXBYYPwnil4Ou0AGw9V5B4I8dG323nzi7yPblovYJNNfOoOKB1DYYT4lpBv0mZLME8EYv24AN%2BTmdUfQ2tA9XVpZDeD0r1jFBYa1%2F%2FenL7ljYzvzr%2FTp84xLH2d7pJSZ8%2F5BZee%2FoH6ItaMnTte%2B6vqTzwWEnoXsWQYSVmPAezNk%2FGrCCLK2NVf2fUdoeqpZqac64es5MpHnMfuVNsZ5IPtKUgkvdf%2F0uFTmu52JUbcIyzMAbg2XLV063anVjXb1ZWBm03ytenv71IiPzTbqoOFuN9w%3D%3D&e=mclics%2Fpseudo-search-pads-buybox%2B7708%2Cmclics%2Fsearch-list-ad-algorithm%2BDEFAULT%2Cmclics%2Fbuybox-layout%2B25349%2Cmclics%2Fmax-bid-capped%2B36382&rb=x,35.000,HIGIÉNICOSJAZPEL20230606103619,Nuevo  |  1 vendido,(3 disponibles),Nuevo  |  1 vendido,No disponible,#1411853511,2024-03-17 22:03:16,"Hogar, Muebles y Jardín",Cuidado del Hogar y Lavandería,Desechables,Papeles Higiénicos
Pañuelos Carilina Elite (6802),https://click1.mercadolibre.com.ar/mclics/clicks/external/MLA/count?a=Ab%2BgNUoSFT%2BadKF%2FpfRm70hDLUp9VU%2Bcmy%2ByRgYrpZPrrNS8h5XqPWYsdxs%2Fp5jSNFPFdGRjDGOglDqc6izAxD%2BCfyEE%2F3D%2FKthPDIc9%2B5lq1JQVAV%2F%2F3PKbALyHRWb2oQzVFIvSOrCBU8H%2FS0YhHIyeKOc%2FsGAmkXGrAPVGHzKdVymp6IDkEcmSmh84qRU9Y1VEFbTLuYmenK3qaXAv0HF9l%2BGA2eGMuuAkonjj9aAg6Hgq3RR2oj7yPpiASlad1cKfbo9rwPi7eDUNbS2GmtryQcQgUEbcA1IwrZRdAXXMOp55NEphCDijyi84n4TFwC77V5YoaOniD6C4VaiEzC%2BGJ%2Bl7bTq%2BFzI9QHaXQRmsgzSOBDjCxsP%2FnQdBBaPzQAjN2zIVGMqRZV%2F3HLvzXN%2BgfZKdb97TH%2FC8K2ns4nlEwio2ITCorCUUOB0lx2u69Ic03CE5l2Qzsd2uW5G%2FcIAiyNAm21JiwzCpvfoHnfFQ8cXRxTZ4ipdHe4unn4JUqKmOa%2BniYIzj0d86zCuovXRvA%2BbzoH4Ocu3VJ7YIQFLa2vUvQGdl78uHg0bzhGg4OZJQ8tOBAZanY9yQZStWxLx16YVW7hXkQ9qGMCd8HWO4hWFGvvmtjX2FiKRQZp38Ki7%2BxKDxlRWvO6k4p1LNOnPA2qBFba3X56PD8BKUDe161rNP7DHtwBo%3D&e=mclics%2Fpseudo-search-pads-buybox%2B7708%2Cmclics%2Fsearch-list-ad-algorithm%2BDEFAULT%2Cmclics%2Fbuybox-layout%2B25349%2Cmclics%2Fmax-bid-capped%2B36382&rb=x,73.624,LIMPIO ONLINE,Nuevo  |  +100 vendidos,(270 disponibles),Nuevo  |  +100 vendidos,No disponible,#802487269,2024-03-17 22:03:16,"Hogar, Muebles y Jardín",Cuidado del Hogar y Lavandería,Desechables,Papeles Higiénicos
Toalla De Papel Intercalada Blanca Mini 17 X 23 Cm - 2500u,https://click1.mercadolibre.com.ar/mclics/clicks/external/MLA/count?a=kIbamU2BCXsYg6UqDRXh6tjn%2Fy%2F6PVEUh4%2BgAYlPuxMzDZNBhzwj83yApJVE5zADTOE7RJhJ3ZHpLuN723z2AWphuRxDHXBSxHoOqayqANrC9UTUW%2BUJny1qPZ0pJ1kOLaB9sMY921XJ4f%2B9A82ojsQKYRgCU4idWThgL0iA0bIYPhzzLrDhNA4J7H49exH6ynDsqepqpZsSiSi6YKE9CD3M5Pb2weR3s2pSrFkOONmVvhL%2ByLrkCM8Y57pNUraYGQcd7kfo7hCTFq%2FGFVP1P9%2FAiHyV7JXT6rLquhCbC8dyYc5elF5K1kJP8w3qgeLYpmUw%2BA4T%2BiqiKiFNKsPxpK7rAS0IvqVKbEb6xyJ9%2F%2FPOOIcatx3U7FWcFzqkr8Q7R%2FhSgCXDQnMc6oUdnQW5FtvJ5S9uav3naiKX7VlJDd1QzdN%2F1AhZxjMAytped%2FfmzYZRQEcGwP%2FdVahMXvkmW674z8ItvLBNco%2FbDSc2LVEsKNcmfueIJzcy1TxXc0OBMAISB86s11FuhH%2BbjAYHxBsqmg1qgG4YTEpuB4czBJZ2NMsn%2FroS1v%2FfcdV7sKiOavSWpvadEbjVcJflVUeKLR69PiK3hZsvooqTc1IH7SO9tSh2%2BbhbxB1ut75ALSJPWzIXHT%2F%2FcKHaFLQgzQuxd6mJjNbACFP8Wg9aQoKUlSphFE1ynrNOcOUR8XcKSKNHFTp0Rmy2z04rVHS141O7gZ3gKRw4&e=mclics%2Fpseudo-search-pads-buybox%2B7708%2Cmclics%2Fsearch-list-ad-algorithm%2BDEFAULT%2Cmclics%2Fbuybox-layout%2B25349%2Cmclics%2Fmax-bid-capped%2B36382&rb=x,39.999,GOLD CLEAN,Nuevo  |  +100 vendidos,(364 disponibles),Nuevo  |  +100 vendidos,No disponible,#843882162,2024-03-17 22:03:16,"Hogar, Muebles y Jardín",Cuidado del Hogar y Lavandería,Desechables,Papeles Higiénicos
Papel Higiénico Triple Hoja New Pel 10 Rollos X30 Mts C/u,https://www.mercadolibre.com.ar/papel-higienico-triple-hoja-new-pel-10-rollos-x30-mts-cu/p/MLA21620685?pdp_filters=category:MLA388905#searchVariation=MLA21620685&position=28&search_layout=grid&type=product&tracking_id=50b2f425-3b83-4a64-bef3-9769e3db4142,10.503,PAPELERAPARQUE,Nuevo  |  +1000 vendidos,(96 disponibles),Nuevo  |  +1000 vendidos,No disponible,#1408909556,2024-03-17 22:03:16,"Hogar, Muebles y Jardín",Cuidado del Hogar y Lavandería,Desechables,Papeles Higiénicos
Papel Higienico Elite Jumbo 76mm X 500mts Packx4 Rollos 6109,https://www.mercadolibre.com.ar/papel-higienico-elite-jumbo-76mm-x-500mts-packx4-rollos-6109/p/MLA19558269?pdp_filters=category:MLA388905#searchVariation=MLA19558269&position=32&search_layout=grid&type=product&tracking_id=50b2f425-3b83-4a64-bef3-9769e3db4142,16.985,BERLY,Nuevo  |  +1000 vendidos,(83 disponibles),Nuevo  |  +1000 vendidos,No disponible,#1344773076,2024-03-17 22:03:16,"Hogar, Muebles y Jardín",Cuidado del Hogar y Lavandería,Desechables,Papeles Higiénicos
Papel Higiénico New Pel Blanco Puro Tissue Jumbo 8 Unidades,https://www.mercadolibre.com.ar/papel-higienico-new-pel-blanco-puro-tissue-jumbo-8-unidades/p/MLA22931875?pdp_filters=category:MLA388905#searchVariation=MLA22931875&position=35&search_layout=grid&type=product&tracking_id=50b2f425-3b83-4a64-bef3-9769e3db4142,15.457,PAPELERA MACHINE,Nuevo  |  +100 vendidos,(11 disponibles),Nuevo  |  +100 vendidos,No disponible,#1421707530,2024-03-17 22:03:16,"Hogar, Muebles y Jardín",Cuidado del Hogar y Lavandería,Desechables,Papeles Higiénicos
Nuevo Higienol Plus 30mt Doble Hoja X 4 Unidades M A F,https://articulo.mercadolibre.com.ar/MLA-1220040906-nuevo-higienol-plus-30mt-doble-hoja-x-4-unidades-m-a-f-_JM#position=50&search_layout=grid&type=item&tracking_id=50b2f425-3b83-4a64-bef3-9769e3db4142,3.360,XINGYU2021,Nuevo  |  +1000 vendidos,(113 disponibles),Nuevo  |  +1000 vendidos,No disponible,#1220040906,2024-03-17 22:03:16,"Hogar, Muebles y Jardín",Cuidado del Hogar y Lavandería,Desechables,Papeles Higiénicos
Papel Higiénico Elite X48 Rollos Bolson X12 Pack X4 6602,https://www.mercadolibre.com.ar/papel-higienico-elite-x48-rollos-bolson-x12-pack-x4-6602/p/MLA22437520?pdp_filters=category:MLA388905#searchVariation=MLA22437520&position=29&search_layout=grid&type=product&tracking_id=50b2f425-3b83-4a64-bef3-9769e3db4142,17.491,PAPELERA CUMBRE,Nuevo  |  +500 vendidos,(135 disponibles),Nuevo  |  +500 vendidos,No disponible,#1364715971,2024-03-17 22:03:16,"Hogar, Muebles y Jardín",Cuidado del Hogar y Lavandería,Desechables,Papeles Higiénicos
Papel Higiénico Newpel 24 Rollos X30 Mts 150 Hojas,https://www.mercadolibre.com.ar/papel-higienico-newpel-24-rollos-x30-mts-150-hojas/p/MLA26077201?pdp_filters=category:MLA388905#searchVariation=MLA26077201&position=30&search_layout=grid&type=product&tracking_id=50b2f425-3b83-4a64-bef3-9769e3db4142,9.900,PAPELERAPARQUE,Nuevo  |  +500 vendidos,(7 disponibles),Nuevo  |  +500 vendidos,No disponible,#1397169143,2024-03-17 22:03:16,"Hogar, Muebles y Jardín",Cuidado del Hogar y Lavandería,Desechables,Papeles Higiénicos
Papel Higiénico Elite Hoja Simple Clásico 30mx12u,https://articulo.mercadolibre.com.ar/MLA-1411808321-papel-higienico-elite-hoja-simple-clasico-30mx12u-_JM#position=51&search_layout=grid&type=item&tracking_id=50b2f425-3b83-4a64-bef3-9769e3db4142,4.290,Softys Argentina,Nuevo  |  +100 vendidos,(95 disponibles),Nuevo  |  +100 vendidos,No disponible,#1411808321,2024-03-17 22:03:16,"Hogar, Muebles y Jardín",Cuidado del Hogar y Lavandería,Desechables,Papeles Higiénicos
Papel Higienico Higienol Premium Doble Hoja 30m 4unid,https://www.mercadolibre.com.ar/papel-higienico-higienol-premium-doble-hoja-30m-4unid/p/MLA19541935?pdp_filters=category:MLA388905#searchVariation=MLA19541935&position=33&search_layout=grid&type=product&tracking_id=50b2f425-3b83-4a64-bef3-9769e3db4142,3.321,Mayorista Masivos,Nuevo  |  +5mil vendidos,(69 disponibles),Nuevo  |  +5mil vendidos,No disponible,#1160410402,2024-03-17 22:03:16,"Hogar, Muebles y Jardín",Cuidado del Hogar y Lavandería,Desechables,Papeles Higiénicos
Papel higiénico Felpita Suavidad Que Enamora simple hoja 30 m de 24 u,https://www.mercadolibre.com.ar/papel-higienico-felpita-suavidad-que-enamora-simple-hoja-30-m-de-24-u/p/MLA16009101?pdp_filters=category:MLA388905#searchVariation=MLA16009101&position=36&search_layout=grid&type=product&tracking_id=50b2f425-3b83-4a64-bef3-9769e3db4142,7.499,STORELEKERS20231211073700,Nuevo  |  +10mil vendidos,No disponible,Nuevo  |  +10mil vendidos,No disponible,#1705168686,2024-03-17 22:03:16,"Hogar, Muebles y Jardín",Cuidado del Hogar y Lavandería,Desechables,Papeles Higiénicos
Papel Higienico 300 Metros Mts Pack X 8 Un Blanco Dispenser,https://www.mercadolibre.com.ar/papel-higienico-300-metros-mts-pack-x-8-un-blanco-dispenser/p/MLA21721910?pdp_filters=category:MLA388905#searchVariation=MLA21721910&position=27&search_layout=grid&type=product&tracking_id=50b2f425-3b83-4a64-bef3-9769e3db4142,17.533,ALICAINSUMOS,Nuevo  |  +1000 vendidos,(305 disponibles),Nuevo  |  +1000 vendidos,No disponible,#1642603758,2024-03-17 22:03:16,"Hogar, Muebles y Jardín",Cuidado del Hogar y Lavandería,Desechables,Papeles Higiénicos
Papel Higiénico New Pel Triple Hoja 40m X12 Rollos,https://www.mercadolibre.com.ar/papel-higienico-new-pel-triple-hoja-40m-x12-rollos/p/MLA23684207?pdp_filters=category:MLA388905#searchVariation=MLA23684207&position=31&search_layout=grid&type=product&tracking_id=50b2f425-3b83-4a64-bef3-9769e3db4142,12.500,PAPELERAPARQUE,Nuevo  |  +100 vendidos,(13 disponibles),Nuevo  |  +100 vendidos,No disponible,#1428849906,2024-03-17 22:03:16,"Hogar, Muebles y Jardín",Cuidado del Hogar y Lavandería,Desechables,Papeles Higiénicos
Papel higiénico Elite Ultra Con Seda doble hoja 30 m de 12 u,https://www.mercadolibre.com.ar/papel-higienico-elite-ultra-con-seda-doble-hoja-30-m-de-12-u/p/MLA16009090?pdp_filters=category:MLA388905#searchVariation=MLA16009090&position=34&search_layout=grid&type=product&tracking_id=50b2f425-3b83-4a64-bef3-9769e3db4142,12.193,FARMACIA SAN-PEDRITO,Nuevo  |  +1000 vendidos,(12 disponibles),Nuevo  |  +1000 vendidos,No disponible,#933233840,2024-03-17 22:03:16,"Hogar, Muebles y Jardín",Cuidado del Hogar y Lavandería,Desechables,Papeles Higiénicos
Papel Higienico Elegante 30 Metros Blanco Premium Bulto 48un,https://click1.mercadolibre.com.ar/mclics/clicks/external/MLA/count?a=T8d817Tl%2Fne8pw5ClwRi2on9iMstHNesNA3w2rI71lxbY4quhCK5m7lK4v4O5YG6vbp2D39WNEsFVIUTlyx2EBqhFnUpct77Vi1wgTl6vbuj8p0h%2BhjTc4Kz6ZvfkEvk4HSevseFLJFdC9JBaBWf1E0DxGhJxnaQuHIaf3aNOdlOvUZkSjRm1JlOkWgK9VHpi11YDczsXYHboEIdjrS89pv%2F3MLU0mnVFj1tk%2BsEUgZyePl%2F2%2BAVal7ooYZt%2BiBHZKr%2F1UOKaiZNrfVDQOkLEU1YOCM0pqDiLcz2l2LsICsHhG%2BEtWBvwu1Cpk%2B8kMcfr2K1Zdfd6VXHlfLSMmRrzak90b9uy7vYUUUCz7G6GzKWCGlw3S%2Fcy33sgPafRhLFiWRrTvkcZ7Louk0Wrp63Oc4nsRQg4uNfGuoQspxCbpRSOFdFiqeu8wwtDPK%2FqSbLok0WYAn4o5PnYAehPS1dDrqjHwap0SGyuSMwa%2FmyWlOh6rEgl4Y%2BjXbz3oiLLrVJPkVajff0YXyLAjWzFx7ZGgfMaWH%2BxPpvUQflmzWdAnPM68AcJyaYuVnzer8RevUkFGe2l1NDMNDvmFs%2FcLjqBO1uTHif8x7Ksm8jjAnP4b0JMN%2B3UCNwSp5IgSth%2BwCj6UxntblCIWH07WNt7UdVgtYp3bHriNMyOydKi7uTK5JZy4%2FgMbzC9oe6PS9EOC5zUzyRnUxGYkP%2BqjKIj5vmFv%2FQ7lAiFw%3D%3D&e=mclics%2Fpseudo-search-pads-buybox%2B7708%2Cmclics%2Fsearch-list-ad-algorithm%2BDEFAULT%2Cmclics%2Fbuybox-layout%2B25349%2Cmclics%2Fmax-bid-capped%2B36382&rb=x,21.550,DILPEX,Nuevo  |  +50 vendidos,(35 disponibles),Nuevo  |  +50 vendidos,No disponible,#1384886475,2024-03-17 22:04:10,"Hogar, Muebles y Jardín",Cuidado del Hogar y Lavandería,Desechables,Papeles Higiénicos
Papel Higiénico  Elite Plus S/h 30 Mts. 4 X 12 Un. (6602),https://click1.mercadolibre.com.ar/mclics/clicks/external/MLA/count?a=ZmiawOXarOCPYGyb414rBmBAkWA%2Bl973WXSS0%2Bf7%2Fl9MCrR7MYN0S%2FNZ8Xm2XFB0Tx4T%2FcfKAWCsvGblyUe6D2Jqbq1hfFGffX34Mee79cFY5ZSMDchMVqR5QFrU1gVYtkFncsd%2FJjP27Qv5ygTlBa5rMw5LKP0gcQDpvJfhAg1oDeMVBW5gLMcif6MPXGjcfNisPPI4KSVZmAtGiuBPVIDWXyQDPOa1AByJvRBGDqYAfUB9%2BbxnhrF4zIrkM%2F0tffSr9tKai1LdA9gWxTZeCJKw%2F7K568Rq%2FzIpEwpwGMuivIFhIuhkqH1HDKp7yoIvAC%2Bpt0Rzeo9wS2U9Yg5JNweBY%2FXZ1jAo0W%2FkxAlh%2FMd48HauSJw4Kw3GACT88k5tSXlZBkM8FnwGNGLh2WFd%2BCJiueH3GaPDDQaxblZeTg5ntU0hXnPquPmR6RWolIH17u1pAKyDOU0GlR%2Bvrp5zjMcGzaj6ZLjJ4gFEjoIEjSDxsURvPTxxVzZoviqCfK7nglXlwxdHYNEzgzdRO1vGoIGanOwAR5tB6hoqcavizNti8tV26hFXiBZ%2B87G0FuQCMPdZ5qad1a%2B%2BLCCAH3%2BC5jCm0YBmAjh7GRgwX1mkZZ%2FaXeTnZvwOefyRSELZv70j9AhFknNx5P2suiHTOCWSAuW1EhIAx%2BVkhUJuE53m8U7XCFU6T0mKpWY2gY8ctOrzpdCAD%2BbzMwlgdOqGCw%3D%3D&e=mclics%2Fpseudo-search-pads-buybox%2B7708%2Cmclics%2Fsearch-list-ad-algorithm%2BDEFAULT%2Cmclics%2Fbuybox-layout%2B25349%2Cmclics%2Fmax-bid-capped%2B36382&rb=x,30.108,LIMPIO ONLINE,Nuevo  |  +25 vendidos,(767 disponibles),Nuevo  |  +25 vendidos,No disponible,#1160642233,2024-03-17 22:04:10,"Hogar, Muebles y Jardín",Cuidado del Hogar y Lavandería,Desechables,Papeles Higiénicos
Toalla De Papel Intercalada Blanca Super 21 X 23 Cm - 2500u,https://click1.mercadolibre.com.ar/mclics/clicks/external/MLA/count?a=TxUUQZ6GRjO%2BLrBn9sI22yHRpCkyk7ljFER9FdcQIg%2B0Y4LnovloPYuhP7ONhvtdkuRbz9QCfLU1KMs4Kl6%2BbWfZAff14xk2QAEZXVTFxS8%2BXeZhfANsYQtP0X%2Fv3z2m2IHEhWE7i0T%2BU4Be9fYZ3VGAoEP%2BvcEHzXOR7XadshZT%2BixqVzFNqJFg0sInGdDMQEXmUrAbtTONemeTGEili%2FVEghTRpbbfNVi%2B8%2BA7Xi5E2KFHpEcezNM9HSGXC4t6QK0NumaPGlOdLGUXs8z7i0%2FD0tPRIv45ZBvePlPVJRyB%2FtUjZdnDoGpdIllZT1uZdlYp31QHuYCKkfFgFg7ekAU34mk2drzXVPqxtbUQR4u6O%2B8%2F2jwodbX4x1dQX0JXTGgVr3Llk8s%2F2cJwd5moiX%2BflEGEYjq1Fbc5ilG3pBnSXuSc0VDf23MAZHfOGE5z7qpciTojmidQdD2qQDIGSOjn1DN0kTg%2Fb3p4IFG%2Fy277Ix7n9HeUBVJzqHd2L%2Bu3sWrKSs4%2Bc%2BLkuNDjvNmSLBvO%2BYVOTSviwgcEtpbzTtj26Zu%2F6D8yj8x1iDmAw7InVvb%2BIsEzxePuBahMJEtdIv%2BO88nTsQ8rqlxa0kguKq9x4gw4YGKCrUPS%2FuLtowhNO5BmYzI%2FrJbD5IFmd9M0%2FizX60xmN3tZGtDxxisPNZkuBD483vmE%2Bi1Yfwr0E3nUk14WuskwNQ49%2BLR7hhsni7c%3D&e=mclics%2Fpseudo-search-pads-buybox%2B7708%2Cmclics%2Fsearch-list-ad-algorithm%2BDEFAULT%2Cmclics%2Fbuybox-layout%2B25349%2Cmclics%2Fmax-bid-capped%2B36382&rb=x,53.399,GOLD CLEAN,Nuevo  |  +500 vendidos,(447 disponibles),Nuevo  |  +500 vendidos,No disponible,#843881382,2024-03-17 22:04:10,"Hogar, Muebles y Jardín",Cuidado del Hogar y Lavandería,Desechables,Papeles Higiénicos
Papel Higienico Jumbo Cono Chico 300x8 Blanco,https://articulo.mercadolibre.com.ar/MLA-925253861-papel-higienico-jumbo-cono-chico-300x8-blanco-_JM#position=27&search_layout=grid&type=item&tracking_id=bdd64490-3cab-4a1d-8014-a9a82db05d19,9.438,CLEAN-LAB SRL,Nuevo  |  +1000 vendidos,No disponible,Nuevo  |  +1000 vendidos,No disponible,#925253861,2024-03-17 22:04:10,"Hogar, Muebles y Jardín",Cuidado del Hogar y Lavandería,Desechables,Papeles Higiénicos
Papel higiénico Elite Ultra Con Seda doble hoja 30 m de 12 u,https://www.mercadolibre.com.ar/papel-higienico-elite-ultra-con-seda-doble-hoja-30-m-de-12-u/p/MLA16009090?pdp_filters=category:MLA388905#searchVariation=MLA16009090&position=4&search_layout=grid&type=product&tracking_id=bdd64490-3cab-4a1d-8014-a9a82db05d19,12.193,FARMACIA SAN-PEDRITO,Nuevo  |  +1000 vendidos,(12 disponibles),Nuevo  |  +1000 vendidos,No disponible,#933233840,2024-03-17 22:04:10,"Hogar, Muebles y Jardín",Cuidado del Hogar y Lavandería,Desechables,Papeles Higiénicos
 Papel Higiénico Bolsón Económico 30 Rollos ,https://articulo.mercadolibre.com.ar/MLA-1106058125-papel-higienico-bolson-economico-30-rollos-_JM#position=28&search_layout=grid&type=item&tracking_id=bdd64490-3cab-4a1d-8014-a9a82db05d19,12.410,PAPELERA PELPAK,Nuevo  |  +500 vendidos,(89 disponibles),Nuevo  |  +500 vendidos,No disponible,#1106058125,2024-03-17 22:04:10,"Hogar, Muebles y Jardín",Cuidado del Hogar y Lavandería,Desechables,Papeles Higiénicos
Papel higiénico Elite Ultra Con Seda doble hoja 30 m de 6 u,https://www.mercadolibre.com.ar/papel-higienico-elite-ultra-con-seda-doble-hoja-30-m-de-6-u/p/MLA16009113?pdp_filters=category:MLA388905#searchVariation=MLA16009113&position=5&search_layout=grid&type=product&tracking_id=bdd64490-3cab-4a1d-8014-a9a82db05d19,8.362,FARMACIA SAN-PEDRITO,Nuevo  |  +100 vendidos,(19 disponibles),Nuevo  |  +100 vendidos,No disponible,#1144239119,2024-03-17 22:04:10,"Hogar, Muebles y Jardín",Cuidado del Hogar y Lavandería,Desechables,Papeles Higiénicos
Papel Higienico Elite Hoja Simple 6 Rollos 30 Mts,https://www.mercadolibre.com.ar/papel-higienico-elite-hoja-simple-6-rollos-30-mts/p/MLA28571651?pdp_filters=category:MLA388905#searchVariation=MLA28571651&position=6&search_layout=grid&type=product&tracking_id=bdd64490-3cab-4a1d-8014-a9a82db05d19,2.535,Softys Argentina,Nuevo  |  +1000 vendidos,(364 disponibles),Nuevo  |  +1000 vendidos,No disponible,#1695040886,2024-03-17 22:04:10,"Hogar, Muebles y Jardín",Cuidado del Hogar y Lavandería,Desechables,Papeles Higiénicos
Toallas de oapel Elite Profesional 6203 pack de 2 rollos 300m,https://www.mercadolibre.com.ar/toallas-de-oapel-elite-profesional-6203-pack-de-2-rollos-300m/p/MLA23958987?pdp_filters=category:MLA388905#searchVariation=MLA23958987&position=9&search_layout=grid&type=product&tracking_id=bdd64490-3cab-4a1d-8014-a9a82db05d19,16.989,PAPELERA CUMBRE,Nuevo  |  +1000 vendidos,(125 disponibles),Nuevo  |  +1000 vendidos,No disponible,#1373317777,2024-03-17 22:04:10,"Hogar, Muebles y Jardín",Cuidado del Hogar y Lavandería,Desechables,Papeles Higiénicos
Toallas Intercaladas Medidas 20x24 Manos Blanco Premium,https://click1.mercadolibre.com.ar/mclics/clicks/external/MLA/count?a=QInq8gMhOv515ADqIB5Gi44WHpB1XQXN5ie962JfZ3cMg033tbRGYYDe4%2FUKo%2Fp2eAxw7t2nzVDJ17BZcD%2BqrTl5g5Dy1yhv6kKpvX1ZQxtzQm4FajCdxKFgfo95iEIVugat8WxUXRuccZhQXsv3K1pr6nMutea4GqGL2qoEm%2FeoNCCAmffv4uzPpeN7Spjha3KCTnBVVtQaIA9dFiu1PhY5D9xcnpQd%2BlGTjeERXCz%2FFp8kKNiZr99M3yY%2F%2B438%2BkIMIyt9tz2h71CncLi%2FWDbWtOPIC6j1uyMFpJZ4x9WubydrGa1qtz6sIRCTAdhzFhcvkTgWtetzYrt6nuTifswV%2BtxufYkLOAHwjfjv8YC%2FOeEiBF4hGALLUBh0jBBGAf2Xhuses81zAmU%2BkKgbPD5od8ckcVKmBVRY6T3Sx8YUDsywFV3nL8X%2BgL4ePwPDUz8k8NA4UcRB7RLTY7ZQpw8adBTiPz4EvDXmR5lIOsom0UO%2B0o0JhPchvo%2FdInNfMVXcf2T7h6UQx8XO8%2FMgQoVe%2B%2FoKy61GjXw6c6nr3fx7ftnVYwllDZw9jsb8%2BZ905fpVRY%2F1iKAjC%2BgVdemtdS9SQ01gyqNXsagPW0RYPEwSW71wvN8oy69OUAyvzLRxGbltk%2BHvsFaIYW6CPJLT%2BvgOBppsUJ%2FFtyks3bR21GfrbZJw%2BU5wkkI2Zel9ksp8vPXzfllOkoWAmTg7Z5y5ppFfXg%3D%3D&e=mclics%2Fpseudo-search-pads-buybox%2B7708%2Cmclics%2Fsearch-list-ad-algorithm%2BDEFAULT%2Cmclics%2Fbuybox-layout%2B25349%2Cmclics%2Fmax-bid-capped%2B36382&rb=x,17.300,TRONADOR LIMPIEZA,Nuevo  |  +5 vendidos,(2 disponibles),Nuevo  |  +5 vendidos,No disponible,#1462474168,2024-03-17 22:04:10,"Hogar, Muebles y Jardín",Cuidado del Hogar y Lavandería,Desechables,Papeles Higiénicos
Papel Higiénico 24x50 Mts Y Rollo Cocina 4x200 Elegante,https://click1.mercadolibre.com.ar/mclics/clicks/external/MLA/count?a=%2BgIP6z4ZMqid3D4RYvgCO6ffwK3YEaFy1Lo%2BonMMn7YfFQPkT7dcL96yixZ5dOrQO83gSOSto6w%2Bx9XaFwzZ8PNMJIw8WE1EcVCS2DtedETXSuBKR58z%2BmHClckhiCEcwkJPYkc2kZYQXYXlc5mMad0bWSHa0Lrn2fkShohCp6UN%2BCsNf57HBDpHgQB0pg72NSyN9x6F4v1ycqG6F%2Fv85myPLZrPie2bARbjZRMnIlrqNHoRHE9uR96nrDuZla%2FyUIRhACd82fioGLxl98HQGXR5nAsSZzxJzN%2FBUTs%2F11ynsEz5b7j9fp1DeM7AQ2X7CB03vTvMJ6FCDukShdCwN4CQ4MJijnjR93pcORKvQelSJH2SFs%2FLhaXXFt9onob8Rp2qFSy591SpF183%2B47U4cFGqTYE6HJReaNPYG0thkfF7dVZmbCS299udbmkGWzwU%2FCVlE4k37RcAOadaJN4fXInDLG%2BB2i3YkDiz7qDYOE1LDlyPwav2UNk2as78Bosjh1mq5K1dNHulJW3afH%2BK9CL%2FNKTBoxS%2BTN%2B4RP5E05UNjpaWrHr6F3mALF0CA%2FnUw8Q7r%2B13CSQb%2FJAZV7JkFexFmOsy2JPsTBgZpVEYTW8W%2FwJA4Rh1tgaEA1GW0B1zNfxP7ZCK2bKPqIcxlwn3wnSFb1Gk0eyfZJKRAKYFm0fKtQyksskl3bi2mOZZ%2FwKY79oBIocKdiClBeM8kBQ917M4A%3D%3D&e=mclics%2Fpseudo-search-pads-buybox%2B7708%2Cmclics%2Fsearch-list-ad-algorithm%2BDEFAULT%2Cmclics%2Fbuybox-layout%2B25349%2Cmclics%2Fmax-bid-capped%2B36382&rb=x,35.880,TRONADOR LIMPIEZA,Nuevo  |  +5 vendidos,No disponible,Nuevo  |  +5 vendidos,No disponible,#1506063790,2024-03-17 22:04:10,"Hogar, Muebles y Jardín",Cuidado del Hogar y Lavandería,Desechables,Papeles Higiénicos
Papel Higiénico 30 Rollos 80 Mts Aprx,https://click1.mercadolibre.com.ar/mclics/clicks/external/MLA/count?a=rDYp64Yi62jQSVJQqs9iuC8fN4EitiJzyQ%2BDBgoLJrLZ%2BPnLjyW18L6Yv2ff71dUb8sJ1Utka2gt669yuTrZH8mtIV75icWTK6CQsHGLyTBMxL1SKJKI%2BKmLRwRk80U3ld5L9awI4WviuWldbzpIoMt%2Bxl0ab7Ooty5JXa%2FBTmQxQhvdjMkNbda%2FzrpV2FATeLLY%2BxkSU1QXao5pWE9ksRvWNRVZLYmhPe83uGCZqTp9eK4oNbPOzRiHM4hmrVVVPYy7a%2FQ8kb3cHsNvKzr2CTXndFiBhxhLWXKCo%2FNxYfDGJsDZr6t%2BOxCbCfPV4CxynmQD%2FKb0QKw7fuCEeguoTp8%2FPigJUVyLkY1c4%2BFkE7ERsPECKJlH94FrgCBuYNRN3x4C3vIKsCleyTE%2Fe4zrfkDC7hDLmCfv%2BUdrOZnZDwzKspUgo3Q4mIO8yoHPiUHBB9uDpdfcutDMHeHR9leisqIDUpT%2BRWUwK%2BjkwrODQxPkB47iP2VZ7t0xwfghmOKxbWTuZ1VObrb1BYHN4le2v4egmC5cUfJv8uXX3dvmYbItc22141IBv%2BM0F4uqTnsX6Sji3CK1MuzfFq9XbMNM%2FqhrwQ9rXVccxyEOcLBNPq2TLuN4F7U64iae6JJYmdcuEKWVSX%2BnfV%2F3YOMvS19XVbcOSV0QDdGq87P47ZOYyBJbPXSht%2FLqwSXIsecZ4G%2Fn%2BCgV&e=mclics%2Fpseudo-search-pads-buybox%2B7708%2Cmclics%2Fsearch-list-ad-algorithm%2BDEFAULT%2Cmclics%2Fbuybox-layout%2B25349%2Cmclics%2Fmax-bid-capped%2B36382&rb=x,16.100,TRONADOR LIMPIEZA,Nuevo  |  2 vendidos,No disponible,Nuevo  |  2 vendidos,No disponible,#1407654421,2024-03-17 22:04:10,"Hogar, Muebles y Jardín",Cuidado del Hogar y Lavandería,Desechables,Papeles Higiénicos
Pañuelos Papel Tissue Elegante Doble Hoja 1 Paquete,https://articulo.mercadolibre.com.ar/MLA-1629449450-panuelos-papel-tissue-elegante-doble-hoja-1-paquete-_JM#position=29&search_layout=grid&type=item&tracking_id=bdd64490-3cab-4a1d-8014-a9a82db05d19,290,PIEROTTIGERMÁN20230601161302,Nuevo  |  +1000 vendidos,(61 disponibles),Nuevo  |  +1000 vendidos,No disponible,#1629449450,2024-03-17 22:04:10,"Hogar, Muebles y Jardín",Cuidado del Hogar y Lavandería,Desechables,Papeles Higiénicos
Papel higiénico Felpita Blanquísimo simple hoja 80 m de 4 u,https://www.mercadolibre.com.ar/papel-higienico-felpita-blanquisimo-simple-hoja-80-m-de-4-u/p/MLA16009063?pdp_filters=category:MLA388905#searchVariation=MLA16009063&position=7&search_layout=grid&type=product&tracking_id=bdd64490-3cab-4a1d-8014-a9a82db05d19,3.680,NOBAJARLOSBRAZOSSRL,Nuevo  |  +5mil vendidos,(49 disponibles),Nuevo  |  +5mil vendidos,No disponible,#1428896682,2024-03-17 22:04:10,"Hogar, Muebles y Jardín",Cuidado del Hogar y Lavandería,Desechables,Papeles Higiénicos
Papel Higiénico Elite Ultra Suave Dh 4r 30mts  (bolsón X10),https://www.mercadolibre.com.ar/papel-higienico-elite-ultra-suave-dh-4r-30mts-bolson-x10/p/MLA25765057?pdp_filters=category:MLA388905#searchVariation=MLA25765057&position=8&search_layout=grid&type=product&tracking_id=bdd64490-3cab-4a1d-8014-a9a82db05d19,38.667,DISTRIBUIDORA ACCOR,Nuevo  |  +500 vendidos,(4 disponibles),Nuevo  |  +500 vendidos,No disponible,#1381893373,2024-03-17 22:04:10,"Hogar, Muebles y Jardín",Cuidado del Hogar y Lavandería,Desechables,Papeles Higiénicos
Papel Higienico Esencial Blanco 50 Metros,https://www.mercadolibre.com.ar/papel-higienico-esencial-blanco-50-metros/p/MLA29091597?pdp_filters=category:MLA388905#searchVariation=MLA29091597&position=14&search_layout=grid&type=product&tracking_id=bdd64490-3cab-4a1d-8014-a9a82db05d19,810,FOOD MARKET_,Nuevo  |  +100 vendidos,(240 disponibles),Nuevo  |  +100 vendidos,No disponible,#1399564281,2024-03-17 22:04:10,"Hogar, Muebles y Jardín",Cuidado del Hogar y Lavandería,Desechables,Papeles Higiénicos
Toallas Intercaladas Para Mano Beige 20x24 2500u,https://articulo.mercadolibre.com.ar/MLA-862662418-toallas-intercaladas-para-mano-beige-20x24-2500u-_JM#position=30&search_layout=grid&type=item&tracking_id=bdd64490-3cab-4a1d-8014-a9a82db05d19,11.805,AROMES-GRUPOTH,Nuevo  |  +1000 vendidos,(5 disponibles),Nuevo  |  +1000 vendidos,No disponible,#862662418,2024-03-17 22:04:10,"Hogar, Muebles y Jardín",Cuidado del Hogar y Lavandería,Desechables,Papeles Higiénicos
Bolsón Papel Higiénico 40 Rollo X 100 Mts Directo De Fabrica,https://articulo.mercadolibre.com.ar/MLA-877483177-bolson-papel-higienico-40-rollo-x-100-mts-directo-de-fabrica-_JM#position=31&search_layout=grid&type=item&tracking_id=bdd64490-3cab-4a1d-8014-a9a82db05d19,17.999,PAPELERA JM,Nuevo  |  +1000 vendidos,(4023 disponibles),Nuevo  |  +1000 vendidos,No disponible,#877483177,2024-03-17 22:04:10,"Hogar, Muebles y Jardín",Cuidado del Hogar y Lavandería,Desechables,Papeles Higiénicos
Papel higiénico Elite Extra con Aloe Vera máxima suavidad 6 rollos de 30m,https://www.mercadolibre.com.ar/papel-higienico-elite-extra-con-aloe-vera-maxima-suavidad-6-rollos-de-30m/p/MLA19541941?pdp_filters=category:MLA388905#searchVariation=MLA19541941&position=13&search_layout=grid&type=product&tracking_id=bdd64490-3cab-4a1d-8014-a9a82db05d19,3.261,ARTICULOS MOHE,Nuevo  |  +10mil vendidos,(42 disponibles),Nuevo  |  +10mil vendidos,No disponible,#1392702727,2024-03-17 22:04:10,"Hogar, Muebles y Jardín",Cuidado del Hogar y Lavandería,Desechables,Papeles Higiénicos
Bidet Portatil De Viaje Irrigador Limpieza 380 Ml,https://articulo.mercadolibre.com.ar/MLA-903402544-bidet-portatil-de-viaje-irrigador-limpieza-380-ml-_JM#position=32&search_layout=grid&type=item&tracking_id=bdd64490-3cab-4a1d-8014-a9a82db05d19,26.090,BELFIA STORE,Nuevo  |  +500 vendidos,(4 disponibles),Nuevo  |  +500 vendidos,No disponible,#903402544,2024-03-17 22:04:10,Belleza y Cuidado Personal,Higiene Personal,Papeles Higiénicos,
10 Bolsón Papel Higiénico Jumbo Blanco 8 Rollos X 300 Metro ,https://articulo.mercadolibre.com.ar/MLA-897843706-10-bolson-papel-higienico-jumbo-blanco-8-rollos-x-300-metro-_JM#position=33&search_layout=grid&type=item&tracking_id=bdd64490-3cab-4a1d-8014-a9a82db05d19,97.899,JON_84,Nuevo  |  +1000 vendidos,(4321 disponibles),Nuevo  |  +1000 vendidos,No disponible,#897843706,2024-03-17 22:04:10,"Hogar, Muebles y Jardín",Cuidado del Hogar y Lavandería,Desechables,Papeles Higiénicos
Toallas De Papel Elite Pack X 2 Rollos X300 Mts Bco 6309 Ret,https://articulo.mercadolibre.com.ar/MLA-863463901-toallas-de-papel-elite-pack-x-2-rollos-x300-mts-bco-6309-ret-_JM#position=34&search_layout=grid&type=item&tracking_id=bdd64490-3cab-4a1d-8014-a9a82db05d19,18.848,PAPELERA CUMBRE,Nuevo  |  +1000 vendidos,(105 disponibles),Nuevo  |  +1000 vendidos,No disponible,#863463901,2024-03-17 22:04:10,"Hogar, Muebles y Jardín",Cuidado del Hogar y Lavandería,Desechables,Papeles Higiénicos
Papel Higienico Max 100mts Aloe Higienol 4 Ud.,https://www.mercadolibre.com.ar/papel-higienico-max-100mts-aloe-higienol-4-ud/p/MLA27950151?pdp_filters=category:MLA388905#searchVariation=MLA27950151&position=16&search_layout=grid&type=product&tracking_id=bdd64490-3cab-4a1d-8014-a9a82db05d19,6.450,XINGYU2021,Nuevo  |  +5mil vendidos,(8 disponibles),Nuevo  |  +5mil vendidos,No disponible,#1394796685,2024-03-17 22:04:10,"Hogar, Muebles y Jardín",Cuidado del Hogar y Lavandería,Desechables,Papeles Higiénicos
Caja Papel Higienico Felpita Superpack Familiar - X72 Rollos,https://www.mercadolibre.com.ar/caja-papel-higienico-felpita-superpack-familiar-x72-rollos/p/MLA22879583?pdp_filters=category:MLA388905#searchVariation=MLA22879583&position=15&search_layout=grid&type=product&tracking_id=bdd64490-3cab-4a1d-8014-a9a82db05d19,27.635,MEJORPRECIO.COM.AR,Nuevo  |  +100 vendidos,(280 disponibles),Nuevo  |  +100 vendidos,No disponible,#1367828737,2024-03-17 22:04:10,"Hogar, Muebles y Jardín",Cuidado del Hogar y Lavandería,Desechables,Papeles Higiénicos
Toallas Intercaladas Premium Extra Blco. 20x24 Cm. X 2500 U.,https://articulo.mercadolibre.com.ar/MLA-1428404262-toallas-intercaladas-premium-extra-blco-20x24-cm-x-2500-u-_JM#position=35&search_layout=grid&type=item&tracking_id=bdd64490-3cab-4a1d-8014-a9a82db05d19,15.950,MUNDOPELMUNDOPEL,Nuevo  |  +1000 vendidos,(3 disponibles),Nuevo  |  +1000 vendidos,No disponible,#1428404262,2024-03-17 22:04:10,"Hogar, Muebles y Jardín",Cuidado del Hogar y Lavandería,Desechables,Papeles Higiénicos
Bolson Papel Higienico Elegante 80mt  X 10 Uni. Hoja Simple,https://articulo.mercadolibre.com.ar/MLA-1393589175-bolson-papel-higienico-elegante-80mt-x-10-uni-hoja-simple-_JM#position=36&search_layout=grid&type=item&tracking_id=bdd64490-3cab-4a1d-8014-a9a82db05d19,37.450,SIN.PROBLEMAS,Nuevo  |  +100 vendidos,(4 disponibles),Nuevo  |  +100 vendidos,No disponible,#1393589175,2024-03-17 22:04:10,"Hogar, Muebles y Jardín",Cuidado del Hogar y Lavandería,Desechables,Papeles Higiénicos
 Rollo Papel Higiénico Bolsón Económico 150 Rollos ,https://articulo.mercadolibre.com.ar/MLA-1106046609-rollo-papel-higienico-bolson-economico-150-rollos-_JM#position=37&search_layout=grid&type=item&tracking_id=bdd64490-3cab-4a1d-8014-a9a82db05d19,61.019,PAPELERA PELPAK,Nuevo  |  +500 vendidos,(28 disponibles),Nuevo  |  +500 vendidos,No disponible,#1106046609,2024-03-17 22:04:10,"Hogar, Muebles y Jardín",Cuidado del Hogar y Lavandería,Desechables,Papeles Higiénicos
Papel Higienico Higienol Doble Hoja Plus Fusion 30 Mts 4 Un,https://articulo.mercadolibre.com.ar/MLA-1690168348-papel-higienico-higienol-doble-hoja-plus-fusion-30-mts-4-un-_JM#position=38&search_layout=grid&type=item&tracking_id=bdd64490-3cab-4a1d-8014-a9a82db05d19,2.880,ARTICULOS MOHE,Nuevo  |  +100 vendidos,(263 disponibles),Nuevo  |  +100 vendidos,No disponible,#1690168348,2024-03-17 22:04:10,"Hogar, Muebles y Jardín",Cuidado del Hogar y Lavandería,Desechables,Papeles Higiénicos
Bolsón Papel Higiénico Jumbo Blanco 8 Rollos X 300 Metros ,https://articulo.mercadolibre.com.ar/MLA-1147223583-bolson-papel-higienico-jumbo-blanco-8-rollos-x-300-metros-_JM#position=39&search_layout=grid&type=item&tracking_id=bdd64490-3cab-4a1d-8014-a9a82db05d19,9.499,ECO KLEAN,Nuevo  |  +1000 vendidos,(62 disponibles),Nuevo  |  +1000 vendidos,No disponible,#1147223583,2024-03-17 22:04:10,"Hogar, Muebles y Jardín",Cuidado del Hogar y Lavandería,Desechables,Papeles Higiénicos
Papel higiénico Sweety Extra Blanco doble hoja 30 m de 4 u,https://www.mercadolibre.com.ar/papel-higienico-sweety-extra-blanco-doble-hoja-30-m-de-4-u/p/MLA16009031?pdp_filters=category:MLA388905#searchVariation=MLA16009031&position=18&search_layout=grid&type=product&tracking_id=bdd64490-3cab-4a1d-8014-a9a82db05d19,29.619,CLEAN-LAB SRL,Nuevo  |  +1000 vendidos,(7 disponibles),Nuevo  |  +1000 vendidos,No disponible,#1131685224,2024-03-17 22:04:10,"Hogar, Muebles y Jardín",Cuidado del Hogar y Lavandería,Desechables,Papeles Higiénicos
Toalla De Papel Blancas Intercaladas Elegante X 2500 Unid.,https://articulo.mercadolibre.com.ar/MLA-914021941-toalla-de-papel-blancas-intercaladas-elegante-x-2500-unid-_JM#position=40&search_layout=grid&type=item&tracking_id=bdd64490-3cab-4a1d-8014-a9a82db05d19,29.800,PAPELERAWITPEL,Nuevo  |  +100 vendidos,(8 disponibles),Nuevo  |  +100 vendidos,No disponible,#914021941,2024-03-17 22:04:10,"Hogar, Muebles y Jardín",Cuidado del Hogar y Lavandería,Desechables,Papeles Higiénicos
Papel Higiénico Higienol Rinde 50mt. X 4 Unid.,https://articulo.mercadolibre.com.ar/MLA-1282687848-papel-higienico-higienol-rinde-50mt-x-4-unid-_JM#position=41&search_layout=grid&type=item&tracking_id=bdd64490-3cab-4a1d-8014-a9a82db05d19,2.526,Mayorista Masivos,Nuevo  |  +1000 vendidos,(115 disponibles),Nuevo  |  +1000 vendidos,No disponible,#1282687848,2024-03-17 22:04:10,"Hogar, Muebles y Jardín",Cuidado del Hogar y Lavandería,Desechables,Papeles Higiénicos
Papel Higiénico New Pel 50m Premium Simple Hoja Individual,https://www.mercadolibre.com.ar/papel-higienico-new-pel-50m-premium-simple-hoja-individual/p/MLA24127669?pdp_filters=category:MLA388905#searchVariation=MLA24127669&position=17&search_layout=grid&type=product&tracking_id=bdd64490-3cab-4a1d-8014-a9a82db05d19,702,PIEROTTIGERMÁN20230601161302,Nuevo  |  +500 vendidos,(16 disponibles),Nuevo  |  +500 vendidos,No disponible,#1375626693,2024-03-17 22:04:10,"Hogar, Muebles y Jardín",Cuidado del Hogar y Lavandería,Desechables,Papeles Higiénicos
Papel Higienico Blanco Jumbo 500 Mts X 6 Unidad Cono Grande,https://www.mercadolibre.com.ar/papel-higienico-blanco-jumbo-500-mts-x-6-unidad-cono-grande/p/MLA28835101?pdp_filters=category:MLA388905#searchVariation=MLA28835101&position=21&search_layout=grid&type=product&tracking_id=bdd64490-3cab-4a1d-8014-a9a82db05d19,18.427,CLEAN-LAB SRL,Nuevo  |  +100 vendidos,(15 disponibles),Nuevo  |  +100 vendidos,No disponible,#1399450199,2024-03-17 22:04:10,"Hogar, Muebles y Jardín",Cuidado del Hogar y Lavandería,Desechables,Papeles Higiénicos
Papel Higienico Elegante 30 Metros X 24 Un Blanco Premium,https://www.mercadolibre.com.ar/papel-higienico-elegante-30-metros-x-24-un-blanco-premium/p/MLA19541931?pdp_filters=category:MLA388905#searchVariation=MLA19541931&position=19&search_layout=grid&type=product&tracking_id=bdd64490-3cab-4a1d-8014-a9a82db05d19,9.200,SIN.PROBLEMAS,Nuevo  |  +1000 vendidos,(2 disponibles),Nuevo  |  +1000 vendidos,No disponible,#1163670942,2024-03-17 22:04:10,"Hogar, Muebles y Jardín",Cuidado del Hogar y Lavandería,Desechables,Papeles Higiénicos
Toallas Papel Intercaladas Blanco 20x24 Cm. X 2500 U.,https://articulo.mercadolibre.com.ar/MLA-1147320274-toallas-papel-intercaladas-blanco-20x24-cm-x-2500-u-_JM#position=42&search_layout=grid&type=item&tracking_id=bdd64490-3cab-4a1d-8014-a9a82db05d19,10.800,MUNDOPELMUNDOPEL,Nuevo  |  +100 vendidos,(31 disponibles),Nuevo  |  +100 vendidos,No disponible,#1147320274,2024-03-17 22:04:10,"Hogar, Muebles y Jardín",Cuidado del Hogar y Lavandería,Desechables,Papeles Higiénicos
Bolson Papel Higienico Elegante 30 Mts X 40 Uni Hoja Doble,https://articulo.mercadolibre.com.ar/MLA-916569065-bolson-papel-higienico-elegante-30-mts-x-40-uni-hoja-doble-_JM#position=43&search_layout=grid&type=item&tracking_id=bdd64490-3cab-4a1d-8014-a9a82db05d19,30.999,SIN.PROBLEMAS,Nuevo  |  +500 vendidos,No disponible,Nuevo  |  +500 vendidos,No disponible,#916569065,2024-03-17 22:04:10,"Hogar, Muebles y Jardín",Cuidado del Hogar y Lavandería,Desechables,Papeles Higiénicos
Bolsón Papel Higiénico Elite Ultra D/h 30mts X 20 Rollos,https://www.mercadolibre.com.ar/bolson-papel-higienico-elite-ultra-dh-30mts-x-20-rollos/p/MLA25860392?pdp_filters=category:MLA388905#searchVariation=MLA25860392&position=20&search_layout=grid&type=product&tracking_id=bdd64490-3cab-4a1d-8014-a9a82db05d19,19.999,TJ1905,Nuevo  |  +100 vendidos,(9 disponibles),Nuevo  |  +100 vendidos,No disponible,#1664722532,2024-03-17 22:04:10,"Hogar, Muebles y Jardín",Cuidado del Hogar y Lavandería,Desechables,Papeles Higiénicos
Papel Higiénico Blanco Puro Bolsón X 30 Rollos X 80 Mts 3.2k,https://articulo.mercadolibre.com.ar/MLA-615209986-papel-higienico-blanco-puro-bolson-x-30-rollos-x-80-mts-32k-_JM#position=44&search_layout=grid&type=item&tracking_id=bdd64490-3cab-4a1d-8014-a9a82db05d19,14.353,CLEAN-LAB SRL,Nuevo  |  +1000 vendidos,(7 disponibles),Nuevo  |  +1000 vendidos,No disponible,#615209986,2024-03-17 22:04:10,"Hogar, Muebles y Jardín",Cuidado del Hogar y Lavandería,Desechables,Papeles Higiénicos
Bolson Papel Higienico Linea New Pel De 500mts,https://www.mercadolibre.com.ar/bolson-papel-higienico-linea-new-pel-de-500mts/p/MLA21634085?pdp_filters=category:MLA388905#searchVariation=MLA21634085&position=23&search_layout=grid&type=product&tracking_id=bdd64490-3cab-4a1d-8014-a9a82db05d19,7.500,PAPELERAPARQUE,Nuevo  |  +100 vendidos,No disponible,Nuevo  |  +100 vendidos,No disponible,#1413429717,2024-03-17 22:04:10,"Hogar, Muebles y Jardín",Cuidado del Hogar y Lavandería,Desechables,Papeles Higiénicos
Papel Higiénico Elite Plus Cono Grande 300 Mts X 4 Un 6112,https://www.mercadolibre.com.ar/papel-higienico-elite-plus-cono-grande-300-mts-x-4-un-6112/p/MLA23838264?pdp_filters=category:MLA388905#searchVariation=MLA23838264&position=22&search_layout=grid&type=product&tracking_id=bdd64490-3cab-4a1d-8014-a9a82db05d19,12.416,TOTALPACK.VM,Nuevo  |  +1000 vendidos,(2 disponibles),Nuevo  |  +1000 vendidos,No disponible,#1668600112,2024-03-17 22:04:10,"Hogar, Muebles y Jardín",Cuidado del Hogar y Lavandería,Desechables,Papeles Higiénicos
Papel Higiénico Simplicity Doble Hoja X 4 Un X 30 Mt C/u,https://articulo.mercadolibre.com.ar/MLA-1346217145-papel-higienico-simplicity-doble-hoja-x-4-un-x-30-mt-cu-_JM#position=45&search_layout=grid&type=item&tracking_id=bdd64490-3cab-4a1d-8014-a9a82db05d19,2.700,Farmacity,Nuevo  |  +1000 vendidos,(995 disponibles),Nuevo  |  +1000 vendidos,No disponible,#1346217145,2024-03-17 22:04:10,"Hogar, Muebles y Jardín",Cuidado del Hogar y Lavandería,Desechables,Papeles Higiénicos
Pack Higiénico Bolsón 80x30u Rollo Cocina 8x200 New Pel,https://articulo.mercadolibre.com.ar/MLA-1393049706-pack-higienico-bolson-80x30u-rollo-cocina-8x200-new-pel-_JM#position=46&search_layout=grid&type=item&tracking_id=bdd64490-3cab-4a1d-8014-a9a82db05d19,36.927,MT-INSUMOS,Nuevo  |  +100 vendidos,(46 disponibles),Nuevo  |  +100 vendidos,No disponible,#1393049706,2024-03-17 22:04:10,"Hogar, Muebles y Jardín",Cuidado del Hogar y Lavandería,Desechables,Papeles Higiénicos
"Bolson Papel Higienico 30 Rollos X 80 Mts, Excelente Calidad",https://articulo.mercadolibre.com.ar/MLA-1119631623-bolson-papel-higienico-30-rollos-x-80-mts-excelente-calidad-_JM#position=47&search_layout=grid&type=item&tracking_id=bdd64490-3cab-4a1d-8014-a9a82db05d19,12.329,JON_84,Nuevo  |  +500 vendidos,(4625 disponibles),Nuevo  |  +500 vendidos,No disponible,#1119631623,2024-03-17 22:04:10,"Hogar, Muebles y Jardín",Cuidado del Hogar y Lavandería,Desechables,Papeles Higiénicos
Toallas Intercaladas Para Mano Blancas Premium 20x24 3000u,https://articulo.mercadolibre.com.ar/MLA-869357575-toallas-intercaladas-para-mano-blancas-premium-20x24-3000u-_JM#position=48&search_layout=grid&type=item&tracking_id=bdd64490-3cab-4a1d-8014-a9a82db05d19,20.940,AROMES-GRUPOTH,Nuevo  |  +1000 vendidos,(7 disponibles),Nuevo  |  +1000 vendidos,No disponible,#869357575,2024-03-17 22:04:10,"Hogar, Muebles y Jardín",Cuidado del Hogar y Lavandería,Desechables,Papeles Higiénicos
Papel Higiénico Elite 50mts 4 Rollos Bolson 12pack 6607 Ret,https://www.mercadolibre.com.ar/papel-higienico-elite-50mts-4-rollos-bolson-12pack-6607-ret/p/MLA22208951?pdp_filters=category:MLA388905#searchVariation=MLA22208951&position=26&search_layout=grid&type=product&tracking_id=bdd64490-3cab-4a1d-8014-a9a82db05d19,32.353,PAPELERA CUMBRE,Nuevo  |  +1000 vendidos,(210 disponibles),Nuevo  |  +1000 vendidos,No disponible,#1363240107,2024-03-17 22:04:10,"Hogar, Muebles y Jardín",Cuidado del Hogar y Lavandería,Desechables,Papeles Higiénicos
Toallas Intercaladas Para Mano Blancas 20x24 2500u Reales,https://articulo.mercadolibre.com.ar/MLA-1553922126-toallas-intercaladas-para-mano-blancas-20x24-2500u-reales-_JM#position=49&search_layout=grid&type=item&tracking_id=bdd64490-3cab-4a1d-8014-a9a82db05d19,17.916,DEMUJERESTIENDA,Nuevo  |  +100 vendidos,(36 disponibles),Nuevo  |  +100 vendidos,No disponible,#1553922126,2024-03-17 22:04:10,"Hogar, Muebles y Jardín",Cuidado del Hogar y Lavandería,Desechables,Papeles Higiénicos
Papel Higienico Blanco Premium Jumbo 500 Mts X 8 Unidades,https://www.mercadolibre.com.ar/papel-higienico-blanco-premium-jumbo-500-mts-x-8-unidades/p/MLA28866344?pdp_filters=category:MLA388905#searchVariation=MLA28866344&position=24&search_layout=grid&type=product&tracking_id=bdd64490-3cab-4a1d-8014-a9a82db05d19,28.715,AROMES-GRUPOTH,Nuevo  |  +1000 vendidos,(14 disponibles),Nuevo  |  +1000 vendidos,No disponible,#1600336332,2024-03-17 22:04:10,"Hogar, Muebles y Jardín",Cuidado del Hogar y Lavandería,Desechables,Papeles Higiénicos
Pack Papel Higiénico Higienol Dúo 50 Metros,https://articulo.mercadolibre.com.ar/MLA-1441941070-pack-papel-higienico-higienol-duo-50-metros-_JM#position=50&search_layout=grid&type=item&tracking_id=bdd64490-3cab-4a1d-8014-a9a82db05d19,16.814,LEBURÉ,Nuevo  |  +500 vendidos,(141 disponibles),Nuevo  |  +500 vendidos,No disponible,#1441941070,2024-03-17 22:04:10,"Hogar, Muebles y Jardín",Cuidado del Hogar y Lavandería,Desechables,Papeles Higiénicos
Papel Higiénico Rollo 300mts X 4 6112 Elite Professional,https://articulo.mercadolibre.com.ar/MLA-863080029-papel-higienico-rollo-300mts-x-4-6112-elite-professional-_JM#position=51&search_layout=grid&type=item&tracking_id=bdd64490-3cab-4a1d-8014-a9a82db05d19,13.015,BERLY,Nuevo  |  +500 vendidos,(82 disponibles),Nuevo  |  +500 vendidos,No disponible,#863080029,2024-03-17 22:04:10,"Hogar, Muebles y Jardín",Cuidado del Hogar y Lavandería,Desechables,Papeles Higiénicos
Papel Higiénico Dh Higienol Plus 30mts 4 Rollos (x10),https://articulo.mercadolibre.com.ar/MLA-1423132568-papel-higienico-dh-higienol-plus-30mts-4-rollos-x10-_JM#position=52&search_layout=grid&type=item&tracking_id=bdd64490-3cab-4a1d-8014-a9a82db05d19,27.895,DISTRIBUIDORA ACCOR,Nuevo  |  +100 vendidos,(10 disponibles),Nuevo  |  +100 vendidos,No disponible,#1423132568,2024-03-17 22:04:10,"Hogar, Muebles y Jardín",Cuidado del Hogar y Lavandería,Desechables,Papeles Higiénicos
Papel Higienico Elegante Max 80 Mts H.simple X 4 Rollos,https://articulo.mercadolibre.com.ar/MLA-1120120343-papel-higienico-elegante-max-80-mts-hsimple-x-4-rollos-_JM#position=53&search_layout=grid&type=item&tracking_id=bdd64490-3cab-4a1d-8014-a9a82db05d19,4.180,DISTRIBUIDORA AHORRAMAS,Nuevo  |  +1000 vendidos,(133 disponibles),Nuevo  |  +1000 vendidos,No disponible,#1120120343,2024-03-17 22:04:10,"Hogar, Muebles y Jard├¡n",Cuidado del Hogar y Lavander├¡a,Desechables,Papeles Higi├®nicos
Bolson Papel Higienico 30 Rollos X 100mts Excelente Calidad ,https://articulo.mercadolibre.com.ar/MLA-1411348303-bolson-papel-higienico-30-rollos-x-100mts-excelente-calidad-_JM#position=54&search_layout=grid&type=item&tracking_id=bdd64490-3cab-4a1d-8014-a9a82db05d19,12.450,ECO KLEAN,Nuevo  |  +5 vendidos,(5 disponibles),Nuevo  |  +5 vendidos,No disponible,#1411348303,2024-03-17 22:04:10,"Hogar, Muebles y Jardín",Cuidado del Hogar y Lavandería,Desechables,Papeles Higiénicos
Papel Higienico Elegante 4x30mts Triple Hoja Extra Confort,https://www.mercadolibre.com.ar/papel-higienico-elegante-4x30mts-triple-hoja-extra-confort/p/MLA19541930?pdp_filters=category:MLA388905#searchVariation=MLA19541930&position=25&search_layout=grid&type=product&tracking_id=bdd64490-3cab-4a1d-8014-a9a82db05d19,4.400,CARO5699,Nuevo  |  +1000 vendidos,No disponible,Nuevo  |  +1000 vendidos,No disponible,#1159029151,2024-03-17 22:04:10,"Hogar, Muebles y Jardín",Cuidado del Hogar y Lavandería,Desechables,Papeles Higiénicos
