Titulo,Enlace,Precios,Vendedor,Detalles,Cantidad,Estado,Oferta,Publicacion,Fecha_Ejecucion,Familia1,Familia2,Familia3,Familia4,Familia5
Capelettini Lucchetti Lucchettinis Jamon Y Queso X 500g,https://www.mercadolibre.com.ar/capelettini-lucchetti-lucchettinis-jamon-y-queso-x-500g/p/MLA21459203?pdp_filters=category:MLA1403#searchVariation=MLA21459203&position=1&search_layout=stack&type=product&tracking_id=b44f600f-fcd3-41b4-9818-11f2fe04c985,2.890,Ecomodico,Nuevo  |  +10mil vendidos,(214 disponibles),Nuevo  |  +10mil vendidos,No disponible,#1518066486,2024-03-17 22:07:16,Alimentos y Bebidas,Almacén,Pastas,,
Krachitos Bastonsitos Extra Queso Snacks X300 Grs,https://www.mercadolibre.com.ar/krachitos-bastonsitos-extra-queso-snacks-x300-grs/p/MLA20024515?pdp_filters=category:MLA1403#searchVariation=MLA20024515&position=3&search_layout=stack&type=product&tracking_id=b44f600f-fcd3-41b4-9818-11f2fe04c985,3.189,CAPSULANDIA,Nuevo  |  +500 vendidos,(33 disponibles),Nuevo  |  +500 vendidos,No disponible,#1292491528,2024-03-17 22:07:16,Alimentos y Bebidas,Almacén,Snacks,Snacks Salados,
Vino Trumpeter malbec 750ml por 6 unidades,https://www.mercadolibre.com.ar/vino-trumpeter-malbec-750ml-por-6-unidades/p/MLA21826656?pdp_filters=category:MLA1403#searchVariation=MLA21826656&position=2&search_layout=stack&type=product&tracking_id=b44f600f-fcd3-41b4-9818-11f2fe04c985,36.607,MERCADOGOURMET.ONLINE,Nuevo  |  +5mil vendidos,(171 disponibles),Nuevo  |  +5mil vendidos,No disponible,#1684595622,2024-03-17 22:07:16,Alimentos y Bebidas,Bebidas,Vinos y Espumantes,Vinos,
Queso Rallado X 1 Kg La Quesera,https://www.mercadolibre.com.ar/queso-rallado-x-1-kg-la-quesera/p/MLA24833708?pdp_filters=category:MLA1403#searchVariation=MLA24833708&position=18&search_layout=stack&type=product&tracking_id=b44f600f-fcd3-41b4-9818-11f2fe04c985,12.751,Provifood,Nuevo  |  +100 vendidos,(9 disponibles),Nuevo  |  +100 vendidos,No disponible,#1379232893,2024-03-17 22:07:16,Alimentos y Bebidas,Frescos,Lácteos,Quesos,
Queso Serenisima Reggianito Rallado Sobre 35grs Pack 10 Unid,https://www.mercadolibre.com.ar/queso-serenisima-reggianito-rallado-sobre-35grs-pack-10-unid/p/MLA26287234?pdp_filters=category:MLA1403#searchVariation=MLA26287234&position=4&search_layout=stack&type=product&tracking_id=b44f600f-fcd3-41b4-9818-11f2fe04c985,12.155,Mayorista Masivos,Nuevo  |  +100 vendidos,(10 disponibles),Nuevo  |  +100 vendidos,No disponible,#1479309264,2024-03-17 22:07:16,Alimentos y Bebidas,Frescos,Lácteos,Quesos,
Queso untable Ilolay en mini porc individuales 20 Gr X 108 unid,https://www.mercadolibre.com.ar/queso-untable-ilolay-en-mini-porc-individuales-20-gr-x-108-unid/p/MLA22939193?pdp_filters=category:MLA1403#searchVariation=MLA22939193&position=17&search_layout=stack&type=product&tracking_id=b44f600f-fcd3-41b4-9818-11f2fe04c985,16.172,Provifood,Nuevo  |  +50 vendidos,(4 disponibles),Nuevo  |  +50 vendidos,No disponible,#1674630230,2024-03-17 22:07:16,Alimentos y Bebidas,Frescos,Lácteos,Quesos,
Fideos Giacomo Capelettini Queso Y Jamon 500 Grs,https://www.mercadolibre.com.ar/fideos-giacomo-capelettini-queso-y-jamon-500-grs/p/MLA19994611?pdp_filters=category:MLA1403#searchVariation=MLA19994611&position=8&search_layout=stack&type=product&tracking_id=b44f600f-fcd3-41b4-9818-11f2fe04c985,3.900,XPALLET.COM.AR,Nuevo  |  +1000 vendidos,(3 disponibles),Nuevo  |  +1000 vendidos,No disponible,#1397093159,2024-03-17 22:07:16,Alimentos y Bebidas,Almacén,Pastas,,
Queso Rallado La Quesera Bolsa x 3 Kg,https://www.mercadolibre.com.ar/queso-rallado-la-quesera-bolsa-x-3-kg/p/MLA24748688?pdp_filters=category:MLA1403#searchVariation=MLA24748688&position=7&search_layout=stack&type=product&tracking_id=b44f600f-fcd3-41b4-9818-11f2fe04c985,38.800,Provifood,Nuevo  |  +50 vendidos,(5 disponibles),Nuevo  |  +50 vendidos,No disponible,#1404377091,2024-03-17 22:07:16,Alimentos y Bebidas,Frescos,Lácteos,Quesos,
Mini Arrocitas Sabor Queso Romano X 53 Grs,https://click1.mercadolibre.com.ar/mclics/clicks/external/MLA/count?a=pJzQXj%2BvCmYCZuB9DAizgq9%2Fa4srGPqSj8AYPgtXCJxqVGtMEyvpC2jJDQ3bVHYXQAHEgNcc6e1MHfSZEyrFZsl%2BF4cLyW2byRt3YCECRbm0NxRa7VIB9BapflK6a8ksuhF9Ehs4Nn%2FxVAUg2fctaDXKgnACjs9FFApZWQlpys5hgxdO1P%2B%2Bakts52WlrH4VxAjjtWkfLZkx%2FPK1UJrpYAobcmPZTDSlJoTBUDAQD4FYUJ1vPmWa9LBZ3vQbNEY9YThXyExttUf59Jpn4r76IEyrDGe%2FoHkMFHT8tolYrwCL0iwIppReVa8G8F7XxNIpAqsv7i5vpMGwAMg1vn35HhjkwLum24dwKtkzgjYk70w%2BfSski69kLo%2FySLpw8NQ8sVYM1hhBwCopArV7adNI4rVz0QasvScWVt%2FCdn9yF83dJjIjvvGn0lTTHVUg4yAeopC3zLjd0jYnkPIOOgChqK1AA%2FrQd%2Fc8eoZXJU0QaKqPxJcYoTdsrr0gCMXUg8HKC6uicvlYAtRUVeJm5EXAf7xwO6hhxRv7iZhhoWklz1rmsATBFUVMKIdZ3f%2FDLdnD7amj3htBPjifKw2Cvng7D5C9nPOJEESmbPzgGkUo4dPSB1KFshGXTVcUbecfBv4Fn1zThK02ATcKr5v4Nna56%2B5e5aPB%2F4tzPOStsmkgJR%2F%2B6JzsRXG3NLeUw%2Bh%2F2lFpvzEO7h0%3D&e=mclics%2Fpseudo-search-pads-buybox%2B7708%2Cmclics%2Fsearch-list-ad-algorithm%2BDEFAULT%2Cmclics%2Fbuybox-layout%2B25349%2Cmclics%2Fmax-bid-capped%2B36382&rb=x,1.800,MIALMACENAMIGO,Nuevo  |  +25 vendidos,(270 disponibles),Nuevo  |  +25 vendidos,No disponible,#1409690423,2024-03-17 22:07:16,Alimentos y Bebidas,Almacén,Galletitas,,
Aceite Oliva Extra Virgen Finca San Gerardo Caja X 3 1000ml,https://click1.mercadolibre.com.ar/mclics/clicks/external/MLA/count?a=IN%2Bv6KTi6fq6FlCFUh8J%2B%2FPOZH7pOWTamZe4QsOePaOMcMbnxfici1x94%2FtQk2YORV9Fp3xRHHxmZTsDex%2BLZM2GT0i1xM6rBBQ6CYBWvDcrnNxVnAR63BLnO86qfS7%2BboKuVBr8%2BcSM1YiooVgKW2k4lUUym0jrVzJfuKX4gBR9IWPuv2pY8Q3gS3yYbmTLa5Fg1r9n7l%2BcgToLUyLluy%2F7JSciisg12kTa28dDPXFyhsWkg7Gc0zsGGfyudo8JZyGRqkjE3uQUXT6xi7FT7wSMkMFvHfE3%2FSrCO%2B%2FvEhDK9H91LOf24IFhoW2oeBAgFep6aDDsOovUCorxYh%2Falx0sti3B2YRR3LMANmGGJpBIs2GToyUdmnpnC3l5GrmvCZolYzSKAxskKWSav5EeJzwi8RcORquLbhblOZGTy9imq6zh6ELzWfAH%2FTpQc2i7vFWi5jdBxTZGYnXaYO16h2AtRXlS7615Z70efvRx%2BQCmdMOTfZ0HDWywNdrSKRMxTsxgGzV7V6ka4847w2QUeU4bzCae%2Bd7T0YWhJv7rfJpUJK%2FiL2QwLjFOIvkJgBndRAaXk6SQkm1vlW8NeMZpFYxcliAmzw7blFp%2BwkPW%2BSk4eA00O9dgiB7m5XzLsbX2P05HoQi%2FuWHwfhnzAt448tv6edCbkqOgG1hleVdencAojUSm5GKvJwk5nzHtVhRdU2WYVOKA6J1sMi11GHXd6rSRRXH8tHpO&e=mclics%2Fpseudo-search-pads-buybox%2B7708%2Cmclics%2Fsearch-list-ad-algorithm%2BDEFAULT%2Cmclics%2Fbuybox-layout%2B25349%2Cmclics%2Fmax-bid-capped%2B36382&rb=x,76.680,FINCA SANGERARDO,Nuevo  |  +25 vendidos,(64 disponibles),Nuevo  |  +25 vendidos,No disponible,#1141285689,2024-03-17 22:07:16,Alimentos y Bebidas,Almacén,Aceites y Vinagres,Aceites,
Queso Rallado X 100 Gr La Quesera ( X 6 Unidades),https://www.mercadolibre.com.ar/queso-rallado-x-100-gr-la-quesera-x-6-unidades/p/MLA24833709?pdp_filters=category:MLA1403#searchVariation=MLA24833709&position=5&search_layout=stack&type=product&tracking_id=b44f600f-fcd3-41b4-9818-11f2fe04c985,8.740,Provifood,Nuevo  |  +100 vendidos,(4 disponibles),Nuevo  |  +100 vendidos,No disponible,#1458238748,2024-03-17 22:07:16,Alimentos y Bebidas,Frescos,Lácteos,Quesos,
Queso Rallado Individual (100 Unid. X 8 Gr C/una) La Quesera,https://articulo.mercadolibre.com.ar/MLA-932572679-queso-rallado-individual-100-unid-x-8-gr-cuna-la-quesera-_JM#position=32&search_layout=stack&type=item&tracking_id=b44f600f-fcd3-41b4-9818-11f2fe04c985,14.773,Provifood,Nuevo  |  +100 vendidos,(3 disponibles),Nuevo  |  +100 vendidos,No disponible,#932572679,2024-03-17 22:07:16,Alimentos y Bebidas,Frescos,Lácteos,Quesos,
Muzzarella Vidal La N1 Del Mercado,https://articulo.mercadolibre.com.ar/MLA-1614305162-muzzarella-vidal-la-n1-del-mercado-_JM#position=33&search_layout=stack&type=item&tracking_id=b44f600f-fcd3-41b4-9818-11f2fe04c985,4.600,MEJA3313141,Nuevo  |  +50 vendidos,No disponible,Nuevo  |  +50 vendidos,No disponible,#1614305162,2024-03-17 22:07:16,Alimentos y Bebidas,Frescos,Lácteos,Quesos,
Quesos Untables Verónica X 20 Gr X 108 Unid,https://www.mercadolibre.com.ar/quesos-untables-veronica-x-20-gr-x-108-unid/p/MLA22716545?pdp_filters=category:MLA1403#searchVariation=MLA22716545&position=12&search_layout=stack&type=product&tracking_id=b44f600f-fcd3-41b4-9818-11f2fe04c985,21.890,Artistica Palermo,Nuevo  |  +100 vendidos,(11 disponibles),Nuevo  |  +100 vendidos,No disponible,#1412513757,2024-03-17 22:07:16,Alimentos y Bebidas,Frescos,Lácteos,Quesos,
Queso Rallado Individual (6 Cajas De 100u X 8 Gr) La Quesera,https://articulo.mercadolibre.com.ar/MLA-1140652163-queso-rallado-individual-6-cajas-de-100u-x-8-gr-la-quesera-_JM#position=34&search_layout=stack&type=item&tracking_id=b44f600f-fcd3-41b4-9818-11f2fe04c985,80.960,Provifood,Nuevo  |  +50 vendidos,(6 disponibles),Nuevo  |  +50 vendidos,No disponible,#1140652163,2024-03-17 22:07:16,Alimentos y Bebidas,Frescos,Lácteos,Quesos,
Palitos Pehuamar Queso 90 Gr Snacks Picadas Cumpleaños,https://www.mercadolibre.com.ar/palitos-pehuamar-queso-90-gr-snacks-picadas-cumpleanos/p/MLA19977625?pdp_filters=category:MLA1403#searchVariation=MLA19977625&position=13&search_layout=stack&type=product&tracking_id=b44f600f-fcd3-41b4-9818-11f2fe04c985,1.339,PepsiCo,Nuevo  |  +500 vendidos,(40 disponibles),Nuevo  |  +500 vendidos,No disponible,#1377010561,2024-03-17 22:07:16,Alimentos y Bebidas,Almacén,Snacks,Snacks Salados,
Queso mozzarella burrata Fior Di Latte 250gr-pack Indiv. Arrivata,https://www.mercadolibre.com.ar/queso-mozzarella-burrata-fior-di-latte-250gr-pack-indiv-arrivata/p/MLA22247036?pdp_filters=category:MLA1403#searchVariation=MLA22247036&position=6&search_layout=stack&type=product&tracking_id=b44f600f-fcd3-41b4-9818-11f2fe04c985,7.800,NICOLINOFIAMBRERIABOUTIQUE,Nuevo  |  +100 vendidos,(13 disponibles),Nuevo  |  +100 vendidos,No disponible,#1397016095,2024-03-17 22:07:16,Alimentos y Bebidas,Frescos,Lácteos,Quesos,
Vino Nicasia Red Blend Malbec 750ml,https://www.mercadolibre.com.ar/vino-nicasia-red-blend-malbec-750ml/p/MLA21837284?pdp_filters=category:MLA1403#searchVariation=MLA21837284&position=14&search_layout=stack&type=product&tracking_id=b44f600f-fcd3-41b4-9818-11f2fe04c985,4.950,CRANCRUS,Nuevo  |  +10mil vendidos,No disponible,Nuevo  |  +10mil vendidos,No disponible,#1640750010,2024-03-17 22:07:16,Alimentos y Bebidas,Bebidas,Vinos y Espumantes,Vinos,
Vino Santa Julia Chenin Dulce Zuccardi Caja X6 - Gobar®,https://click1.mercadolibre.com.ar/mclics/clicks/external/MLA/count?a=cK9bJIWoUUnx86Ixt5voNmWJYcXTsubV7%2Fs9a5fS8z3LP9xLycg4qPKaX%2BiKGwH9UBJ4xgZEAZrz2vgkfSCUHeQt%2FkwKmSITtYfZLPK2JwW61f7mkJL4H%2FEx6kGpB%2FHzTUbCPmIssjDcAkA0PARXdftzVcNey5RfSZBFSeso0I1NGoK%2FA0x2YUlhDozo7WL24ybu18YOnvIpc%2F8otDQwTUQHwrXtr3rpN3YueWJu4eefr6eTMHgI6SrYAP15ZVzmfztYDyh681ykYj%2FJD7yxUAVkcmZ0N7Yj4eBD02VYqWKgS%2FbygrocXfLdRcRo7RUwW9bO78erGCL%2BDZ%2B4ywxKBKb9aFBexE7zp9Q9gqd1IuG947KFBg%2F9hGizbFRC4TVUqhL%2BwX8h7%2FvBD0p%2FZObp4tg9XJfwI9Z7c1KC%2BeaoF%2BLY9yf2%2FofGKkzOPIKD4bmJY9oWco6Q1HpuNBD6d4gPdci%2BOIUpUz2KYj1hUoIcX6mvNxGYIynAahRtCshLrMkIaEBcv0dZMheU%2B6ieGHPtS2jzM44AgAcU5iCJtELDa9s32%2BP4yGztwGvWVhOVvlzSStZxN6MuLUQNoAXlU2liY0XRBYFzJEBe1mttE3BNsMq9ecs1we8etB8iQfaqt9McWlZKG%2BzLdYeAws1P2vGom1vIAfaUhniDFxjdsMzV2JQrY7iL27qbbeFTXIijEk0Lh4DC4x79sjENisEC%2Bu%2BcwA%3D%3D&e=mclics%2Fpseudo-search-pads-buybox%2B7708%2Cmclics%2Fsearch-list-ad-algorithm%2BDEFAULT%2Cmclics%2Fbuybox-layout%2B25349%2Cmclics%2Fmax-bid-capped%2B36382&rb=x,22.999,GOBAR E-COMM,Nuevo  |  +100 vendidos,(8 disponibles),Nuevo  |  +100 vendidos,No disponible,#1299904506,2024-03-17 22:07:16,Alimentos y Bebidas,Bebidas,Vinos y Espumantes,Vinos,
Rolls De Maíz Good Show Sabor Queso X 120 Grs,https://click1.mercadolibre.com.ar/mclics/clicks/external/MLA/count?a=gK7a0xvbGKVFJfa%2FfghUl1qR%2F0OBMXy3avY3kxcfL27mIUvI%2BwjVRLWu40dt6Ra6I3M9M4G%2Fvwq85lAez8ed8nRM0V%2FHgWZG8uv8zXpYf2AEm9J8zayvw4c%2BPbvUFHZfgx%2F0ST4c%2FjfhP3yh9uEjxWzSlPtJondHoTjEYqSUjEAjnsGk95YfkaIcZ7JMxzYtTKhSIL3CeD%2FPNoXeWB9kYFfvh8dqVmJNIFsMp%2Fnf4%2BR%2BAdf3oyaAvmfA%2BFBCgJRnkgYhGK2v3KYeZh4dxmnDQ6h4eb4dELd6nwyV85hLiT4evOjghk6Xzomeakxdy6LeLd%2F0fIm9ba4VX%2BY7MM0pOYopx5rMMtbdRyjO7cU8ps5x3RvUDPUYxaSv06zupGaWpW%2BbwuyXsPvvd5fnzwMHlr6euKhmK5tv4WHUD6vGhLBIdzlfH3%2BAaMiREMDQMTwuWg1QJ53vwzo4xY4zokYuJLOwvSRpA6ulz1kzIUXqfwnv8swNkomocAEAbexiSEdk7KdNEOgrBl7DQrbmOLx2BdyT%2F8GfnWEqq1aJAyWXDzxyVR1F0D7Ge0tYO%2FaD4bAxisuhei49OECCzwWsViGcS%2BrgiNX7h1ouB45rcBIN%2BkynyZanb1z07gl6kC%2F6MCP%2BIHCqr39iNYbAnlNxhcy63bXQ3bSop59sMQQtKGlRsFJ7kNz2fqiIsa4aT7ukQcOnpU%2BF7cnAD7b0RgA%3D&e=mclics%2Fpseudo-search-pads-buybox%2B7708%2Cmclics%2Fsearch-list-ad-algorithm%2BDEFAULT%2Cmclics%2Fbuybox-layout%2B25349%2Cmclics%2Fmax-bid-capped%2B36382&rb=x,2.100,MIALMACENAMIGO,Nuevo  |  1 vendido,(490 disponibles),Nuevo  |  1 vendido,No disponible,#1413682753,2024-03-17 22:07:16,Alimentos y Bebidas,Almacén,"Arroz, Legumbres y Semillas",Maíz,
Queso Parmesano Premium 10 Meses De Estacionamiento Sin Tacc,https://articulo.mercadolibre.com.ar/MLA-860409448-queso-parmesano-premium-10-meses-de-estacionamiento-sin-tacc-_JM#position=35&search_layout=stack&type=item&tracking_id=b44f600f-fcd3-41b4-9818-11f2fe04c985,82.000,ESTOYPARAUNAPICADA,Nuevo  |  +50 vendidos,(968 disponibles),Nuevo  |  +50 vendidos,No disponible,#860409448,2024-03-17 22:07:16,Alimentos y Bebidas,Frescos,Lácteos,Quesos,
Palitos Salados Pehuamar Sabor Queso X 620 Gr | Snack Picada,https://www.mercadolibre.com.ar/palitos-salados-pehuamar-sabor-queso-x-620-gr-snack-picada/p/MLA26204882?pdp_filters=category:MLA1403#searchVariation=MLA26204882&position=11&search_layout=stack&type=product&tracking_id=b44f600f-fcd3-41b4-9818-11f2fe04c985,5.168,PepsiCo,Nuevo  |  +100 vendidos,No disponible,Nuevo  |  +100 vendidos,No disponible,#1477471338,2024-03-17 22:07:16,Alimentos y Bebidas,Almacén,Snacks,Snacks Salados,
"Queso Artesanal Holanda Horma Completa 2,5 Kg Aprox Entrerio",https://articulo.mercadolibre.com.ar/MLA-1387063491-queso-artesanal-holanda-horma-completa-25-kg-aprox-entrerio-_JM#position=36&search_layout=stack&type=item&tracking_id=b44f600f-fcd3-41b4-9818-11f2fe04c985,33.500,MAYORISTA MISIÓN,Nuevo  |  +5 vendidos,(10 disponibles),Nuevo  |  +5 vendidos,No disponible,#1387063491,2024-03-17 22:07:16,Alimentos y Bebidas,Frescos,Lácteos,Quesos,
Queso Blanco S/sal Blister X120uni. Abedul,https://articulo.mercadolibre.com.ar/MLA-1111316917-queso-blanco-ssal-blister-x120uni-abedul-_JM#position=37&search_layout=stack&type=item&tracking_id=b44f600f-fcd3-41b4-9818-11f2fe04c985,26.000,LENTEI,Nuevo  |  +50 vendidos,(5 disponibles),Nuevo  |  +50 vendidos,No disponible,#1111316917,2024-03-17 22:07:16,Alimentos y Bebidas,Frescos,Lácteos,Quesos,
Arroz Preparado Sabor Queso Gallo X 240 Gr,https://www.mercadolibre.com.ar/arroz-preparado-sabor-queso-gallo-x-240-gr/p/MLA20018413?pdp_filters=category:MLA1403#searchVariation=MLA20018413&position=16&search_layout=stack&type=product&tracking_id=b44f600f-fcd3-41b4-9818-11f2fe04c985,2.697,TAP GROCERY,Nuevo  |  +5mil vendidos,(39 disponibles),Nuevo  |  +5mil vendidos,No disponible,#1280808483,2024-03-17 22:07:16,Alimentos y Bebidas,Almacén,"Arroz, Legumbres y Semillas",Arroz,
Queso Cuartirolo Ligth Veronica 1/2 Horma Solo Para Caba,https://articulo.mercadolibre.com.ar/MLA-1394022437-queso-cuartirolo-ligth-veronica-12-horma-solo-para-caba-_JM#position=38&search_layout=stack&type=item&tracking_id=b44f600f-fcd3-41b4-9818-11f2fe04c985,16.890,Artistica Palermo,Nuevo  |  +5 vendidos,(18 disponibles),Nuevo  |  +5 vendidos,No disponible,#1394022437,2024-03-17 22:07:16,Alimentos y Bebidas,Frescos,Lácteos,Quesos,
Vino Salentein reserve malbec 750ml,https://www.mercadolibre.com.ar/vino-salentein-reserve-malbec-750ml/p/MLA23021274?pdp_filters=category:MLA1403#searchVariation=MLA23021274&position=22&search_layout=stack&type=product&tracking_id=b44f600f-fcd3-41b4-9818-11f2fe04c985,6.699,GOBAR E-COMM,Nuevo  |  +1000 vendidos,(30 disponibles),Nuevo  |  +1000 vendidos,No disponible,#1413413500,2024-03-17 22:07:16,Alimentos y Bebidas,Bebidas,Vinos y Espumantes,Vinos,
Provoleta Santa Rosa En Horma Entera Envasada Al Vacío,https://articulo.mercadolibre.com.ar/MLA-1114487431-provoleta-santa-rosa-en-horma-entera-envasada-al-vacio-_JM#position=39&search_layout=stack&type=item&tracking_id=b44f600f-fcd3-41b4-9818-11f2fe04c985,66.000,FRANCESCODISTRIBUIDORA,Nuevo  |  +50 vendidos,(5 disponibles),Nuevo  |  +50 vendidos,No disponible,#1114487431,2024-03-17 22:07:16,Alimentos y Bebidas,Frescos,Lácteos,Quesos,
Provoleta Parrillera Santa Rosa Kilo,https://articulo.mercadolibre.com.ar/MLA-1550313292-provoleta-parrillera-santa-rosa-kilo-_JM#position=40&search_layout=stack&type=item&tracking_id=b44f600f-fcd3-41b4-9818-11f2fe04c985,20.000,NICOLINOFIAMBRERIABOUTIQUE,Nuevo  |  +5 vendidos,(4 disponibles),Nuevo  |  +5 vendidos,No disponible,#1550313292,2024-03-17 22:07:16,Alimentos y Bebidas,Frescos,Lácteos,Quesos,
Galletitas Kesitas Queso Caja 125g Bagley,https://www.mercadolibre.com.ar/galletitas-kesitas-queso-caja-125g-bagley/p/MLA19531318?pdp_filters=category:MLA1403#searchVariation=MLA19531318&position=15&search_layout=stack&type=product&tracking_id=b44f600f-fcd3-41b4-9818-11f2fe04c985,1.499,CAPSULANDIA,Nuevo  |  +5mil vendidos,(191 disponibles),Nuevo  |  +5mil vendidos,No disponible,#1158290216,2024-03-17 22:07:16,Alimentos y Bebidas,Almacén,Galletitas,,
Queso Halloumi Juan Grande Fraccionado De 400gr,https://articulo.mercadolibre.com.ar/MLA-917737673-queso-halloumi-juan-grande-fraccionado-de-400gr-_JM#position=41&search_layout=stack&type=item&tracking_id=b44f600f-fcd3-41b4-9818-11f2fe04c985,10.800,PRONTO GOURMET,Nuevo  |  +50 vendidos,No disponible,Nuevo  |  +50 vendidos,No disponible,#917737673,2024-03-17 22:07:16,Alimentos y Bebidas,Frescos,Lácteos,Quesos,
Muzzarella La Holandesa,https://articulo.mercadolibre.com.ar/MLA-920769817-muzzarella-la-holandesa-_JM#position=42&search_layout=stack&type=item&tracking_id=b44f600f-fcd3-41b4-9818-11f2fe04c985,2.800,RELA3312879,Nuevo  |  +100 vendidos,(988 disponibles),Nuevo  |  +100 vendidos,No disponible,#920769817,2024-03-17 22:07:16,Alimentos y Bebidas,Frescos,Lácteos,Quesos,
Vino argentino tinto colección rutini malbec 750ml,https://www.mercadolibre.com.ar/vino-argentino-tinto-coleccion-rutini-malbec-750ml/p/MLA19737807?pdp_filters=category:MLA1403#searchVariation=MLA19737807&position=23&search_layout=stack&type=product&tracking_id=b44f600f-fcd3-41b4-9818-11f2fe04c985,20.000,NEPTUNO BEBIDAS,Nuevo  |  +1000 vendidos,(8 disponibles),Nuevo  |  +1000 vendidos,No disponible,#1600436902,2024-03-17 22:07:16,Alimentos y Bebidas,Bebidas,Vinos y Espumantes,Vinos,
Cheddar Feteado Milkaut X192unid,https://articulo.mercadolibre.com.ar/MLA-1384715637-cheddar-feteado-milkaut-x192unid-_JM#position=43&search_layout=stack&type=item&tracking_id=b44f600f-fcd3-41b4-9818-11f2fe04c985,28.071,SHAPASHAPA20230822121329,Nuevo  |  +25 vendidos,(8 disponibles),Nuevo  |  +25 vendidos,No disponible,#1384715637,2024-03-17 22:07:16,Alimentos y Bebidas,Frescos,Lácteos,Quesos,
Cintitas Crocantes Tostex Grisines Talitas Sabor Queso,https://www.mercadolibre.com.ar/cintitas-crocantes-tostex-grisines-talitas-sabor-queso/p/MLA26455375?pdp_filters=category:MLA1403#searchVariation=MLA26455375&position=24&search_layout=stack&type=product&tracking_id=b44f600f-fcd3-41b4-9818-11f2fe04c985,1.840,MIALMACENAMIGO,Nuevo  |  +1000 vendidos,(117 disponibles),Nuevo  |  +1000 vendidos,No disponible,#1697197804,2024-03-17 22:07:16,Alimentos y Bebidas,Almacén,Galletitas,,
Queso Casamcream X4k- Sin Tacc,https://articulo.mercadolibre.com.ar/MLA-1649123484-queso-casamcream-x4k-sin-tacc-_JM#position=44&search_layout=stack&type=item&tracking_id=b44f600f-fcd3-41b4-9818-11f2fe04c985,16.270,SHAPASHAPA20230822121329,Nuevo  |  +5 vendidos,(3 disponibles),Nuevo  |  +5 vendidos,No disponible,#1649123484,2024-03-17 22:07:16,Alimentos y Bebidas,Frescos,Lácteos,Quesos,
Queso Crema Casancrem Pouch X 4 Kgs Sin Tacc,https://articulo.mercadolibre.com.ar/MLA-1395637497-queso-crema-casancrem-pouch-x-4-kgs-sin-tacc-_JM#position=45&search_layout=stack&type=item&tracking_id=b44f600f-fcd3-41b4-9818-11f2fe04c985,21.885,Provifood,Nuevo  |  +5 vendidos,(4 disponibles),Nuevo  |  +5 vendidos,No disponible,#1395637497,2024-03-17 22:07:16,Alimentos y Bebidas,Frescos,Lácteos,Quesos,
Doritos Queso X77 Gr | Snacks Pepsico Picadas Cumpleaños,https://www.mercadolibre.com.ar/doritos-queso-x77-gr-snacks-pepsico-picadas-cumpleanos/p/MLA28743500?pdp_filters=category:MLA1403#searchVariation=MLA28743500&position=21&search_layout=stack&type=product&tracking_id=b44f600f-fcd3-41b4-9818-11f2fe04c985,2.194,PepsiCo,Nuevo  |  +1000 vendidos,(5 disponibles),Nuevo  |  +1000 vendidos,No disponible,#1594276024,2024-03-17 22:07:16,Alimentos y Bebidas,Almacén,Snacks,Snacks Salados,
Provolone Santa Rosa Por Horma Entera,https://articulo.mercadolibre.com.ar/MLA-1301685574-provolone-santa-rosa-por-horma-entera-_JM#position=46&search_layout=stack&type=item&tracking_id=b44f600f-fcd3-41b4-9818-11f2fe04c985,143.177,FRANCESCODISTRIBUIDORA,Nuevo  |  +5 vendidos,No disponible,Nuevo  |  +5 vendidos,No disponible,#1301685574,2024-03-17 22:07:16,Alimentos y Bebidas,Frescos,Lácteos,Quesos,
"Queso Artesanal Reggianito Horma Completa 2,5 Kg Aprox",https://articulo.mercadolibre.com.ar/MLA-1393603347-queso-artesanal-reggianito-horma-completa-25-kg-aprox-_JM#position=47&search_layout=stack&type=item&tracking_id=b44f600f-fcd3-41b4-9818-11f2fe04c985,40.500,MAYORISTA MISIÓN,Nuevo  |  +5 vendidos,(17 disponibles),Nuevo  |  +5 vendidos,No disponible,#1393603347,2024-03-17 22:07:16,Alimentos y Bebidas,Frescos,Lácteos,Quesos,
Vino Bodega La Azul Malbec- Bag In Box De 3 Lts,https://www.mercadolibre.com.ar/vino-bodega-la-azul-malbec-bag-in-box-de-3-lts/p/MLA28640247?pdp_filters=category:MLA1403#searchVariation=MLA28640247&position=27&search_layout=stack&type=product&tracking_id=b44f600f-fcd3-41b4-9818-11f2fe04c985,12.864,VINOTECA BARI,Nuevo  |  +100 vendidos,(170 disponibles),Nuevo  |  +100 vendidos,No disponible,#1669698626,2024-03-17 22:07:16,Alimentos y Bebidas,Bebidas,Vinos y Espumantes,Vinos,
Queso Blanco Crema Casancrem Pouch X 4 Kgs Sin T.a.c.c.,https://articulo.mercadolibre.com.ar/MLA-1368094679-queso-blanco-crema-casancrem-pouch-x-4-kgs-sin-tacc-_JM#position=48&search_layout=stack&type=item&tracking_id=b44f600f-fcd3-41b4-9818-11f2fe04c985,15.500,DISTR.TUS.AMIGOS,Nuevo  |  +5 vendidos,No disponible,Nuevo  |  +5 vendidos,No disponible,#1368094679,2024-03-17 22:07:16,Alimentos y Bebidas,Frescos,Lácteos,Quesos,
Doritos Snack Queso Bolsa De 200g,https://www.mercadolibre.com.ar/doritos-snack-queso-bolsa-de-200g/p/MLA24345244?pdp_filters=category:MLA1403#searchVariation=MLA24345244&position=25&search_layout=stack&type=product&tracking_id=b44f600f-fcd3-41b4-9818-11f2fe04c985,5.567,PepsiCo,Nuevo  |  +500 vendidos,(8 disponibles),Nuevo  |  +500 vendidos,No disponible,#1557118252,2024-03-17 22:07:16,Alimentos y Bebidas,Almacén,Snacks,Snacks Salados,
Cremoso Punta Del Agua ,https://articulo.mercadolibre.com.ar/MLA-931683732-cremoso-punta-del-agua-_JM#position=49&search_layout=stack&type=item&tracking_id=b44f600f-fcd3-41b4-9818-11f2fe04c985,5.600,DOCAMPOS1417,Nuevo  |  +100 vendidos,No disponible,Nuevo  |  +100 vendidos,No disponible,#931683732,2024-03-17 22:07:16,Alimentos y Bebidas,Frescos,Lácteos,Quesos,
Chandon Extra Brut botella 750ml,https://www.mercadolibre.com.ar/chandon-extra-brut-botella-750ml/p/MLA21770519?pdp_filters=category:MLA1403#searchVariation=MLA21770519&position=26&search_layout=stack&type=product&tracking_id=b44f600f-fcd3-41b4-9818-11f2fe04c985,6.499,BEBIDAS PATRICIOS,Nuevo  |  +1000 vendidos,No disponible,Nuevo  |  +1000 vendidos,No disponible,#1508690618,2024-03-17 22:07:16,Alimentos y Bebidas,Bebidas,Vinos y Espumantes,Espumantes y Champagne,
Pategras Biolac,https://articulo.mercadolibre.com.ar/MLA-869976120-pategras-biolac-_JM#position=50&search_layout=stack&type=item&tracking_id=b44f600f-fcd3-41b4-9818-11f2fe04c985,6.500,GUILLEMARISCAL,Nuevo  |  +5 vendidos,No disponible,Nuevo  |  +5 vendidos,No disponible,#869976120,2024-03-17 22:07:16,Alimentos y Bebidas,Frescos,Lácteos,Quesos,
Queso Crema Crematto Milkaut 3.5 Kg Sin Tacc Reposteria,https://www.mercadolibre.com.ar/queso-crema-crematto-milkaut-35-kg-sin-tacc-reposteria/p/MLA28015423?pdp_filters=category:MLA1403#searchVariation=MLA28015423&position=28&search_layout=stack&type=product&tracking_id=b44f600f-fcd3-41b4-9818-11f2fe04c985,18.750,DISTR.TUS.AMIGOS,Nuevo  |  +500 vendidos,No disponible,Nuevo  |  +500 vendidos,No disponible,#1396368405,2024-03-17 22:07:16,Alimentos y Bebidas,Frescos,Lácteos,Quesos,
"Queso Azul La Quesea (horma X 2,30 Kg) (sin Tacc) (1 Unidad)",https://articulo.mercadolibre.com.ar/MLA-934631725-queso-azul-la-quesea-horma-x-230-kg-sin-tacc-1-unidad-_JM#position=51&search_layout=stack&type=item&tracking_id=b44f600f-fcd3-41b4-9818-11f2fe04c985,24.914,Provifood,Nuevo  |  +25 vendidos,(2 disponibles),Nuevo  |  +25 vendidos,No disponible,#934631725,2024-03-17 22:07:16,Alimentos y Bebidas,Frescos,Lácteos,Quesos,
Queso Rawmesan Crudencio,https://www.mercadolibre.com.ar/queso-rawmesan-crudencio/p/MLA19939851?pdp_filters=category:MLA1403#searchVariation=MLA19939851&position=29&search_layout=stack&type=product&tracking_id=b44f600f-fcd3-41b4-9818-11f2fe04c985,2.509,VÍVET MARKET,Nuevo  |  +500 vendidos,(2 disponibles),Nuevo  |  +500 vendidos,No disponible,#1288628237,2024-03-17 22:07:16,Alimentos y Bebidas,Almacén,"Arroz, Legumbres y Semillas",Semillas,
Queso Pategras Sin Tacc Veronica X Pieza Solo Envio En Caba,https://articulo.mercadolibre.com.ar/MLA-1393222657-queso-pategras-sin-tacc-veronica-x-pieza-solo-envio-en-caba-_JM#position=52&search_layout=stack&type=item&tracking_id=b44f600f-fcd3-41b4-9818-11f2fe04c985,52.188,Artistica Palermo,Nuevo  |  +5 vendidos,(12 disponibles),Nuevo  |  +5 vendidos,No disponible,#1393222657,2024-03-17 22:07:16,Alimentos y Bebidas,Frescos,Lácteos,Quesos,
Queso Brie La Boheme Sin Tacc Apto Celiacos Calidad,https://articulo.mercadolibre.com.ar/MLA-923299792-queso-brie-la-boheme-sin-tacc-apto-celiacos-calidad-_JM#position=53&search_layout=stack&type=item&tracking_id=b44f600f-fcd3-41b4-9818-11f2fe04c985,25.962,RBNFRESHFODSRLRBNFRESHFOD,Nuevo  |  +25 vendidos,No disponible,Nuevo  |  +25 vendidos,No disponible,#923299792,2024-03-17 22:07:16,Alimentos y Bebidas,Frescos,Lácteos,Quesos,
Espumante Chandon Extra Brut 3 Litros,https://www.mercadolibre.com.ar/espumante-chandon-extra-brut-3-litros/p/MLA24737408?pdp_filters=category:MLA1403#searchVariation=MLA24737408&position=30&search_layout=stack&type=product&tracking_id=b44f600f-fcd3-41b4-9818-11f2fe04c985,81.358,WINE_IN COLORS,Nuevo  |  +100 vendidos,(3 disponibles),Nuevo  |  +100 vendidos,No disponible,#1382547877,2024-03-17 22:07:16,Alimentos y Bebidas,Bebidas,Vinos y Espumantes,Espumantes y Champagne,
Queso Mozzarella Veronica Barra X Pieza Envio Solo En Caba,https://articulo.mercadolibre.com.ar/MLA-1393260235-queso-mozzarella-veronica-barra-x-pieza-envio-solo-en-caba-_JM#position=54&search_layout=stack&type=item&tracking_id=b44f600f-fcd3-41b4-9818-11f2fe04c985,59.218,Artistica Palermo,Nuevo  |  4 vendidos,(4 disponibles),Nuevo  |  4 vendidos,No disponible,#1393260235,2024-03-17 22:07:16,Alimentos y Bebidas,Frescos,Lácteos,Quesos,
Palitos Salados Pehuamar Sabor Queso X 165 Gr | Snack Picada,https://www.mercadolibre.com.ar/palitos-salados-pehuamar-sabor-queso-x-165-gr-snack-picada/p/MLA26418473?pdp_filters=category:MLA1403#searchVariation=MLA26418473&position=31&search_layout=stack&type=product&tracking_id=b44f600f-fcd3-41b4-9818-11f2fe04c985,1.801,PepsiCo,Nuevo  |  +100 vendidos,(10 disponibles),Nuevo  |  +100 vendidos,No disponible,#1384808903,2024-03-17 22:07:16,Alimentos y Bebidas,Almacén,Snacks,Snacks Salados,
Provoleta Nonna Pia ,https://click1.mercadolibre.com.ar/mclics/clicks/external/MLA/count?a=gMetr7Q4hEtEwx%2FVF%2Fa4txZHjGOz2RM5%2FkvzjZnzgzeg92JW6lL5gFO8T9vWTgKNmwkrK48wnV9N1cNqbDNrcoqqsDYmD%2FzW5TRj7SrkZJq4k%2FLW8znOVyYJ2ZxrWrB3Op6NIj7jXaPBYMQ9ZgKPdNWvLaibj44CalzIZasquzowSNjzxXUI5lAIOjhpRJUSyClpM2Y%2FPlvYX9mm6ikvo3S4HqkKtFcZRFk6vI8Eay08H73W3BjLM1NgSnYSKpB3odngSpE5KFhztPofF6oWecPv22SguDi1MTN8%2BIPP1OnCKN4G%2Fle43HjqcdhZovioNaK4LvbrU07%2BnFJaWaZoAFaxv%2FNd2D0zTc%2BjQDd%2FNc9N2VVZNqCVoG0%2F0BTxj0SMQeS94oRA%2BIXUaxPWflFpJwhaeXVkTjt5tP0OLwQC3yNMOqknaQoWYBUpIo0is4asVlOVTk7OkxypjlnEhelWLsYlbIlu%2FF6xV74QF0bFmYvNmIMNS%2FVfguG14X3H2Jmaow6BZjD9UBIuXHBsDJu77azhJRadgu0%2BttmEz3gR%2FYts0A9NH5TAWPCJO2ZHg7hD2aKansSYVyE2Cx4KEBrM2HjbFBpplMsI%2FcWJOu57xgdEemqxG4LgXI28sWcmL44qkjh9MDadOHCDC%2BsjQXmneaYPZ82m2YXRP6SU5A%3D%3D&e=mclics%2Fpseudo-search-pads-buybox%2B7708%2Cmclics%2Fsearch-list-ad-algorithm%2BDEFAULT%2Cmclics%2Fmax-bid-capped%2B36382&rb=x,8.639,FACHITA771,Nuevo  |  +5 vendidos,No disponible,Nuevo  |  +5 vendidos,No disponible,#1115768613,2024-03-17 22:08:12,Alimentos y Bebidas,Frescos,Lácteos,Quesos,
Chizitos Cheetos Horneados Sabor Queso Snacks Salados 140gr,https://click1.mercadolibre.com.ar/mclics/clicks/external/MLA/count?a=%2BqQ5NUf46z%2FsEfp91qs6YfR4vhcpIU5kgjA9P1gB02Bn0j51A6R%2BRwSyR4605nIFb%2FGHU9wQ7eIDHUbq3i88TPH512UunGJECO7Lxze0Ars27%2FxomjAr7JWhnTIs7JTBPB6lGSXjqSHXIk8Wu3IpgjKdgl%2Bsm30XVsviozCtQ%2BnfxKwI1rhxXkS%2BdMVZPiaNxgwqy9zDaSHHD2cbJf6E5KYp8R1OgZV9aS%2FLR5OB8kIUjdAeAn7Tsuynul0u2uvqEntSAqVDTSQ2O4h2LZoL0vxs2WCz%2BHoM%2FGtO%2BkOtLejW%2BIW6G8mtWpyVO%2F3NF755x1WagSop2jl57OBlJDFfL6qWs%2Fz8EV8xHIqLTOW4r1OsJYvEC%2FHXoE1gCoYB04SZL1M00YQ3LMAeqTOnbfPV9u%2BlTynpqZY1G84fR0NnGFSR6HZudyKDCO6eZr6iSIZZFoGaiGsfnHNxe1fIApbKDfpugrGVFo5UwgW2j08fD%2BSFcJsmZHF%2FLSwnnCOgEgM6Q%2B0XKRCu%2Fl9b0%2BNrOxnmHw%2B48X0KBV2wm0iKkdHOapcR8znZCM7k1%2FORtjJciOAJn7ytWXCKhu72%2FdmkKWiHoWWQF%2BTc%2B4eBMY07rS1Rr3jI9aFsRQMbJtS7Ku235Qs7sl%2BUIy8i7FWwrECBtesMcBlvfpr1OTWORktlx40HtLmh%2Bh4SiGV2DBaN9Pzk2JHO5bxXojoE%2F4Bv%2FRgvT97tKOm4qAw%3D&e=mclics%2Fpseudo-search-pads-buybox%2B7708%2Cmclics%2Fsearch-list-ad-algorithm%2BDEFAULT%2Cmclics%2Fmax-bid-capped%2B36382&rb=x,4.321,AEH MALL,Nuevo  |  1 vendido,(17 disponibles),Nuevo  |  1 vendido,No disponible,#1407873649,2024-03-17 22:08:12,Alimentos y Bebidas,Almacén,Snacks,Snacks Salados,
Oferta! Palitos De Maiz Chizitos Queso Krachitos 300g Snack,https://articulo.mercadolibre.com.ar/MLA-1349415728-oferta-palitos-de-maiz-chizitos-queso-krachitos-300g-snack-_JM#position=17&search_layout=stack&type=item&tracking_id=c00cbe61-408c-4212-83f0-aee841c55743,2.899,CAPSULANDIA,Nuevo  |  +500 vendidos,(109 disponibles),Nuevo  |  +500 vendidos,No disponible,#1349415728,2024-03-17 22:08:12,Alimentos y Bebidas,Almacén,Snacks,Snacks Salados,
Oferta! Bastoncitos De Maiz Sabor Queso Krachitos 60g Snack,https://articulo.mercadolibre.com.ar/MLA-1349447755-oferta-bastoncitos-de-maiz-sabor-queso-krachitos-60g-snack-_JM#position=18&search_layout=stack&type=item&tracking_id=c00cbe61-408c-4212-83f0-aee841c55743,799,CAPSULANDIA,Nuevo  |  +500 vendidos,(79 disponibles),Nuevo  |  +500 vendidos,No disponible,#1349447755,2024-03-17 22:08:12,Alimentos y Bebidas,Almacén,Snacks,Snacks Salados,
Queso Mendicrim Sancor X 3kg Original - Mataderos -,https://articulo.mercadolibre.com.ar/MLA-879314223-queso-mendicrim-sancor-x-3kg-original-mataderos--_JM#position=21&search_layout=stack&type=item&tracking_id=c00cbe61-408c-4212-83f0-aee841c55743,18.495,ROXYRO68,Nuevo  |  +50 vendidos,(3 disponibles),Nuevo  |  +50 vendidos,No disponible,#879314223,2024-03-17 22:08:12,Alimentos y Bebidas,Frescos,Lácteos,Quesos,
Queso Reggianito Rallado La Serenisima 130 G,https://articulo.mercadolibre.com.ar/MLA-1403954016-queso-reggianito-rallado-la-serenisima-130-g-_JM#position=22&search_layout=stack&type=item&tracking_id=c00cbe61-408c-4212-83f0-aee841c55743,1.895,XPALLET.COM.AR,Nuevo  |  +5 vendidos,No disponible,Nuevo  |  +5 vendidos,No disponible,#1403954016,2024-03-17 22:08:12,Alimentos y Bebidas,Frescos,Lácteos,Quesos,
Mozzarella Doña Lili,https://articulo.mercadolibre.com.ar/MLA-900882763-mozzarella-dona-lili-_JM#position=23&search_layout=stack&type=item&tracking_id=c00cbe61-408c-4212-83f0-aee841c55743,3.700,SDI GIACOMO,Nuevo  |  +100 vendidos,(3 disponibles),Nuevo  |  +100 vendidos,No disponible,#900882763,2024-03-17 22:08:12,Alimentos y Bebidas,Frescos,Lácteos,Quesos,
Queso De Cabra El Rincón Caprino X 1 Kg - Pedí Tus Sabores!!,https://articulo.mercadolibre.com.ar/MLA-897143190-queso-de-cabra-el-rincon-caprino-x-1-kg-pedi-tus-sabores-_JM#position=24&search_layout=stack&type=item&tracking_id=c00cbe61-408c-4212-83f0-aee841c55743,23.800,Hecho en Córdoba,Nuevo  |  +50 vendidos,No disponible,Nuevo  |  +50 vendidos,No disponible,#897143190,2024-03-17 22:08:12,Alimentos y Bebidas,Frescos,Lácteos,Quesos,
Bastoncitos De Maiz Sabor Queso Snacks Salados Krachitos 60g,https://click1.mercadolibre.com.ar/mclics/clicks/external/MLA/count?a=pu9UmJpcjI6BWS9kqUk0xop%2FdunNMWsk3cIzVao33Z6U5JLTUZf6ivN1pUceZ9XNNAQtqsi20Y%2F7jhs2n1h3bQPOngxAW7cnumi96dFEceFJBVRxxpESKvk8y4HNf2acBZGYjZ4IefVkaNqYvgrPRCl3%2BuEjChZ%2BiTy%2FaBXrKh2hB5eWIR%2B%2B3AYKI8mrthxaRv%2Bu28bTTzXvIqwHHCK9Mu2ok5a%2Bnt0BbXQ7ryDQeQE%2F1Md3fcy0sf%2FTycU4zQxyUGvsI1YHT%2BBMHDaj3Siv1BQ2RapXxsxxOj3b2ZVQp%2Bunrbj8GGhmjt%2FnozYHKtEYYpP5eEVErdw%2FTd6FTIL6EPcrXvF0BcZ6hl7UIT8w5EPo6Sj%2Bg8caZ7PltMVGhvll8UE%2BkQn6%2FPrMa6NzBIB1TB%2FAY%2BsoDOWbm639MBO0lpO8qB6FY70n14120DBcAhtv1lF6xIOBeTBDlxPmcHNphrCmoaDy%2FPl4gILMcj%2F%2FVRV8cUjz%2BKKKCLOVK1TvSrXNGALq20No7QpyDG%2BXC9qJE7WXrWO4epWacX56Wnd2htHrPDBxLPNrVwvMFocxmR88CTPbxLFLVlweUp%2F1TyDuyh6EIjRhXCc0O0%2FVg5vf%2Bgy8My88Mp6sTPultMIOL1xilMi87t96kQ5OezIbSC%2Fxq22ARVHwnJbz%2BgsBMJ722UfEup9ue7ZHAd%2B0HCLMvOT9moMxwUQF%2F4xfLR9smwMNRZ5zXSvc&e=mclics%2Fpseudo-search-pads-buybox%2B7708%2Cmclics%2Fsearch-list-ad-algorithm%2BDEFAULT%2Cmclics%2Fmax-bid-capped%2B36382&rb=x,1.087,AEH MALL,Nuevo  |  4 vendidos,(9 disponibles),Nuevo  |  4 vendidos,No disponible,#1669695698,2024-03-17 22:08:12,Alimentos y Bebidas,Almacén,Snacks,Snacks Salados,
Queso Rallado Reggianito La Serenisima 35gr Sin Tacc,https://click1.mercadolibre.com.ar/mclics/clicks/external/MLA/count?a=hqXjuUVJdhQt2%2FUGgrduSaT9Hn5CJGlvFPGMj17QjPX0ydAuBmdq5DZQ2ou9ktStqDLVHbG7gURb0WKoGhNYTlkiMQb5B%2F7H03AMX5cze1drCC9IpsyGGTL4%2FgdcQhOHoZtxltkb6%2Bgqft5FIKJW4dmelWv6n1hiBg%2BYoNT6mglm8D8sQOlEP5m1Mh1UKemuCKvCmaFvz1lDr9h9aHeZSS63jdJmMcTtcAPFWHXF5vktGiiB%2BZQTzEXdNMC9lbYlz4sBkUfiRGFYknNmVQlY0NfG2EYsJR2CLAnDXT9DT9%2F67GXO1RAKbFzn%2F2UZekY3JwjowQnxHSbdJv2gtuSxfqihM5l8WB54O9NAzOvadA7hwdWm0fE%2B4CuPdfnBSUCibiXUYk2rHg3jztcyAbraxmtChOhuRRR2JtYXd3BR5ZLrcuVwwL4hYYUsNie1eiCBWftywM8ZzptLrM%2FFh1z5RSuYIdsSClQwlxIHnnAWgLDB9NkrJpvPjxIq2OrF%2B9jnLBcDVyZxkG3dAw2xidyuDExW6of7CZDNak87qCtMitpETPor8Q0W8N4NVeK4n5GC3etq9JR42gu4mL6nXTKCUcxlwFCipx22v8YdH3vnvWCRLMDLofNIFHiDOe1pBhnL32WifcKk3lI2wvJcwAogDYLTngLE7nFX9B2jgFSf6Vm2nOPQDuyGvx0VgQku0wlIcrxal%2BfNwCulhnOwYKKgNu4%3D&e=mclics%2Fpseudo-search-pads-buybox%2B7708%2Cmclics%2Fsearch-list-ad-algorithm%2BDEFAULT%2Cmclics%2Fmax-bid-capped%2B36382&rb=x,2.852,POSITIVA,Nuevo  |  +25 vendidos,(32 disponibles),Nuevo  |  +25 vendidos,No disponible,#1632849542,2024-03-17 22:08:12,Alimentos y Bebidas,Frescos,Lácteos,Quesos,
Cheddar Untable Tonadita X 3 Kg.,https://articulo.mercadolibre.com.ar/MLA-1695671572-cheddar-untable-tonadita-x-3-kg-_JM#position=25&search_layout=stack&type=item&tracking_id=c00cbe61-408c-4212-83f0-aee841c55743,14.000,DISTRIBUIDORA HEALTHY,Nuevo  |  1 vendido,(2 disponibles),Nuevo  |  1 vendido,No disponible,#1695671572,2024-03-17 22:08:12,Alimentos y Bebidas,Frescos,Lácteos,Quesos,
Queso Cheddar En Barra -- Stock8 --,https://articulo.mercadolibre.com.ar/MLA-716636459-queso-cheddar-en-barra-stock8--_JM#position=26&search_layout=stack&type=item&tracking_id=c00cbe61-408c-4212-83f0-aee841c55743,19.876,STOCK.8,Nuevo  |  +100 vendidos,(7 disponibles),Nuevo  |  +100 vendidos,No disponible,#716636459,2024-03-17 22:08:12,Alimentos y Bebidas,Frescos,Lácteos,Quesos,
Combo Snacks Pehuamar Grande - Lollipop,https://articulo.mercadolibre.com.ar/MLA-1137651259-combo-snacks-pehuamar-grande-lollipop-_JM#position=27&search_layout=stack&type=item&tracking_id=c00cbe61-408c-4212-83f0-aee841c55743,14.065,LOLLIPOP GOLOSINAS,Nuevo  |  +100 vendidos,(2 disponibles),Nuevo  |  +100 vendidos,No disponible,#1137651259,2024-03-17 22:08:12,Alimentos y Bebidas,Almacén,Snacks,Snacks Salados,
Queso Feta Juan Grande Fraccionado De 400gr,https://articulo.mercadolibre.com.ar/MLA-917741133-queso-feta-juan-grande-fraccionado-de-400gr-_JM#position=28&search_layout=stack&type=item&tracking_id=c00cbe61-408c-4212-83f0-aee841c55743,10.000,PRONTO GOURMET,Nuevo  |  +50 vendidos,(5 disponibles),Nuevo  |  +50 vendidos,No disponible,#917741133,2024-03-17 22:08:12,Alimentos y Bebidas,Frescos,Lácteos,Quesos,
Queso Mozzarella Veronica Barra X Pieza Envio Solo En Caba,https://articulo.mercadolibre.com.ar/MLA-1393260235-queso-mozzarella-veronica-barra-x-pieza-envio-solo-en-caba-_JM#position=29&search_layout=stack&type=item&tracking_id=c00cbe61-408c-4212-83f0-aee841c55743,59.218,Artistica Palermo,Nuevo  |  4 vendidos,(4 disponibles),Nuevo  |  4 vendidos,No disponible,#1393260235,2024-03-17 22:08:12,Alimentos y Bebidas,Frescos,Lácteos,Quesos,
Doritos Queso X77 Gr | Snacks Pepsico Picadas Cumpleaños,https://www.mercadolibre.com.ar/doritos-queso-x77-gr-snacks-pepsico-picadas-cumpleanos/p/MLA28743500?pdp_filters=category:MLA1403#searchVariation=MLA28743500&position=4&search_layout=stack&type=product&tracking_id=c00cbe61-408c-4212-83f0-aee841c55743,2.194,PepsiCo,Nuevo  |  +1000 vendidos,(5 disponibles),Nuevo  |  +1000 vendidos,No disponible,#1594276024,2024-03-17 22:08:12,Alimentos y Bebidas,Almacén,Snacks,Snacks Salados,
Queso Crema Casancrem Pouch X 4 Kgs Sin Tacc,https://articulo.mercadolibre.com.ar/MLA-1395637497-queso-crema-casancrem-pouch-x-4-kgs-sin-tacc-_JM#position=30&search_layout=stack&type=item&tracking_id=c00cbe61-408c-4212-83f0-aee841c55743,21.885,Provifood,Nuevo  |  +5 vendidos,(4 disponibles),Nuevo  |  +5 vendidos,No disponible,#1395637497,2024-03-17 22:08:12,Alimentos y Bebidas,Frescos,Lácteos,Quesos,
Caja Fajitas Tia Maruca Queso Talitas Pack - Mejor Precio,https://www.mercadolibre.com.ar/caja-fajitas-tia-maruca-queso-talitas-pack-mejor-precio/p/MLA25344782?pdp_filters=category:MLA1403#searchVariation=MLA25344782&position=5&search_layout=stack&type=product&tracking_id=c00cbe61-408c-4212-83f0-aee841c55743,17.338,MEJORPRECIO.COM.AR,Nuevo  |  +5 vendidos,No disponible,Nuevo  |  +5 vendidos,No disponible,#1462306488,2024-03-17 22:08:12,Alimentos y Bebidas,Almacén,Galletitas,,
Queso Fonte Sardo 1/2 Horma 1.4 Kg Aprox,https://click1.mercadolibre.com.ar/mclics/clicks/external/MLA/count?a=HD0dzi6vHpw4ZqyScpq22%2FExN2nzYpUa%2FC4C46EhVGVLrtcISeV90M6g%2FVWuCh5YwmToEHkKU5RKlgTrJqaAp18gyzYzCFieGTBuAGzqzCa%2F%2BmNT9av25awlBTJdrw2npm9selpycZikRLlUhmXMrhA4NShaLoOkHOmDIbpMK74E137%2B5k8fgWWWilogCCBkBKfkQ7Wak0q77KAeU6as52736AKIVrBRFvUNpqv8RB8IBIBN80leTz4fd5UYLYZjYqNK08HrxeE83rdFvu%2BBPcT2Q8CJlncdbEwcW5ocQPJhb2iMzoEVuXYZG5mQuWi9QBR%2Bz4%2FqeYG8TVMmMeX%2F8cDFkTa6mS787xGsF%2Fq99HbpSKThE5PX2RcOcVmiM%2F3fmopSUvbd1ghUx9xs%2BlBG%2FncnJeFrr2L6768BUCMjt7dPHz1KJkdnS9E41em1cX9oldpuePWP9jgMwtaJsKlJbvrg51lhlZsQ4vnoGjWUYdiHBWfVpZbqGrOLtuCSH%2Bw%2Bl5c3G80%2FLeGcZamoWfrj9hIDq0w15H%2Bht8jMBqvXaGog7LF5huEKYI8%2F%2Bf7kgrC%2BQHOc%2BiPfSuUSUmD5z3QE1CeAw4IQkV95WvA9OFus%2FgRfkLMH4iUSMKTziMUV%2B1Hnvhm9ngsZgl3Sx3LplLmG8YpdxDO7fATQO0Ab927UQBtLPvUfnSiZeDNztAT2IlCBZG8%3D&e=mclics%2Fpseudo-search-pads-buybox%2B7708%2Cmclics%2Fsearch-list-ad-algorithm%2BDEFAULT%2Cmclics%2Fmax-bid-capped%2B36382&rb=x,26.392,FONTEQUESOS,Nuevo  |  2 vendidos,(48 disponibles),Nuevo  |  2 vendidos,No disponible,#1388232233,2024-03-17 22:08:12,Alimentos y Bebidas,Frescos,Lácteos,Quesos,
Kesitas Bagley Horneadas Estuche X 1 25grs,https://click1.mercadolibre.com.ar/mclics/clicks/external/MLA/count?a=u2Xb0g8nKWS6vAfDMC6gfCOZBBU3YCRJctzV8bloF1YGO8bxhgo1xXaroK%2FOSLl4D9%2BxAJBPoynx6lJTl7OdMF%2BDlkHNChpcKv%2Bjv5dbjIyxwcigiPFyWBL1fuqc1s%2BSAlI0DktO93gwkohIoi58zoXFUlONFoSG4hX%2BHk2pmDiwPPiWFFh2yf0q4mzrAoaW7Fg9AaidN%2Bty0C31SpSDfr%2Ff7L5bgTb79fbAX4oWJjbAj%2BOTFW5CGRYNgCnpgCQLFESariRIFrvncFYGsuFuJ3R%2FvGWAfX%2BbCyVP7YB6I%2Fao2bpPTlvAL1zC73h5QFzOf23463a%2B5%2FFZO4YoR7NovJAodvktMDJHnbKlnbysWGMZNP6Gnsa6h%2BabmT0wjG0rHSVK%2B9%2BBmL2m8%2B6AzliQYU0tIAdIrFgBxeFADsq7y87dhNyw6R0AOvZywQP%2FjL%2BUxDzIo8SuNbknEm4Aa3UrK9Aavdpg%2Fu%2FPfQTSYU5N13%2FHx7%2FMAMNEhUqRmQsDDUQyFaC51an5PmRTbnd1mW2uDMqNrPd2E6DZ7v%2BtMC4a8M163T%2BLozBAq95SWf0vOmBC2pvD01W24n214BeoTY4juZkI%2FPKmZIWNw7b5zcDaMpe3H6FccBRHcCtGVA2uivGGqcuwNxWou1O81zNAKnKbooF5sOrF%2FDVLCH%2BV5DQoEe7r48zqhAOERvxJVa23rwfOPOOTwa9l&e=mclics%2Fpseudo-search-pads-buybox%2B7708%2Cmclics%2Fsearch-list-ad-algorithm%2BDEFAULT%2Cmclics%2Fmax-bid-capped%2B36382&rb=x,1.500,MERCADODEGALLETITAS,Nuevo  |  +5 vendidos,(2 disponibles),Nuevo  |  +5 vendidos,No disponible,#1368922421,2024-03-17 22:08:12,Alimentos y Bebidas,Almacén,Snacks,Snacks Salados,
Combo Queso Pepato Negro Y Pepato Rojo Fonte Hormas Completa,https://articulo.mercadolibre.com.ar/MLA-1403455181-combo-queso-pepato-negro-y-pepato-rojo-fonte-hormas-completa-_JM#position=31&search_layout=stack&type=item&tracking_id=c00cbe61-408c-4212-83f0-aee841c55743,77.780,FONTEQUESOS,Nuevo  |  1 vendido,(9 disponibles),Nuevo  |  1 vendido,No disponible,#1403455181,2024-03-17 22:08:12,Alimentos y Bebidas,Frescos,Lácteos,Quesos,
Provoleta Parrillera Santa Rosa Kilo,https://articulo.mercadolibre.com.ar/MLA-1550313292-provoleta-parrillera-santa-rosa-kilo-_JM#position=32&search_layout=stack&type=item&tracking_id=c00cbe61-408c-4212-83f0-aee841c55743,20.000,NICOLINOFIAMBRERIABOUTIQUE,Nuevo  |  +5 vendidos,(4 disponibles),Nuevo  |  +5 vendidos,No disponible,#1550313292,2024-03-17 22:08:12,Alimentos y Bebidas,Frescos,Lácteos,Quesos,
"Badia Eneldo 14,2 Gramos Condimiento Sin Tacc",https://www.mercadolibre.com.ar/badia-eneldo-142-gramos-condimiento-sin-tacc/p/MLA21838405?pdp_filters=category:MLA1403#searchVariation=MLA21838405&position=6&search_layout=stack&type=product&tracking_id=c00cbe61-408c-4212-83f0-aee841c55743,5.663,MODLINNATAN,Nuevo  |  +100 vendidos,(2 disponibles),Nuevo  |  +100 vendidos,No disponible,#1470711068,2024-03-17 22:08:12,Alimentos y Bebidas,Almacén,Salsas y Condimentos,Especias,
"Queso Artesanal Reggianito Horma Completa 2,5 Kg Aprox",https://articulo.mercadolibre.com.ar/MLA-1393603347-queso-artesanal-reggianito-horma-completa-25-kg-aprox-_JM#position=33&search_layout=stack&type=item&tracking_id=c00cbe61-408c-4212-83f0-aee841c55743,40.500,MAYORISTA MISIÓN,Nuevo  |  +5 vendidos,(17 disponibles),Nuevo  |  +5 vendidos,No disponible,#1393603347,2024-03-17 22:08:12,Alimentos y Bebidas,Frescos,Lácteos,Quesos,
Queso Rallado Shehuen X 40 Gr Sin Tacc (x 20 Sobres),https://articulo.mercadolibre.com.ar/MLA-1540981462-queso-rallado-shehuen-x-40-gr-sin-tacc-x-20-sobres-_JM#position=34&search_layout=stack&type=item&tracking_id=c00cbe61-408c-4212-83f0-aee841c55743,10.922,Provifood,Nuevo  |  2 vendidos,(4 disponibles),Nuevo  |  2 vendidos,No disponible,#1540981462,2024-03-17 22:08:12,Alimentos y Bebidas,Frescos,Lácteos,Quesos,
Vino Bodega La Azul Malbec- Bag In Box De 3 Lts,https://www.mercadolibre.com.ar/vino-bodega-la-azul-malbec-bag-in-box-de-3-lts/p/MLA28640247?pdp_filters=category:MLA1403#searchVariation=MLA28640247&position=7&search_layout=stack&type=product&tracking_id=c00cbe61-408c-4212-83f0-aee841c55743,12.864,VINOTECA BARI,Nuevo  |  +100 vendidos,(170 disponibles),Nuevo  |  +100 vendidos,No disponible,#1669698626,2024-03-17 22:08:12,Alimentos y Bebidas,Bebidas,Vinos y Espumantes,Vinos,
"Cremoso Punta Del Agua, Venta Por Kg. ",https://articulo.mercadolibre.com.ar/MLA-1123617448-cremoso-punta-del-agua-venta-por-kg-_JM#position=35&search_layout=stack&type=item&tracking_id=c00cbe61-408c-4212-83f0-aee841c55743,5.600,DOCAMPOS1417,Nuevo  |  +25 vendidos,No disponible,Nuevo  |  +25 vendidos,No disponible,#1123617448,2024-03-17 22:08:12,Alimentos y Bebidas,Frescos,Lácteos,Quesos,
Aceite De Oliva Familia Zuccardi Arauco 500ml ,https://www.mercadolibre.com.ar/aceite-de-oliva-familia-zuccardi-arauco-500ml/p/MLA19735483?pdp_filters=category:MLA1403#searchVariation=MLA19735483&position=8&search_layout=stack&type=product&tracking_id=c00cbe61-408c-4212-83f0-aee841c55743,18.052,SABORESYCRISTALES,Nuevo  |  +1000 vendidos,(19 disponibles),Nuevo  |  +1000 vendidos,No disponible,#1315403312,2024-03-17 22:08:12,Alimentos y Bebidas,Almacén,Aceites y Vinagres,Aceites,
Queso Blanco Cansancrem X 4 Kg.,https://articulo.mercadolibre.com.ar/MLA-1317823020-queso-blanco-cansancrem-x-4-kg-_JM#position=36&search_layout=stack&type=item&tracking_id=c00cbe61-408c-4212-83f0-aee841c55743,15.999,DISTRIBUIDORA HEALTHY,Nuevo  |  4 vendidos,No disponible,Nuevo  |  4 vendidos,No disponible,#1317823020,2024-03-17 22:08:12,Alimentos y Bebidas,Frescos,Lácteos,Quesos,
Queso Rallado Colonés,https://articulo.mercadolibre.com.ar/MLA-1363293243-queso-rallado-colones-_JM#position=37&search_layout=stack&type=item&tracking_id=c00cbe61-408c-4212-83f0-aee841c55743,10.000,LENTEI,Nuevo  |  +25 vendidos,(5 disponibles),Nuevo  |  +25 vendidos,No disponible,#1363293243,2024-03-17 22:08:12,Alimentos y Bebidas,Frescos,Lácteos,Quesos,
Bizcochitos Sabor Queso Franks 100 Gr,https://articulo.mercadolibre.com.ar/MLA-1366485275-bizcochitos-sabor-queso-franks-100-gr-_JM#position=38&search_layout=stack&type=item&tracking_id=c00cbe61-408c-4212-83f0-aee841c55743,1.328,GREENANDML,Nuevo  |  +100 vendidos,(19 disponibles),Nuevo  |  +100 vendidos,No disponible,#1366485275,2024-03-17 22:08:12,Alimentos y Bebidas,Almacén,Galletitas,,
Queso Sardo Por Horma 12 Meses - Villa Devoto,https://articulo.mercadolibre.com.ar/MLA-1179617126-queso-sardo-por-horma-12-meses-villa-devoto-_JM#position=39&search_layout=stack&type=item&tracking_id=c00cbe61-408c-4212-83f0-aee841c55743,12.900,COMAR_QUESERIA,Nuevo  |  +5 vendidos,No disponible,Nuevo  |  +5 vendidos,No disponible,#1179617126,2024-03-17 22:08:12,Alimentos y Bebidas,Frescos,Lácteos,Quesos,
Queso Cremoso Tonutti. Apto Celíacos.,https://articulo.mercadolibre.com.ar/MLA-848573847-queso-cremoso-tonutti-apto-celiacos-_JM#position=40&search_layout=stack&type=item&tracking_id=c00cbe61-408c-4212-83f0-aee841c55743,5.200,DOCAMPOS1417,Nuevo  |  +25 vendidos,No disponible,Nuevo  |  +25 vendidos,No disponible,#848573847,2024-03-17 22:08:12,Alimentos y Bebidas,Frescos,Lácteos,Quesos,
Cosecha Tardía Vino Rosado Dulce 750ml Norton Mendoza,https://www.mercadolibre.com.ar/cosecha-tardia-vino-rosado-dulce-750ml-norton-mendoza/p/MLA26529346?pdp_filters=category:MLA1403#searchVariation=MLA26529346&position=11&search_layout=stack&type=product&tracking_id=c00cbe61-408c-4212-83f0-aee841c55743,2.661,AEH MALL,Nuevo  |  +100 vendidos,(17 disponibles),Nuevo  |  +100 vendidos,No disponible,#1482882648,2024-03-17 22:08:12,Alimentos y Bebidas,Bebidas,Vinos y Espumantes,Vinos,
Queso Mozzarella Vegano X 500g - Felices Las Vacas,https://articulo.mercadolibre.com.ar/MLA-871708450-queso-mozzarella-vegano-x-500g-felices-las-vacas-_JM#position=41&search_layout=stack&type=item&tracking_id=c00cbe61-408c-4212-83f0-aee841c55743,5.720,CABALLITO FIT,Nuevo  |  +100 vendidos,(2 disponibles),Nuevo  |  +100 vendidos,No disponible,#871708450,2024-03-17 22:08:12,Alimentos y Bebidas,Frescos,Lácteos,Quesos,
Galletitas Kesitas Queso Caja 125g Bagley,https://www.mercadolibre.com.ar/galletitas-kesitas-queso-caja-125g-bagley/p/MLA19531318?pdp_filters=category:MLA1403#searchVariation=MLA19531318&position=12&search_layout=stack&type=product&tracking_id=c00cbe61-408c-4212-83f0-aee841c55743,1.499,CAPSULANDIA,Nuevo  |  +5mil vendidos,(191 disponibles),Nuevo  |  +5mil vendidos,No disponible,#1158290216,2024-03-17 22:08:12,Alimentos y Bebidas,Almacén,Galletitas,,
Mozzarella Barraza Venta Por 1 Kg,https://articulo.mercadolibre.com.ar/MLA-1162867332-mozzarella-barraza-venta-por-1-kg-_JM#position=42&search_layout=stack&type=item&tracking_id=c00cbe61-408c-4212-83f0-aee841c55743,7.100,DOCAMPOS1417,Nuevo  |  +5 vendidos,No disponible,Nuevo  |  +5 vendidos,No disponible,#1162867332,2024-03-17 22:08:12,Alimentos y Bebidas,Frescos,Lácteos,Quesos,
"Queso Azul La Quesea (horma X 2,30 Kg) (sin Tacc) (1 Unidad)",https://articulo.mercadolibre.com.ar/MLA-934631725-queso-azul-la-quesea-horma-x-230-kg-sin-tacc-1-unidad-_JM#position=43&search_layout=stack&type=item&tracking_id=c00cbe61-408c-4212-83f0-aee841c55743,24.914,Provifood,Nuevo  |  +25 vendidos,(2 disponibles),Nuevo  |  +25 vendidos,No disponible,#934631725,2024-03-17 22:08:12,Alimentos y Bebidas,Frescos,Lácteos,Quesos,
Nachos Krachitos SNACKS SALADOS queso cheddar sin TACC 70 g,https://www.mercadolibre.com.ar/nachos-krachitos-snacks-salados-queso-cheddar-sin-tacc-70-g/p/MLA32452726?pdp_filters=category:MLA1403#searchVariation=MLA32452726&position=13&search_layout=stack&type=product&tracking_id=c00cbe61-408c-4212-83f0-aee841c55743,1.299,CAPSULANDIA,Nuevo  |  +25 vendidos,(14 disponibles),Nuevo  |  +25 vendidos,No disponible,#1664902430,2024-03-17 22:08:12,Alimentos y Bebidas,Almacén,Snacks,Snacks Salados,
Queso Crema Finlandia Premium X 2kg  Ideal Sushi-reposteria,https://articulo.mercadolibre.com.ar/MLA-1146862966-queso-crema-finlandia-premium-x-2kg-ideal-sushi-reposteria-_JM#position=44&search_layout=stack&type=item&tracking_id=c00cbe61-408c-4212-83f0-aee841c55743,18.083,IMPORTADORANACCATO,Nuevo  |  +100 vendidos,(134 disponibles),Nuevo  |  +100 vendidos,No disponible,#1146862966,2024-03-17 22:08:12,Alimentos y Bebidas,Frescos,Lácteos,Quesos,
Queso Cremoso Vacalin Al Peso - Mataderos -,https://articulo.mercadolibre.com.ar/MLA-871744134-queso-cremoso-vacalin-al-peso-mataderos--_JM#position=45&search_layout=stack&type=item&tracking_id=c00cbe61-408c-4212-83f0-aee841c55743,8.095,ROXYRO68,Nuevo  |  +100 vendidos,(4 disponibles),Nuevo  |  +100 vendidos,No disponible,#871744134,2024-03-17 22:08:12,Alimentos y Bebidas,Frescos,Lácteos,Quesos,
Arroz Preparado Sabor Queso Gallo X 240 Gr,https://www.mercadolibre.com.ar/arroz-preparado-sabor-queso-gallo-x-240-gr/p/MLA20018413?pdp_filters=category:MLA1403#searchVariation=MLA20018413&position=14&search_layout=stack&type=product&tracking_id=c00cbe61-408c-4212-83f0-aee841c55743,2.697,TAP GROCERY,Nuevo  |  +5mil vendidos,(39 disponibles),Nuevo  |  +5mil vendidos,No disponible,#1280808483,2024-03-17 22:08:12,Alimentos y Bebidas,Almacén,"Arroz, Legumbres y Semillas",Arroz,
Queso Parmesano Fonte Cuña 300 Grs Aprox,https://articulo.mercadolibre.com.ar/MLA-1392956391-queso-parmesano-fonte-cuna-300-grs-aprox-_JM#position=46&search_layout=stack&type=item&tracking_id=c00cbe61-408c-4212-83f0-aee841c55743,5.199,FONTEQUESOS,Nuevo  |  +5 vendidos,(93 disponibles),Nuevo  |  +5 vendidos,No disponible,#1392956391,2024-03-17 22:08:12,Alimentos y Bebidas,Frescos,Lácteos,Quesos,
Nuevas! Papas Fritas Sabor Queso Cheddar 63g Good Show Snack,https://www.mercadolibre.com.ar/nuevas-papas-fritas-sabor-queso-cheddar-63g-good-show-snack/p/MLA28086417?pdp_filters=category:MLA1403#searchVariation=MLA28086417&position=15&search_layout=stack&type=product&tracking_id=c00cbe61-408c-4212-83f0-aee841c55743,1.099,CAPSULANDIA,Nuevo  |  +100 vendidos,(24 disponibles),Nuevo  |  +100 vendidos,No disponible,#1395452487,2024-03-17 22:08:12,Alimentos y Bebidas,Almacén,Snacks,Snacks Salados,
Queso Gouda De Quesos Fonte Horma Completa 2.5 Kg Aprox,https://articulo.mercadolibre.com.ar/MLA-1438513384-queso-gouda-de-quesos-fonte-horma-completa-25-kg-aprox-_JM#position=47&search_layout=stack&type=item&tracking_id=c00cbe61-408c-4212-83f0-aee841c55743,35.699,FONTEQUESOS,Nuevo  |  +50 vendidos,(61 disponibles),Nuevo  |  +50 vendidos,No disponible,#1438513384,2024-03-17 22:08:12,Alimentos y Bebidas,Frescos,Lácteos,Quesos,
Queso Cremoso Punta Del Agua X 4 Kg.,https://articulo.mercadolibre.com.ar/MLA-1553915164-queso-cremoso-punta-del-agua-x-4-kg-_JM#position=48&search_layout=stack&type=item&tracking_id=c00cbe61-408c-4212-83f0-aee841c55743,30.789,CATANZARODISTRIBUIDORA20231030,Nuevo  |  +5 vendidos,No disponible,Nuevo  |  +5 vendidos,No disponible,#1553915164,2024-03-17 22:08:12,Alimentos y Bebidas,Frescos,Lácteos,Quesos,
Vino Nicasia Red Blend Malbec 750ml,https://www.mercadolibre.com.ar/vino-nicasia-red-blend-malbec-750ml/p/MLA21837284?pdp_filters=category:MLA1403#searchVariation=MLA21837284&position=16&search_layout=stack&type=product&tracking_id=c00cbe61-408c-4212-83f0-aee841c55743,4.900,CRANCRUS,Nuevo  |  +10mil vendidos,No disponible,Nuevo  |  +10mil vendidos,No disponible,#1640750010,2024-03-17 22:08:12,Alimentos y Bebidas,Bebidas,Vinos y Espumantes,Vinos,
Cheddar Feteado Milkaut X192unid,https://articulo.mercadolibre.com.ar/MLA-1384715637-cheddar-feteado-milkaut-x192unid-_JM#position=49&search_layout=stack&type=item&tracking_id=c00cbe61-408c-4212-83f0-aee841c55743,28.071,SHAPASHAPA20230822121329,Nuevo  |  +25 vendidos,(8 disponibles),Nuevo  |  +25 vendidos,No disponible,#1384715637,2024-03-17 22:08:12,Alimentos y Bebidas,Frescos,Lácteos,Quesos,
Queso Cheddar Fundido (liquido) -- Stock8 --,https://articulo.mercadolibre.com.ar/MLA-716634761-queso-cheddar-fundido-liquido-stock8--_JM#position=50&search_layout=stack&type=item&tracking_id=c00cbe61-408c-4212-83f0-aee841c55743,17.637,STOCK.8,Nuevo  |  +100 vendidos,(8 disponibles),Nuevo  |  +100 vendidos,No disponible,#716634761,2024-03-17 22:08:12,Alimentos y Bebidas,Frescos,Lácteos,Quesos,
Yacochuya Malbec by Michel Rolland - Vino Icono Salta,https://www.mercadolibre.com.ar/yacochuya-malbec-by-michel-rolland-vino-icono-salta/p/MLA20017989?pdp_filters=category:MLA1403#searchVariation=MLA20017989&position=3&search_layout=stack&type=product&tracking_id=c00cbe61-408c-4212-83f0-aee841c55743,41.574,COUPAGE1,Nuevo  |  +1000 vendidos,(35 disponibles),Nuevo  |  +1000 vendidos,No disponible,#1688398634,2024-03-17 22:08:12,Alimentos y Bebidas,Bebidas,Vinos y Espumantes,Vinos,
Port Salut Chamen X Horma -1ra Calidad- Santafesino,https://articulo.mercadolibre.com.ar/MLA-846866350-port-salut-chamen-x-horma-1ra-calidad-santafesino-_JM#position=51&search_layout=stack&type=item&tracking_id=c00cbe61-408c-4212-83f0-aee841c55743,24.350,FIAMBRERIAELHORIZONTE,Nuevo  |  +100 vendidos,(84 disponibles),Nuevo  |  +100 vendidos,No disponible,#846866350,2024-03-17 22:08:12,Alimentos y Bebidas,Frescos,Lácteos,Quesos,
-tonadita Queso Crema Patagonia X 3kg - Mataderos,https://articulo.mercadolibre.com.ar/MLA-1410486463--tonadita-queso-crema-patagonia-x-3kg-mataderos-_JM#position=52&search_layout=stack&type=item&tracking_id=c00cbe61-408c-4212-83f0-aee841c55743,10.995,ROXYRO68,Nuevo  |  +5 vendidos,(15 disponibles),Nuevo  |  +5 vendidos,No disponible,#1410486463,2024-03-17 22:08:12,Alimentos y Bebidas,Almacén,Alimentos Instantáneos,Premezclas,Premezclas Saladas
Queso Tipo Feta De Cabra Fraccionado De 200gr Aproximadament,https://articulo.mercadolibre.com.ar/MLA-1393333579-queso-tipo-feta-de-cabra-fraccionado-de-200gr-aproximadament-_JM#position=53&search_layout=stack&type=item&tracking_id=c00cbe61-408c-4212-83f0-aee841c55743,6.490,LARTIGIANOONLINE,Nuevo  |  2 vendidos,(2 disponibles),Nuevo  |  2 vendidos,No disponible,#1393333579,2024-03-17 22:08:12,Alimentos y Bebidas,Frescos,Lácteos,Quesos,
Mozzarella Tonutti  ,https://articulo.mercadolibre.com.ar/MLA-904027102-mozzarella-tonutti-_JM#position=54&search_layout=stack&type=item&tracking_id=c00cbe61-408c-4212-83f0-aee841c55743,6.500,DOCAMPOS1417,Nuevo  |  +25 vendidos,No disponible,Nuevo  |  +25 vendidos,No disponible,#904027102,2024-03-17 22:08:12,Alimentos y Bebidas,Frescos,Lácteos,Quesos,
Champagne Novecento Extra Brut ((full)),https://articulo.mercadolibre.com.ar/MLA-1170261800-champagne-novecento-extra-brut-full-_JM#position=55&search_layout=stack&type=item&tracking_id=c00cbe61-408c-4212-83f0-aee841c55743,2.499,QUIRINO BEBIDAS,Nuevo  |  +1000 vendidos,(12 disponibles),Nuevo  |  +1000 vendidos,No disponible,#1170261800,2024-03-17 22:08:12,Alimentos y Bebidas,Bebidas,Vinos y Espumantes,Espumantes y Champagne,
Queso Gorgonzola Esc. Salesiana Don Bosco,https://articulo.mercadolibre.com.ar/MLA-1371711799-queso-gorgonzola-esc-salesiana-don-bosco-_JM#position=56&search_layout=stack&type=item&tracking_id=c00cbe61-408c-4212-83f0-aee841c55743,2.000,A. DELIGIANNIS,Nuevo  |  1 vendido,No disponible,Nuevo  |  1 vendido,No disponible,#1371711799,2024-03-17 22:08:12,Alimentos y Bebidas,Frescos,Lácteos,Quesos,
