Titulo,Enlace,Precios,Vendedor,Detalles,Cantidad,Estado,Oferta,Publicacion,Fecha_Ejecucion
Aceite de ma√≠z sabor manteca Mazola en aerosol120 g ,https://www.mercadolibre.com.ar/aceite-de-maiz-sabor-manteca-mazola-en-aerosol120-g/p/MLA16010033?pdp_filters=category:MLA114008#searchVariation=MLA16010033&position=2&search_layout=stack&type=product&tracking_id=69cc86da-2ed0-46f5-81bf-5ae75f2b8786,3.199,DISTRIBUIDORAJOTABESA,Nuevo  |  +5 vendidos,(24 disponibles),Nuevo  |  +5 vendidos,No disponible,#1538637192,2024-01-25 12:14:41
Pack X 12 Unid Vinagre Manzana Pvc 1 Lt Marolio Vinagres,https://www.mercadolibre.com.ar/pack-x-12-unid-vinagre-manzana-pvc-1-lt-marolio-vinagres/p/MLA29347515?pdp_filters=category:MLA114008#searchVariation=MLA29347515&position=3&search_layout=stack&type=product&tracking_id=69cc86da-2ed0-46f5-81bf-5ae75f2b8786,28.413,TIENDA_DINAMICA_FULL,Nuevo  |  1 vendido,(6 disponibles),Nuevo  |  1 vendido,No disponible,#1617148788,2024-01-25 12:14:41
Pack X 3 Unid Vinagre  Blanco Pvc 10 Lt Marolio Institucion,https://articulo.mercadolibre.com.ar/MLA-1149621415-pack-x-3-unid-vinagre-blanco-pvc-10-lt-marolio-institucion-_JM#position=4&search_layout=stack&type=item&tracking_id=69cc86da-2ed0-46f5-81bf-5ae75f2b8786,16.877,TD101,Nuevo  |  1 vendido,(6 disponibles),Nuevo  |  1 vendido,No disponible,#1149621415,2024-01-25 12:14:41
Vinagrera  Manzana 500 Cc Marolio Vinagres,https://articulo.mercadolibre.com.ar/MLA-926689573-vinagrera-manzana-500-cc-marolio-vinagres-_JM#position=5&search_layout=stack&type=item&tracking_id=69cc86da-2ed0-46f5-81bf-5ae75f2b8786,1.877,TIENDA_DINAMICA_FULL,Nuevo  |  +5 vendidos,(61 disponibles),Nuevo  |  +5 vendidos,No disponible,#926689573,2024-01-25 12:14:41
Pack X 18 Unid. Vinagrera  Manzana 500 Cc Marolio Vinagres,https://articulo.mercadolibre.com.ar/MLA-1181155981-pack-x-18-unid-vinagrera-manzana-500-cc-marolio-vinagres-_JM#position=6&search_layout=stack&type=item&tracking_id=69cc86da-2ed0-46f5-81bf-5ae75f2b8786,22.274,TIENDA_DINAMICA_FULL,Nuevo  |  1 vendido,(3 disponibles),Nuevo  |  1 vendido,No disponible,#1181155981,2024-01-25 12:14:41
"Pack X 24 Unid. Amargo  Serrano 1,5 Lt Marolio Amargos",https://articulo.mercadolibre.com.ar/MLA-1217043490-pack-x-24-unid-amargo-serrano-15-lt-marolio-amargos-_JM#position=7&search_layout=stack&type=item&tracking_id=69cc86da-2ed0-46f5-81bf-5ae75f2b8786,33.733,TD101,Nuevo  |  1 vendido,(5 disponibles),Nuevo  |  1 vendido,No disponible,#1217043490,2024-01-25 12:14:41
Pack X 12 Unid Vinagrera  Manzana 500 Cc Marolio Vinagres,https://articulo.mercadolibre.com.ar/MLA-932326574-pack-x-12-unid-vinagrera-manzana-500-cc-marolio-vinagres-_JM#position=8&search_layout=stack&type=item&tracking_id=69cc86da-2ed0-46f5-81bf-5ae75f2b8786,15.075,TIENDA_DINAMICA_FULL,Nuevo  |  4 vendidos,(5 disponibles),Nuevo  |  4 vendidos,No disponible,#932326574,2024-01-25 12:14:41
"Pack X 36 Unid. Amargo  Limon 1,5 Lt Marolio Amargos",https://articulo.mercadolibre.com.ar/MLA-1379103649-pack-x-36-unid-amargo-limon-15-lt-marolio-amargos-_JM#position=9&search_layout=stack&type=item&tracking_id=69cc86da-2ed0-46f5-81bf-5ae75f2b8786,48.131,TIENDA_DINAMICA_FULL,Nuevo,(2 disponibles),Nuevo,No disponible,#1379103649,2024-01-25 12:14:41
Pack X 12 Unid Vinagre  Manzana Pvc 1 Lt Marolio Vinagres,https://articulo.mercadolibre.com.ar/MLA-1281406115-pack-x-12-unid-vinagre-manzana-pvc-1-lt-marolio-vinagres-_JM#position=10&search_layout=stack&type=item&tracking_id=69cc86da-2ed0-46f5-81bf-5ae75f2b8786,28.413,TD101,Nuevo  |  3 vendidos,(8 disponibles),Nuevo  |  3 vendidos,No disponible,#1281406115,2024-01-25 12:14:41
Pack X 6 Unid. Durazno  Mitad 820 Gr Marolio Frutas Envasad,https://articulo.mercadolibre.com.ar/MLA-1126525526-pack-x-6-unid-durazno-mitad-820-gr-marolio-frutas-envasad-_JM#position=11&search_layout=stack&type=item&tracking_id=69cc86da-2ed0-46f5-81bf-5ae75f2b8786,15.676,TIENDA_DINAMICA_FULL,Nuevo,(83 disponibles),Nuevo,No disponible,#1126525526,2024-01-25 12:14:41
"Pack X 18 Unid. Amargo  Cordiller 1,5 Lt Marolio Amargos",https://articulo.mercadolibre.com.ar/MLA-1385580601-pack-x-18-unid-amargo-cordiller-15-lt-marolio-amargos-_JM#position=12&search_layout=stack&type=item&tracking_id=69cc86da-2ed0-46f5-81bf-5ae75f2b8786,22.274,TIENDA_DINAMICA_FULL,Nuevo,(11 disponibles),Nuevo,No disponible,#1385580601,2024-01-25 12:14:41
"Pack X 18 Unid. Amargo  Serrano 1,5 Lt Marolio Amargos",https://articulo.mercadolibre.com.ar/MLA-1216917801-pack-x-18-unid-amargo-serrano-15-lt-marolio-amargos-_JM#position=13&search_layout=stack&type=item&tracking_id=69cc86da-2ed0-46f5-81bf-5ae75f2b8786,22.274,TIENDA_DINAMICA_FULL,Nuevo  |  1 vendido,(22 disponibles),Nuevo  |  1 vendido,No disponible,#1216917801,2024-01-25 12:14:41
Pack X 3 Unid Vinagrera  Manzana 500 Cc Marolio Vinagres,https://articulo.mercadolibre.com.ar/MLA-932326567-pack-x-3-unid-vinagrera-manzana-500-cc-marolio-vinagres-_JM#position=14&search_layout=stack&type=item&tracking_id=69cc86da-2ed0-46f5-81bf-5ae75f2b8786,4.277,TIENDA_DINAMICA_FULL,Nuevo  |  1 vendido,(20 disponibles),Nuevo  |  1 vendido,No disponible,#932326567,2024-01-25 12:14:41
Pack X 12 Unid Vinagrera  Blanco 500 Cc Marolio Vinagres,https://articulo.mercadolibre.com.ar/MLA-932322891-pack-x-12-unid-vinagrera-blanco-500-cc-marolio-vinagres-_JM#position=15&search_layout=stack&type=item&tracking_id=69cc86da-2ed0-46f5-81bf-5ae75f2b8786,11.475,TIENDA_DINAMICA_FULL,Nuevo  |  2 vendidos,(41 disponibles),Nuevo  |  2 vendidos,No disponible,#932322891,2024-01-25 12:14:41
"Pack X 6 Unid Amargo  Cordiller 1,5 Lt Marolio Amargos",https://articulo.mercadolibre.com.ar/MLA-932340332-pack-x-6-unid-amargo-cordiller-15-lt-marolio-amargos-_JM#position=16&search_layout=stack&type=item&tracking_id=69cc86da-2ed0-46f5-81bf-5ae75f2b8786,7.876,TIENDA_DINAMICA_FULL,Nuevo,(33 disponibles),Nuevo,No disponible,#932340332,2024-01-25 12:14:41
"Pack X 18 Unid. Amargo  Serrlight 1,5 Lt Marolio Amargos",https://articulo.mercadolibre.com.ar/MLA-1488717814-pack-x-18-unid-amargo-serrlight-15-lt-marolio-amargos-_JM#position=17&search_layout=stack&type=item&tracking_id=69cc86da-2ed0-46f5-81bf-5ae75f2b8786,22.274,TIENDA_DINAMICA_FULL,Nuevo,No disponible,Nuevo,No disponible,#1488717814,2024-01-25 12:14:41
"Pack X 24 Unid. Amargo  Limon 1,5 Lt Marolio Amargos",https://articulo.mercadolibre.com.ar/MLA-1385571647-pack-x-24-unid-amargo-limon-15-lt-marolio-amargos-_JM#position=18&search_layout=stack&type=item&tracking_id=69cc86da-2ed0-46f5-81bf-5ae75f2b8786,33.733,TIENDA_DINAMICA_FULL,Nuevo,(4 disponibles),Nuevo,No disponible,#1385571647,2024-01-25 12:14:41
"Pack X 36 Unid. Amargo  Cordiller 1,5 Lt Marolio Amargos",https://articulo.mercadolibre.com.ar/MLA-1488717886-pack-x-36-unid-amargo-cordiller-15-lt-marolio-amargos-_JM#position=19&search_layout=stack&type=item&tracking_id=69cc86da-2ed0-46f5-81bf-5ae75f2b8786,48.131,TIENDA_DINAMICA_FULL,Nuevo,(5 disponibles),Nuevo,No disponible,#1488717886,2024-01-25 12:14:41
"Pack X 6 Unid Amargo  Citrus 1,5 Lt Marolio Amargos",https://articulo.mercadolibre.com.ar/MLA-932334438-pack-x-6-unid-amargo-citrus-15-lt-marolio-amargos-_JM#position=20&search_layout=stack&type=item&tracking_id=69cc86da-2ed0-46f5-81bf-5ae75f2b8786,7.876,TIENDA_DINAMICA_FULL,Nuevo,(7 disponibles),Nuevo,No disponible,#932334438,2024-01-25 12:14:41
"Pack X 18 Unid. Amargo  Limon 1,5 Lt Marolio Amargos",https://articulo.mercadolibre.com.ar/MLA-1385593227-pack-x-18-unid-amargo-limon-15-lt-marolio-amargos-_JM#position=21&search_layout=stack&type=item&tracking_id=69cc86da-2ed0-46f5-81bf-5ae75f2b8786,22.274,TIENDA_DINAMICA_FULL,Nuevo,(5 disponibles),Nuevo,No disponible,#1385593227,2024-01-25 12:14:41
"Pack X 18 Unid. Amargo  Limon Light 1,5 Lt Marolio Amargos",https://articulo.mercadolibre.com.ar/MLA-1269298147-pack-x-18-unid-amargo-limon-light-15-lt-marolio-amargos-_JM#position=22&search_layout=stack&type=item&tracking_id=69cc86da-2ed0-46f5-81bf-5ae75f2b8786,22.274,TIENDA_DINAMICA_FULL,Nuevo,(16 disponibles),Nuevo,No disponible,#1269298147,2024-01-25 12:14:41
"Pack X 36 Unid. Amargo  Limon Light 1,5 Lt Marolio Amargos",https://articulo.mercadolibre.com.ar/MLA-1269272313-pack-x-36-unid-amargo-limon-light-15-lt-marolio-amargos-_JM#position=23&search_layout=stack&type=item&tracking_id=69cc86da-2ed0-46f5-81bf-5ae75f2b8786,48.131,TIENDA_DINAMICA_FULL,Nuevo,(8 disponibles),Nuevo,No disponible,#1269272313,2024-01-25 12:14:41
"Pack X 24 Unid. Amargo  Limon Light 1,5 Lt Marolio Amargos",https://articulo.mercadolibre.com.ar/MLA-1270095383-pack-x-24-unid-amargo-limon-light-15-lt-marolio-amargos-_JM#position=24&search_layout=stack&type=item&tracking_id=69cc86da-2ed0-46f5-81bf-5ae75f2b8786,33.733,TIENDA_DINAMICA_FULL,Nuevo,(12 disponibles),Nuevo,No disponible,#1270095383,2024-01-25 12:14:41
"Pack X 36 Unid. Amargo  Serrano 1,5 Lt Marolio Amargos",https://articulo.mercadolibre.com.ar/MLA-1217043498-pack-x-36-unid-amargo-serrano-15-lt-marolio-amargos-_JM#position=25&search_layout=stack&type=item&tracking_id=69cc86da-2ed0-46f5-81bf-5ae75f2b8786,48.131,TIENDA_DINAMICA_FULL,Nuevo,(11 disponibles),Nuevo,No disponible,#1217043498,2024-01-25 12:14:41
"Pack X 24 Unid. Amargo  Cordiller 1,5 Lt Marolio Amargos",https://articulo.mercadolibre.com.ar/MLA-1488743436-pack-x-24-unid-amargo-cordiller-15-lt-marolio-amargos-_JM#position=26&search_layout=stack&type=item&tracking_id=69cc86da-2ed0-46f5-81bf-5ae75f2b8786,33.733,TIENDA_DINAMICA_FULL,Nuevo,(8 disponibles),Nuevo,No disponible,#1488743436,2024-01-25 12:14:41
Pack X 3 Unid Coctel Frutas   820 Gr Marolio Frutas Envasad,https://articulo.mercadolibre.com.ar/MLA-1157345792-pack-x-3-unid-coctel-frutas-820-gr-marolio-frutas-envasad-_JM#position=27&search_layout=stack&type=item&tracking_id=69cc86da-2ed0-46f5-81bf-5ae75f2b8786,14.364,TD101,Nuevo,(133 disponibles),Nuevo,No disponible,#1157345792,2024-01-25 12:14:41
Pack X 6 Unid. Vinagre  Vino Pvc 1 Lt Marolio Vinagres,https://articulo.mercadolibre.com.ar/MLA-1412457670-pack-x-6-unid-vinagre-vino-pvc-1-lt-marolio-vinagres-_JM#position=28&search_layout=stack&type=item&tracking_id=69cc86da-2ed0-46f5-81bf-5ae75f2b8786,12.076,TIENDA_DINAMICA_FULL,Nuevo,(14 disponibles),Nuevo,No disponible,#1412457670,2024-01-25 12:14:41
Pack X 18 Unid. Anana  Trozo 850 Gr Marolio Frutas Envasada,https://articulo.mercadolibre.com.ar/MLA-1291003738-pack-x-18-unid-anana-trozo-850-gr-marolio-frutas-envasada-_JM#position=29&search_layout=stack&type=item&tracking_id=69cc86da-2ed0-46f5-81bf-5ae75f2b8786,148.934,TIENDA_DINAMICA_FULL,Nuevo,(6 disponibles),Nuevo,No disponible,#1291003738,2024-01-25 12:14:41
"Pack X 6 Unid Amargo  Limon 1,5 Lt Marolio Amargos",https://articulo.mercadolibre.com.ar/MLA-932341806-pack-x-6-unid-amargo-limon-15-lt-marolio-amargos-_JM#position=30&search_layout=stack&type=item&tracking_id=69cc86da-2ed0-46f5-81bf-5ae75f2b8786,7.876,TIENDA_DINAMICA_FULL,Nuevo,(16 disponibles),Nuevo,No disponible,#932341806,2024-01-25 12:14:41
"Pack X 3 Unid Amargo  Limon 1,5 Lt Marolio Amargos",https://articulo.mercadolibre.com.ar/MLA-932341798-pack-x-3-unid-amargo-limon-15-lt-marolio-amargos-_JM#position=31&search_layout=stack&type=item&tracking_id=69cc86da-2ed0-46f5-81bf-5ae75f2b8786,4.277,TIENDA_DINAMICA_FULL,Nuevo,(33 disponibles),Nuevo,No disponible,#932341798,2024-01-25 12:14:41
"Pack X 3 Unid Amargo  Citrus 1,5 Lt Marolio Amargos",https://articulo.mercadolibre.com.ar/MLA-931823172-pack-x-3-unid-amargo-citrus-15-lt-marolio-amargos-_JM#position=32&search_layout=stack&type=item&tracking_id=69cc86da-2ed0-46f5-81bf-5ae75f2b8786,4.277,TIENDA_DINAMICA_FULL,Nuevo,(15 disponibles),Nuevo,No disponible,#931823172,2024-01-25 12:14:41
Pack X 24 Unid. Anana  Trozo 850 Gr Marolio Frutas Envasada,https://articulo.mercadolibre.com.ar/MLA-1301678601-pack-x-24-unid-anana-trozo-850-gr-marolio-frutas-envasada-_JM#position=33&search_layout=stack&type=item&tracking_id=69cc86da-2ed0-46f5-81bf-5ae75f2b8786,196.933,TIENDA_DINAMICA_FULL,Nuevo,(5 disponibles),Nuevo,No disponible,#1301678601,2024-01-25 12:14:41
Pack X 3 Unid Vinagre  Blanco Pvc 5 Lt Marolio Instituciona,https://www.mercadolibre.com.ar/pack-x-3-unid-vinagre-blanco-pvc-5-lt-marolio-instituciona/p/MLA24832233?pdp_filters=category:MLA114008#searchVariation=MLA24832233&position=1&search_layout=stack&type=product&tracking_id=69cc86da-2ed0-46f5-81bf-5ae75f2b8786,10.877,TIENDA_DINAMICA_FULL,Nuevo  |  +5 vendidos,(15 disponibles),Nuevo  |  +5 vendidos,No disponible,#1457247778,2024-01-25 12:14:41
Pack X 24 Unid. Vinagre  Blanco Pvc 5 Lt Marolio Institucio,https://articulo.mercadolibre.com.ar/MLA-1446807116-pack-x-24-unid-vinagre-blanco-pvc-5-lt-marolio-institucio-_JM#position=34&search_layout=stack&type=item&tracking_id=69cc86da-2ed0-46f5-81bf-5ae75f2b8786,86.532,TIENDA_DINAMICA_FULL,Nuevo,(2 disponibles),Nuevo,No disponible,#1446807116,2024-01-25 12:14:41
"Pack X 12 Unid. Amargo  Serrano 1,5 Lt Marolio Amarg Pro",https://articulo.mercadolibre.com.ar/MLA-1216360899-pack-x-12-unid-amargo-serrano-15-lt-marolio-amarg-pro-_JM#position=35&search_layout=stack&type=item&tracking_id=69cc86da-2ed0-46f5-81bf-5ae75f2b8786,19.485,TD101,Nuevo,(11 disponibles),Nuevo,No disponible,#1216360899,2024-01-25 12:14:41
Pack X 24 Unid. Vinagre  Vino Pvc 1 Lt Marolio Vinagres,https://articulo.mercadolibre.com.ar/MLA-1289511184-pack-x-24-unid-vinagre-vino-pvc-1-lt-marolio-vinagres-_JM#position=36&search_layout=stack&type=item&tracking_id=69cc86da-2ed0-46f5-81bf-5ae75f2b8786,50.533,TIENDA_DINAMICA_FULL,Nuevo,(3 disponibles),Nuevo,No disponible,#1289511184,2024-01-25 12:14:41
"Pack X 48 Unid. Amargo  Serrano 1,5 Lt Marolio Amargos",https://articulo.mercadolibre.com.ar/MLA-1170106270-pack-x-48-unid-amargo-serrano-15-lt-marolio-amargos-_JM#position=37&search_layout=stack&type=item&tracking_id=69cc86da-2ed0-46f5-81bf-5ae75f2b8786,62.528,TD101,Nuevo,(2 disponibles),Nuevo,No disponible,#1170106270,2024-01-25 12:14:41
Pack X 36 Unid. Vinagre  Vino Pvc 1 Lt Marolio Vinagres,https://articulo.mercadolibre.com.ar/MLA-1412289742-pack-x-36-unid-vinagre-vino-pvc-1-lt-marolio-vinagres-_JM#position=38&search_layout=stack&type=item&tracking_id=69cc86da-2ed0-46f5-81bf-5ae75f2b8786,73.330,TIENDA_DINAMICA_FULL,Nuevo,(2 disponibles),Nuevo,No disponible,#1412289742,2024-01-25 12:14:41
Pack X 18 Unid. Vinagrera  Vino 500 Cc Marolio Vinagres,https://articulo.mercadolibre.com.ar/MLA-1214812554-pack-x-18-unid-vinagrera-vino-500-cc-marolio-vinagres-_JM#position=39&search_layout=stack&type=item&tracking_id=69cc86da-2ed0-46f5-81bf-5ae75f2b8786,22.274,TIENDA_DINAMICA_FULL,Nuevo,(3 disponibles),Nuevo,No disponible,#1214812554,2024-01-25 12:14:41
Vinagre  Vino Pvc 1 Lt Marolio Vinagres,https://articulo.mercadolibre.com.ar/MLA-1412091922-vinagre-vino-pvc-1-lt-marolio-vinagres-_JM#position=40&search_layout=stack&type=item&tracking_id=69cc86da-2ed0-46f5-81bf-5ae75f2b8786,2.577,TIENDA_DINAMICA_FULL,Nuevo,(84 disponibles),Nuevo,No disponible,#1412091922,2024-01-25 12:14:41
Pack X 18 Unid. Vinagre  Vino Pvc 1 Lt Marolio Vinagres,https://articulo.mercadolibre.com.ar/MLA-1289536313-pack-x-18-unid-vinagre-vino-pvc-1-lt-marolio-vinagres-_JM#position=41&search_layout=stack&type=item&tracking_id=69cc86da-2ed0-46f5-81bf-5ae75f2b8786,39.134,TIENDA_DINAMICA_FULL,Nuevo,(4 disponibles),Nuevo,No disponible,#1289536313,2024-01-25 12:14:41
"Pack X 24 Unid. Amargo  Serrano 1,5 Lt Marolio Amarg Pro",https://articulo.mercadolibre.com.ar/MLA-1216988249-pack-x-24-unid-amargo-serrano-15-lt-marolio-amarg-pro-_JM#position=42&search_layout=stack&type=item&tracking_id=69cc86da-2ed0-46f5-81bf-5ae75f2b8786,43.885,TD101,Nuevo,(5 disponibles),Nuevo,No disponible,#1216988249,2024-01-25 12:14:41
"Pack X 36 Unid. Amargo  Serrano 1,5 Lt Marolio Amargos",https://articulo.mercadolibre.com.ar/MLA-1217030542-pack-x-36-unid-amargo-serrano-15-lt-marolio-amargos-_JM#position=43&search_layout=stack&type=item&tracking_id=69cc86da-2ed0-46f5-81bf-5ae75f2b8786,48.131,TD101,Nuevo,(3 disponibles),Nuevo,No disponible,#1217030542,2024-01-25 12:14:41
Pack X 3 Unid Vinagre  Vino Pvc 1 Lt Marolio Vinagres,https://articulo.mercadolibre.com.ar/MLA-1111109910-pack-x-3-unid-vinagre-vino-pvc-1-lt-marolio-vinagres-_JM#position=44&search_layout=stack&type=item&tracking_id=69cc86da-2ed0-46f5-81bf-5ae75f2b8786,6.377,TIENDA_DINAMICA_FULL,Nuevo,(28 disponibles),Nuevo,No disponible,#1111109910,2024-01-25 12:14:41
Pack X 18 Unid. Vinagre  Vino Pvc 1 Lt Marolio Vinagres,https://articulo.mercadolibre.com.ar/MLA-1289435792-pack-x-18-unid-vinagre-vino-pvc-1-lt-marolio-vinagres-_JM#position=45&search_layout=stack&type=item&tracking_id=69cc86da-2ed0-46f5-81bf-5ae75f2b8786,39.134,TD101,Nuevo,(7 disponibles),Nuevo,No disponible,#1289435792,2024-01-25 12:14:41
Pack X 24 Unid. Vinagre  Vino Pvc 1 Lt Marolio Vinag Pro,https://articulo.mercadolibre.com.ar/MLA-1368912241-pack-x-24-unid-vinagre-vino-pvc-1-lt-marolio-vinag-pro-_JM#position=46&search_layout=stack&type=item&tracking_id=69cc86da-2ed0-46f5-81bf-5ae75f2b8786,65.724,TD101,Nuevo,(5 disponibles),Nuevo,No disponible,#1368912241,2024-01-25 12:14:41
Pack X 36 Unid. Vinagre  Vino Pvc 1 Lt Marolio Vinag Pro,https://articulo.mercadolibre.com.ar/MLA-1368912247-pack-x-36-unid-vinagre-vino-pvc-1-lt-marolio-vinag-pro-_JM#position=47&search_layout=stack&type=item&tracking_id=69cc86da-2ed0-46f5-81bf-5ae75f2b8786,95.361,TD101,Nuevo,(3 disponibles),Nuevo,No disponible,#1368912247,2024-01-25 12:14:41
Pack X 12 Unid Vinagre  Vino Pvc 1 Lt Marolio Vinagr Pro,https://articulo.mercadolibre.com.ar/MLA-1368910021-pack-x-12-unid-vinagre-vino-pvc-1-lt-marolio-vinagr-pro-_JM#position=48&search_layout=stack&type=item&tracking_id=69cc86da-2ed0-46f5-81bf-5ae75f2b8786,36.087,TD101,Nuevo,(11 disponibles),Nuevo,No disponible,#1368910021,2024-01-25 12:14:41
Pack X 6 Unid. Vinagre  Vino Pvc 1 Lt Marolio Vinagr Pro,https://articulo.mercadolibre.com.ar/MLA-1368924791-pack-x-6-unid-vinagre-vino-pvc-1-lt-marolio-vinagr-pro-_JM#position=49&search_layout=stack&type=item&tracking_id=69cc86da-2ed0-46f5-81bf-5ae75f2b8786,15.586,TD101,Nuevo,(22 disponibles),Nuevo,No disponible,#1368924791,2024-01-25 12:14:41
Pack X 3 Unid Vinagre  Vino Pvc 1 Lt Marolio Vinagre Pro,https://articulo.mercadolibre.com.ar/MLA-1368947831-pack-x-3-unid-vinagre-vino-pvc-1-lt-marolio-vinagre-pro-_JM#position=50&search_layout=stack&type=item&tracking_id=69cc86da-2ed0-46f5-81bf-5ae75f2b8786,8.177,TD101,Nuevo,(44 disponibles),Nuevo,No disponible,#1368947831,2024-01-25 12:14:41
"Pack X 18 Unid. Amargo  Citrus 1,5 Lt Marolio Amargos",https://articulo.mercadolibre.com.ar/MLA-1149066363-pack-x-18-unid-amargo-citrus-15-lt-marolio-amargos-_JM#position=1&search_layout=stack&type=item&tracking_id=05aa96f1-fca5-4f8c-9f99-7c31cedfdad4,22.274,TIENDA_DINAMICA_FULL,Nuevo  |  1 vendido,(2 disponibles),Nuevo  |  1 vendido,No disponible,#1149066363,2024-01-25 12:15:30
Pack X 6 Unid. Vinagre  Blanco Pvc 1 Lt Marolio Vina Pro,https://articulo.mercadolibre.com.ar/MLA-1215455332-pack-x-6-unid-vinagre-blanco-pvc-1-lt-marolio-vina-pro-_JM#position=2&search_layout=stack&type=item&tracking_id=05aa96f1-fca5-4f8c-9f99-7c31cedfdad4,10.126,TD101,Nuevo  |  1 vendido,(83 disponibles),Nuevo  |  1 vendido,No disponible,#1215455332,2024-01-25 12:15:30
Pack X 12 Unid Vinagre  Blanco Pvc 1 Lt Marolio Vinagres,https://articulo.mercadolibre.com.ar/MLA-1160505061-pack-x-12-unid-vinagre-blanco-pvc-1-lt-marolio-vinagres-_JM#position=3&search_layout=stack&type=item&tracking_id=05aa96f1-fca5-4f8c-9f99-7c31cedfdad4,15.075,TD101,Nuevo  |  1 vendido,(41 disponibles),Nuevo  |  1 vendido,No disponible,#1160505061,2024-01-25 12:15:30
"Pack X 12 Unid. Amargo  Citrus 1,5 Lt Marolio Amargos",https://articulo.mercadolibre.com.ar/MLA-1126193470-pack-x-12-unid-amargo-citrus-15-lt-marolio-amargos-_JM#position=4&search_layout=stack&type=item&tracking_id=05aa96f1-fca5-4f8c-9f99-7c31cedfdad4,15.075,TIENDA_DINAMICA_FULL,Nuevo,(3 disponibles),Nuevo,No disponible,#1126193470,2024-01-25 12:15:30
Pack X 6 Unid. Anana  Trozo 850 Gr Marolio Frutas Envasadas,https://articulo.mercadolibre.com.ar/MLA-1126205467-pack-x-6-unid-anana-trozo-850-gr-marolio-frutas-envasadas-_JM#position=5&search_layout=stack&type=item&tracking_id=05aa96f1-fca5-4f8c-9f99-7c31cedfdad4,52.936,TIENDA_DINAMICA_FULL,Nuevo,(20 disponibles),Nuevo,No disponible,#1126205467,2024-01-25 12:15:30
Pack X 24 Unid. Vinagrera  Manzana 500 Cc Marolio Vinagres,https://articulo.mercadolibre.com.ar/MLA-1396760605-pack-x-24-unid-vinagrera-manzana-500-cc-marolio-vinagres-_JM#position=6&search_layout=stack&type=item&tracking_id=05aa96f1-fca5-4f8c-9f99-7c31cedfdad4,33.732,TIENDA_DINAMICA_FULL,Nuevo,(2 disponibles),Nuevo,No disponible,#1396760605,2024-01-25 12:15:30
Pack X 6 Unid. Vinagrera  Blanco 500 Cc Marolio Vinagres,https://articulo.mercadolibre.com.ar/MLA-1126504930-pack-x-6-unid-vinagrera-blanco-500-cc-marolio-vinagres-_JM#position=7&search_layout=stack&type=item&tracking_id=05aa96f1-fca5-4f8c-9f99-7c31cedfdad4,6.076,TIENDA_DINAMICA_FULL,Nuevo,(83 disponibles),Nuevo,No disponible,#1126504930,2024-01-25 12:15:30
Pack X 6 Unid. Vinagrera  Manzana 500 Cc Marolio Vinagres,https://articulo.mercadolibre.com.ar/MLA-1126511345-pack-x-6-unid-vinagrera-manzana-500-cc-marolio-vinagres-_JM#position=8&search_layout=stack&type=item&tracking_id=05aa96f1-fca5-4f8c-9f99-7c31cedfdad4,7.876,TIENDA_DINAMICA_FULL,Nuevo,(10 disponibles),Nuevo,No disponible,#1126511345,2024-01-25 12:15:30
"Pack X 12 Unid. Amargo  Serrlight 1,5 Lt Marolio Amargos",https://articulo.mercadolibre.com.ar/MLA-1126557580-pack-x-12-unid-amargo-serrlight-15-lt-marolio-amargos-_JM#position=9&search_layout=stack&type=item&tracking_id=05aa96f1-fca5-4f8c-9f99-7c31cedfdad4,15.075,TIENDA_DINAMICA_FULL,Nuevo,No disponible,Nuevo,No disponible,#1126557580,2024-01-25 12:15:30
Pack X 3 Unid Vinagre  Blanco Pvc 1 Lt Marolio Vinagres,https://articulo.mercadolibre.com.ar/MLA-1111084099-pack-x-3-unid-vinagre-blanco-pvc-1-lt-marolio-vinagres-_JM#position=10&search_layout=stack&type=item&tracking_id=05aa96f1-fca5-4f8c-9f99-7c31cedfdad4,4.277,TIENDA_DINAMICA_FULL,Nuevo,(166 disponibles),Nuevo,No disponible,#1111084099,2024-01-25 12:15:30
Pack X 12 Unid. Vinagre  Blanco Pvc 10 Lt Marolio Instituci,https://articulo.mercadolibre.com.ar/MLA-1126194819-pack-x-12-unid-vinagre-blanco-pvc-10-lt-marolio-instituci-_JM#position=11&search_layout=stack&type=item&tracking_id=05aa96f1-fca5-4f8c-9f99-7c31cedfdad4,69.735,TIENDA_DINAMICA_FULL,Nuevo,No disponible,Nuevo,No disponible,#1126194819,2024-01-25 12:15:30
Pack X 6 Unid. Vinagre  Blanco Pvc 5 Lt Marolio Institucion,https://articulo.mercadolibre.com.ar/MLA-1126210709-pack-x-6-unid-vinagre-blanco-pvc-5-lt-marolio-institucion-_JM#position=12&search_layout=stack&type=item&tracking_id=05aa96f1-fca5-4f8c-9f99-7c31cedfdad4,21.076,TIENDA_DINAMICA_FULL,Nuevo  |  1 vendido,(7 disponibles),Nuevo  |  1 vendido,No disponible,#1126210709,2024-01-25 12:15:30
Pack X 18 Unid. Vinagre  Blanco Pvc 1 Lt Marolio Vinagres,https://articulo.mercadolibre.com.ar/MLA-1215487918-pack-x-18-unid-vinagre-blanco-pvc-1-lt-marolio-vinagres-_JM#position=13&search_layout=stack&type=item&tracking_id=05aa96f1-fca5-4f8c-9f99-7c31cedfdad4,22.274,TIENDA_DINAMICA_FULL,Nuevo,(27 disponibles),Nuevo,No disponible,#1215487918,2024-01-25 12:15:30
Pack X 36 Unid. Vinagrera  Blanco 500 Cc Marolio Vinagres,https://articulo.mercadolibre.com.ar/MLA-1400994691-pack-x-36-unid-vinagrera-blanco-500-cc-marolio-vinagres-_JM#position=14&search_layout=stack&type=item&tracking_id=05aa96f1-fca5-4f8c-9f99-7c31cedfdad4,37.330,TIENDA_DINAMICA_FULL,Nuevo,(13 disponibles),Nuevo,No disponible,#1400994691,2024-01-25 12:15:30
Pack X 6 Unid. Vinagre  Blanco Pvc 10 Lt Marolio Institucio,https://articulo.mercadolibre.com.ar/MLA-1126164197-pack-x-6-unid-vinagre-blanco-pvc-10-lt-marolio-institucio-_JM#position=15&search_layout=stack&type=item&tracking_id=05aa96f1-fca5-4f8c-9f99-7c31cedfdad4,37.336,TIENDA_DINAMICA_FULL,Nuevo,(2 disponibles),Nuevo,No disponible,#1126164197,2024-01-25 12:15:30
"Pack X 12 Unid. Amargo  Limon 1,5 Lt Marolio Amargos",https://articulo.mercadolibre.com.ar/MLA-1126589982-pack-x-12-unid-amargo-limon-15-lt-marolio-amargos-_JM#position=16&search_layout=stack&type=item&tracking_id=05aa96f1-fca5-4f8c-9f99-7c31cedfdad4,15.075,TIENDA_DINAMICA_FULL,Nuevo,(8 disponibles),Nuevo,No disponible,#1126589982,2024-01-25 12:15:30
Pack X 24 Unid. Vinagre  Blanco Pvc 1 Lt Marolio Vinagres,https://articulo.mercadolibre.com.ar/MLA-1215474768-pack-x-24-unid-vinagre-blanco-pvc-1-lt-marolio-vinagres-_JM#position=17&search_layout=stack&type=item&tracking_id=05aa96f1-fca5-4f8c-9f99-7c31cedfdad4,33.733,TIENDA_DINAMICA_FULL,Nuevo,(20 disponibles),Nuevo,No disponible,#1215474768,2024-01-25 12:15:30
Pack X 36 Unid. Vinagre  Blanco Pvc 1 Lt Marolio Vinagres,https://articulo.mercadolibre.com.ar/MLA-1216362100-pack-x-36-unid-vinagre-blanco-pvc-1-lt-marolio-vinagres-_JM#position=18&search_layout=stack&type=item&tracking_id=05aa96f1-fca5-4f8c-9f99-7c31cedfdad4,48.131,TIENDA_DINAMICA_FULL,Nuevo,(13 disponibles),Nuevo,No disponible,#1216362100,2024-01-25 12:15:30
Pack X 36 Unid. Vinagrera  Manzana 500 Cc Marolio Vinagres,https://articulo.mercadolibre.com.ar/MLA-1396747573-pack-x-36-unid-vinagrera-manzana-500-cc-marolio-vinagres-_JM#position=19&search_layout=stack&type=item&tracking_id=05aa96f1-fca5-4f8c-9f99-7c31cedfdad4,48.130,TIENDA_DINAMICA_FULL,Nuevo,No disponible,Nuevo,No disponible,#1396747573,2024-01-25 12:15:30
Pack X 24 Unid. Vinagrera  Blanco 500 Cc Marolio Vinagres,https://articulo.mercadolibre.com.ar/MLA-1400982081-pack-x-24-unid-vinagrera-blanco-500-cc-marolio-vinagres-_JM#position=20&search_layout=stack&type=item&tracking_id=05aa96f1-fca5-4f8c-9f99-7c31cedfdad4,22.273,TIENDA_DINAMICA_FULL,Nuevo,(20 disponibles),Nuevo,No disponible,#1400982081,2024-01-25 12:15:30
Pack X 24 Unid. Vinagrera  Vino 500 Cc Marolio Vinagres,https://articulo.mercadolibre.com.ar/MLA-1400994705-pack-x-24-unid-vinagrera-vino-500-cc-marolio-vinagres-_JM#position=21&search_layout=stack&type=item&tracking_id=05aa96f1-fca5-4f8c-9f99-7c31cedfdad4,33.732,TIENDA_DINAMICA_FULL,Nuevo,(2 disponibles),Nuevo,No disponible,#1400994705,2024-01-25 12:15:30
Pack X 36 Unid. Vinagrera  Vino 500 Cc Marolio Vinagres,https://articulo.mercadolibre.com.ar/MLA-1401030517-pack-x-36-unid-vinagrera-vino-500-cc-marolio-vinagres-_JM#position=22&search_layout=stack&type=item&tracking_id=05aa96f1-fca5-4f8c-9f99-7c31cedfdad4,48.130,TIENDA_DINAMICA_FULL,Nuevo,No disponible,Nuevo,No disponible,#1401030517,2024-01-25 12:15:30
Pack X 48 Unid. Vinagrera  Vino 500 Cc Marolio Vinagres,https://articulo.mercadolibre.com.ar/MLA-1617155498-pack-x-48-unid-vinagrera-vino-500-cc-marolio-vinagres-_JM#position=23&search_layout=stack&type=item&tracking_id=05aa96f1-fca5-4f8c-9f99-7c31cedfdad4,62.527,TIENDA_DINAMICA_FULL,Nuevo,No disponible,Nuevo,No disponible,#1617155498,2024-01-25 12:15:30
Pack X 48 Unid. Vinagrera  Blanco 500 Cc Marolio Vinagres,https://articulo.mercadolibre.com.ar/MLA-1617425366-pack-x-48-unid-vinagrera-blanco-500-cc-marolio-vinagres-_JM#position=24&search_layout=stack&type=item&tracking_id=05aa96f1-fca5-4f8c-9f99-7c31cedfdad4,48.128,TIENDA_DINAMICA_FULL,Nuevo,(10 disponibles),Nuevo,No disponible,#1617425366,2024-01-25 12:15:30
Pack X 18 Unid. Vinagrera  Blanco 500 Cc Marolio Vinagres,https://articulo.mercadolibre.com.ar/MLA-1617514424-pack-x-18-unid-vinagrera-blanco-500-cc-marolio-vinagres-_JM#position=25&search_layout=stack&type=item&tracking_id=05aa96f1-fca5-4f8c-9f99-7c31cedfdad4,16.874,TIENDA_DINAMICA_FULL,Nuevo,(27 disponibles),Nuevo,No disponible,#1617514424,2024-01-25 12:15:30
Pack X 18 Unid. Vinagre  Manzana Pvc 1 Lt Marolio Vinagres,https://articulo.mercadolibre.com.ar/MLA-1620331580-pack-x-18-unid-vinagre-manzana-pvc-1-lt-marolio-vinagres-_JM#position=26&search_layout=stack&type=item&tracking_id=05aa96f1-fca5-4f8c-9f99-7c31cedfdad4,39.134,TIENDA_DINAMICA_FULL,Nuevo,(4 disponibles),Nuevo,No disponible,#1620331580,2024-01-25 12:15:30
Pack X 24 Unid. Vinagre  Manzana Pvc 1 Lt Marolio Vinagres,https://articulo.mercadolibre.com.ar/MLA-1620344636-pack-x-24-unid-vinagre-manzana-pvc-1-lt-marolio-vinagres-_JM#position=27&search_layout=stack&type=item&tracking_id=05aa96f1-fca5-4f8c-9f99-7c31cedfdad4,50.533,TIENDA_DINAMICA_FULL,Nuevo,(3 disponibles),Nuevo,No disponible,#1620344636,2024-01-25 12:15:30
"Pack X 3 Unid Amargo  Serrano 1,5 Lt Marolio Amargos Pro",https://articulo.mercadolibre.com.ar/MLA-1217056474-pack-x-3-unid-amargo-serrano-15-lt-marolio-amargos-pro-_JM#position=28&search_layout=stack&type=item&tracking_id=05aa96f1-fca5-4f8c-9f99-7c31cedfdad4,5.447,TD101,Nuevo,(46 disponibles),Nuevo,No disponible,#1217056474,2024-01-25 12:15:30
Pack X 6 Unid. Vinagrera  Vino 500 Cc Marolio Vinagres,https://articulo.mercadolibre.com.ar/MLA-1290397579-pack-x-6-unid-vinagrera-vino-500-cc-marolio-vinagres-_JM#position=29&search_layout=stack&type=item&tracking_id=05aa96f1-fca5-4f8c-9f99-7c31cedfdad4,7.876,TD101,Nuevo,(9 disponibles),Nuevo,No disponible,#1290397579,2024-01-25 12:15:30
Pack X 12 Unid Vinagre  Vino Pvc 1 Lt Marolio Vinagres,https://articulo.mercadolibre.com.ar/MLA-1412091914-pack-x-12-unid-vinagre-vino-pvc-1-lt-marolio-vinagres-_JM#position=30&search_layout=stack&type=item&tracking_id=05aa96f1-fca5-4f8c-9f99-7c31cedfdad4,28.413,TD101,Nuevo,(11 disponibles),Nuevo,No disponible,#1412091914,2024-01-25 12:15:30
Pack X 48 Unid. Vinagrera  Vino 500 Cc Marolio Vinagres,https://articulo.mercadolibre.com.ar/MLA-1434384832-pack-x-48-unid-vinagrera-vino-500-cc-marolio-vinagres-_JM#position=31&search_layout=stack&type=item&tracking_id=05aa96f1-fca5-4f8c-9f99-7c31cedfdad4,62.527,TD101,Nuevo,No disponible,Nuevo,No disponible,#1434384832,2024-01-25 12:15:30
Vinagre  Vino Pvc 1 Lt Marolio Vinagres Pro,https://articulo.mercadolibre.com.ar/MLA-1412141554-vinagre-vino-pvc-1-lt-marolio-vinagres-pro-_JM#position=32&search_layout=stack&type=item&tracking_id=05aa96f1-fca5-4f8c-9f99-7c31cedfdad4,3.237,TD101,Nuevo,(120 disponibles),Nuevo,No disponible,#1412141554,2024-01-25 12:15:30
Pack X 24 Unid. Vinagrera  Vino 500 Cc Marolio Vinagres,https://articulo.mercadolibre.com.ar/MLA-1434345762-pack-x-24-unid-vinagrera-vino-500-cc-marolio-vinagres-_JM#position=33&search_layout=stack&type=item&tracking_id=05aa96f1-fca5-4f8c-9f99-7c31cedfdad4,33.732,TD101,Nuevo,(2 disponibles),Nuevo,No disponible,#1434345762,2024-01-25 12:15:30
Vinagre  Vino Pvc 1 Lt Marolio Vinagres,https://articulo.mercadolibre.com.ar/MLA-1368897357-vinagre-vino-pvc-1-lt-marolio-vinagres-_JM#position=34&search_layout=stack&type=item&tracking_id=05aa96f1-fca5-4f8c-9f99-7c31cedfdad4,2.577,TD101,Nuevo,(120 disponibles),Nuevo,No disponible,#1368897357,2024-01-25 12:15:30
Pack X 6 Unid. Vinagrera  Vino 500 Cc Marolio Vinagr Pro,https://articulo.mercadolibre.com.ar/MLA-1290404136-pack-x-6-unid-vinagrera-vino-500-cc-marolio-vinagr-pro-_JM#position=35&search_layout=stack&type=item&tracking_id=05aa96f1-fca5-4f8c-9f99-7c31cedfdad4,10.126,TD101,Nuevo,(9 disponibles),Nuevo,No disponible,#1290404136,2024-01-25 12:15:30
Pack X 18 Unid. Vinagre  Vino Pvc 1 Lt Marolio Vinag Pro,https://articulo.mercadolibre.com.ar/MLA-1412155690-pack-x-18-unid-vinagre-vino-pvc-1-lt-marolio-vinag-pro-_JM#position=36&search_layout=stack&type=item&tracking_id=05aa96f1-fca5-4f8c-9f99-7c31cedfdad4,50.906,TD101,Nuevo,(7 disponibles),Nuevo,No disponible,#1412155690,2024-01-25 12:15:30
Pack X 48 Unid. Vinagre  Vino Pvc 1 Lt Marolio Vinagres,https://articulo.mercadolibre.com.ar/MLA-1412277180-pack-x-48-unid-vinagre-vino-pvc-1-lt-marolio-vinagres-_JM#position=37&search_layout=stack&type=item&tracking_id=05aa96f1-fca5-4f8c-9f99-7c31cedfdad4,96.128,TD101,Nuevo,(2 disponibles),Nuevo,No disponible,#1412277180,2024-01-25 12:15:30
Pack X 6 Unid. Vinagre  Vino Pvc 1 Lt Marolio Vinagres,https://articulo.mercadolibre.com.ar/MLA-1412155718-pack-x-6-unid-vinagre-vino-pvc-1-lt-marolio-vinagres-_JM#position=38&search_layout=stack&type=item&tracking_id=05aa96f1-fca5-4f8c-9f99-7c31cedfdad4,12.076,TD101,Nuevo,(22 disponibles),Nuevo,No disponible,#1412155718,2024-01-25 12:15:30
Pack X 3 Unid Vinagre  Vino Pvc 1 Lt Marolio Vinagres,https://articulo.mercadolibre.com.ar/MLA-1412277168-pack-x-3-unid-vinagre-vino-pvc-1-lt-marolio-vinagres-_JM#position=39&search_layout=stack&type=item&tracking_id=05aa96f1-fca5-4f8c-9f99-7c31cedfdad4,6.377,TD101,Nuevo,(44 disponibles),Nuevo,No disponible,#1412277168,2024-01-25 12:15:30
Pack X 36 Unid. Vinagre  Vino Pvc 1 Lt Marolio Vinagres,https://articulo.mercadolibre.com.ar/MLA-1412289740-pack-x-36-unid-vinagre-vino-pvc-1-lt-marolio-vinagres-_JM#position=40&search_layout=stack&type=item&tracking_id=05aa96f1-fca5-4f8c-9f99-7c31cedfdad4,73.330,TD101,Nuevo,(3 disponibles),Nuevo,No disponible,#1412289740,2024-01-25 12:15:30
Pack X 48 Unid. Vinagre  Vino Pvc 1 Lt Marolio Vinag Pro,https://articulo.mercadolibre.com.ar/MLA-1412155704-pack-x-48-unid-vinagre-vino-pvc-1-lt-marolio-vinag-pro-_JM#position=41&search_layout=stack&type=item&tracking_id=05aa96f1-fca5-4f8c-9f99-7c31cedfdad4,124.998,TD101,Nuevo,(2 disponibles),Nuevo,No disponible,#1412155704,2024-01-25 12:15:30
Pack X 24 Unid. Vinagre  Vino Pvc 1 Lt Marolio Vinagres,https://articulo.mercadolibre.com.ar/MLA-1289517638-pack-x-24-unid-vinagre-vino-pvc-1-lt-marolio-vinagres-_JM#position=42&search_layout=stack&type=item&tracking_id=05aa96f1-fca5-4f8c-9f99-7c31cedfdad4,50.533,TD101,Nuevo,(5 disponibles),Nuevo,No disponible,#1289517638,2024-01-25 12:15:30
Pack X 36 Unid. Vinagrera  Vino 500 Cc Marolio Vinag Pro,https://articulo.mercadolibre.com.ar/MLA-1434436902-pack-x-36-unid-vinagrera-vino-500-cc-marolio-vinag-pro-_JM#position=43&search_layout=stack&type=item&tracking_id=05aa96f1-fca5-4f8c-9f99-7c31cedfdad4,62.601,TD101,Nuevo,No disponible,Nuevo,No disponible,#1434436902,2024-01-25 12:15:30
Pack X 48 Unid. Vinagrera  Vino 500 Cc Marolio Vinag Pro,https://articulo.mercadolibre.com.ar/MLA-1434495486-pack-x-48-unid-vinagrera-vino-500-cc-marolio-vinag-pro-_JM#position=44&search_layout=stack&type=item&tracking_id=05aa96f1-fca5-4f8c-9f99-7c31cedfdad4,81.317,TD101,Nuevo,No disponible,Nuevo,No disponible,#1434495486,2024-01-25 12:15:30
Pack X 24 Unid. Vinagrera  Vino 500 Cc Marolio Vinag Pro,https://articulo.mercadolibre.com.ar/MLA-1434482650-pack-x-24-unid-vinagrera-vino-500-cc-marolio-vinag-pro-_JM#position=45&search_layout=stack&type=item&tracking_id=05aa96f1-fca5-4f8c-9f99-7c31cedfdad4,43.884,TD101,Nuevo,(2 disponibles),Nuevo,No disponible,#1434482650,2024-01-25 12:15:30
Pack X 36 Unid. Vinagrera  Vino 500 Cc Marolio Vinagres,https://articulo.mercadolibre.com.ar/MLA-1434495484-pack-x-36-unid-vinagrera-vino-500-cc-marolio-vinagres-_JM#position=46&search_layout=stack&type=item&tracking_id=05aa96f1-fca5-4f8c-9f99-7c31cedfdad4,48.130,TD101,Nuevo,No disponible,Nuevo,No disponible,#1434495484,2024-01-25 12:15:30
Vinagre  Manzana Pvc 1 Lt Marolio Vinagres Pro,https://articulo.mercadolibre.com.ar/MLA-1351214823-vinagre-manzana-pvc-1-lt-marolio-vinagres-pro-_JM#position=47&search_layout=stack&type=item&tracking_id=05aa96f1-fca5-4f8c-9f99-7c31cedfdad4,3.237,TD101,Nuevo  |  2 vendidos,(100 disponibles),Nuevo  |  2 vendidos,No disponible,#1351214823,2024-01-25 12:15:30
Vinagrera  Manzana 500 Cc Marolio Vinagres,https://articulo.mercadolibre.com.ar/MLA-1254867861-vinagrera-manzana-500-cc-marolio-vinagres-_JM#position=48&search_layout=stack&type=item&tracking_id=05aa96f1-fca5-4f8c-9f99-7c31cedfdad4,1.877,TD101,Nuevo,(127 disponibles),Nuevo,No disponible,#1254867861,2024-01-25 12:15:30
"Pack X 18 Unid. Amargo  Limon 1,5 Lt Marolio Amargos Pro",https://articulo.mercadolibre.com.ar/MLA-1373765461-pack-x-18-unid-amargo-limon-15-lt-marolio-amargos-pro-_JM#position=49&search_layout=stack&type=item&tracking_id=05aa96f1-fca5-4f8c-9f99-7c31cedfdad4,34.526,TD101,Nuevo,(7 disponibles),Nuevo,No disponible,#1373765461,2024-01-25 12:15:30
"Pack X 6 Unid Amargo  Limon Light 1,5 Lt Marolio Amargos",https://articulo.mercadolibre.com.ar/MLA-1270095391-pack-x-6-unid-amargo-limon-light-15-lt-marolio-amargos-_JM#position=50&search_layout=stack&type=item&tracking_id=05aa96f1-fca5-4f8c-9f99-7c31cedfdad4,7.876,TD101,Nuevo,(33 disponibles),Nuevo,No disponible,#1270095391,2024-01-25 12:15:30
Vinagrera  Blanco 500 Cc Marolio Vinagres,https://articulo.mercadolibre.com.ar/MLA-1369393493-vinagrera-blanco-500-cc-marolio-vinagres-_JM#position=1&search_layout=stack&type=item&tracking_id=2036f29b-b551-48bc-a201-78085fd3c270,1.577,TD101,Nuevo,(500 disponibles),Nuevo,No disponible,#1369393493,2024-01-25 12:16:19
Pack X 12 Unid Coctel Frutas   820 Gr Marolio Frutas Envasa,https://articulo.mercadolibre.com.ar/MLA-1159182007-pack-x-12-unid-coctel-frutas-820-gr-marolio-frutas-envasa-_JM#position=2&search_layout=stack&type=item&tracking_id=2036f29b-b551-48bc-a201-78085fd3c270,58.406,TD101,Nuevo,(33 disponibles),Nuevo,No disponible,#1159182007,2024-01-25 12:16:19
"Pack X 12 Unid. Amargo  Serrano 1,5 Lt Marolio Amargos",https://articulo.mercadolibre.com.ar/MLA-1215486717-pack-x-12-unid-amargo-serrano-15-lt-marolio-amargos-_JM#position=3&search_layout=stack&type=item&tracking_id=2036f29b-b551-48bc-a201-78085fd3c270,15.075,TD101,Nuevo,(11 disponibles),Nuevo,No disponible,#1215486717,2024-01-25 12:16:19
"Pack X 18 Unid. Amargo  Citrus 1,5 Lt Marolio Amargos",https://articulo.mercadolibre.com.ar/MLA-1149055456-pack-x-18-unid-amargo-citrus-15-lt-marolio-amargos-_JM#position=4&search_layout=stack&type=item&tracking_id=2036f29b-b551-48bc-a201-78085fd3c270,22.274,TD101,Nuevo,(4 disponibles),Nuevo,No disponible,#1149055456,2024-01-25 12:16:19
"Pack X 24 Unid. Amargo  Citrus 1,5 Lt Marolio Amargos",https://articulo.mercadolibre.com.ar/MLA-1149066375-pack-x-24-unid-amargo-citrus-15-lt-marolio-amargos-_JM#position=5&search_layout=stack&type=item&tracking_id=2036f29b-b551-48bc-a201-78085fd3c270,33.733,TD101,Nuevo,(3 disponibles),Nuevo,No disponible,#1149066375,2024-01-25 12:16:19
Pack X 12 Unid Anana  Trozo 850 Gr Marolio Frutas Envasadas,https://articulo.mercadolibre.com.ar/MLA-1178373462-pack-x-12-unid-anana-trozo-850-gr-marolio-frutas-envasadas-_JM#position=6&search_layout=stack&type=item&tracking_id=2036f29b-b551-48bc-a201-78085fd3c270,100.935,TD101,Nuevo  |  1 vendido,(13 disponibles),Nuevo  |  1 vendido,No disponible,#1178373462,2024-01-25 12:16:19
"Pack X 18 Unid. Amargo  Serrlight 1,5 Lt Marolio Ama Pro",https://articulo.mercadolibre.com.ar/MLA-1373765439-pack-x-18-unid-amargo-serrlight-15-lt-marolio-ama-pro-_JM#position=7&search_layout=stack&type=item&tracking_id=2036f29b-b551-48bc-a201-78085fd3c270,34.526,TD101,Nuevo,(4 disponibles),Nuevo,No disponible,#1373765439,2024-01-25 12:16:19
"Pack X 18 Unid. Amargo  Cordiller 1,5 Lt Marolio Amargos",https://articulo.mercadolibre.com.ar/MLA-1373817081-pack-x-18-unid-amargo-cordiller-15-lt-marolio-amargos-_JM#position=8&search_layout=stack&type=item&tracking_id=2036f29b-b551-48bc-a201-78085fd3c270,22.274,TD101,Nuevo,(4 disponibles),Nuevo,No disponible,#1373817081,2024-01-25 12:16:19
Pack X 36 Unid. Vinagrera  Manzana 500 Cc Marolio Vi Pro,https://articulo.mercadolibre.com.ar/MLA-1434371958-pack-x-36-unid-vinagrera-manzana-500-cc-marolio-vi-pro-_JM#position=9&search_layout=stack&type=item&tracking_id=2036f29b-b551-48bc-a201-78085fd3c270,62.601,TD101,Nuevo,(4 disponibles),Nuevo,No disponible,#1434371958,2024-01-25 12:16:19
Pack X 24 Unid. Vinagrera  Manzana 500 Cc Marolio Vi Pro,https://articulo.mercadolibre.com.ar/MLA-1434482642-pack-x-24-unid-vinagrera-manzana-500-cc-marolio-vi-pro-_JM#position=10&search_layout=stack&type=item&tracking_id=2036f29b-b551-48bc-a201-78085fd3c270,43.884,TD101,Nuevo,(6 disponibles),Nuevo,No disponible,#1434482642,2024-01-25 12:16:19
"Pack X 36 Unid. Amargo  Citrus 1,5 Lt Marolio Amargo Pro",https://articulo.mercadolibre.com.ar/MLA-1149098575-pack-x-36-unid-amargo-citrus-15-lt-marolio-amargo-pro-_JM#position=11&search_layout=stack&type=item&tracking_id=2036f29b-b551-48bc-a201-78085fd3c270,62.602,TD101,Nuevo,No disponible,Nuevo,No disponible,#1149098575,2024-01-25 12:16:19
Pack X 48 Unid. Sardinela  Aceite 215 Gr Marolio Pes Pro,https://articulo.mercadolibre.com.ar/MLA-1177147105-pack-x-48-unid-sardinela-aceite-215-gr-marolio-pes-pro-_JM#position=12&search_layout=stack&type=item&tracking_id=2036f29b-b551-48bc-a201-78085fd3c270,305.958,TD101,Nuevo,(3 disponibles),Nuevo,No disponible,#1177147105,2024-01-25 12:16:19
Pack X 24 Unid. Vinagre  Blanco Pvc 1 Lt Marolio Vinagres,https://articulo.mercadolibre.com.ar/MLA-1215487923-pack-x-24-unid-vinagre-blanco-pvc-1-lt-marolio-vinagres-_JM#position=13&search_layout=stack&type=item&tracking_id=2036f29b-b551-48bc-a201-78085fd3c270,33.733,TD101,Nuevo  |  1 vendido,(20 disponibles),Nuevo  |  1 vendido,No disponible,#1215487923,2024-01-25 12:16:19
"Pack X 36 Unid. Amargo  Serrano 1,5 Lt Marolio Amarg Pro",https://articulo.mercadolibre.com.ar/MLA-1217050111-pack-x-36-unid-amargo-serrano-15-lt-marolio-amarg-pro-_JM#position=14&search_layout=stack&type=item&tracking_id=2036f29b-b551-48bc-a201-78085fd3c270,62.602,TD101,Nuevo,(3 disponibles),Nuevo,No disponible,#1217050111,2024-01-25 12:16:19
"Pack X 6 Unid Amargo  Serrano 1,5 Lt Marolio Amargos",https://articulo.mercadolibre.com.ar/MLA-1217056480-pack-x-6-unid-amargo-serrano-15-lt-marolio-amargos-_JM#position=15&search_layout=stack&type=item&tracking_id=2036f29b-b551-48bc-a201-78085fd3c270,7.876,TD101,Nuevo,(23 disponibles),Nuevo,No disponible,#1217056480,2024-01-25 12:16:19
Pack X 24 Unid. Anana  Trozo 850 Gr Marolio Frutas Envasada,https://articulo.mercadolibre.com.ar/MLA-1308830457-pack-x-24-unid-anana-trozo-850-gr-marolio-frutas-envasada-_JM#position=16&search_layout=stack&type=item&tracking_id=2036f29b-b551-48bc-a201-78085fd3c270,196.933,TD101,Nuevo,(6 disponibles),Nuevo,No disponible,#1308830457,2024-01-25 12:16:19
Vinagrera  Blanco 500 Cc Marolio Vinagres Pro,https://articulo.mercadolibre.com.ar/MLA-1369309265-vinagrera-blanco-500-cc-marolio-vinagres-pro-_JM#position=17&search_layout=stack&type=item&tracking_id=2036f29b-b551-48bc-a201-78085fd3c270,1.937,TD101,Nuevo,(500 disponibles),Nuevo,No disponible,#1369309265,2024-01-25 12:16:19
Pack X 12 Unid Vinagrera  Blanco 500 Cc Marolio Vina Pro,https://articulo.mercadolibre.com.ar/MLA-1369333461-pack-x-12-unid-vinagrera-blanco-500-cc-marolio-vina-pro-_JM#position=18&search_layout=stack&type=item&tracking_id=2036f29b-b551-48bc-a201-78085fd3c270,14.804,TD101,Nuevo,(41 disponibles),Nuevo,No disponible,#1369333461,2024-01-25 12:16:19
"Pack X 18 Unid. Amargo  Cordiller 1,5 Lt Marolio Ama Pro",https://articulo.mercadolibre.com.ar/MLA-1373765493-pack-x-18-unid-amargo-cordiller-15-lt-marolio-ama-pro-_JM#position=19&search_layout=stack&type=item&tracking_id=2036f29b-b551-48bc-a201-78085fd3c270,34.526,TD101,Nuevo,(4 disponibles),Nuevo,No disponible,#1373765493,2024-01-25 12:16:19
"Pack X 36 Unid. Amargo  Limon 1,5 Lt Marolio Amargos Pro",https://articulo.mercadolibre.com.ar/MLA-1373804501-pack-x-36-unid-amargo-limon-15-lt-marolio-amargos-pro-_JM#position=20&search_layout=stack&type=item&tracking_id=2036f29b-b551-48bc-a201-78085fd3c270,62.602,TD101,Nuevo,(3 disponibles),Nuevo,No disponible,#1373804501,2024-01-25 12:16:19
"Pack X 24 Unid. Amargo  Limon 1,5 Lt Marolio Amargos Pro",https://articulo.mercadolibre.com.ar/MLA-1373817065-pack-x-24-unid-amargo-limon-15-lt-marolio-amargos-pro-_JM#position=21&search_layout=stack&type=item&tracking_id=2036f29b-b551-48bc-a201-78085fd3c270,43.885,TD101,Nuevo,(5 disponibles),Nuevo,No disponible,#1373817065,2024-01-25 12:16:19
"Pack X 12 Unid. Amargo  Citrus 1,5 Lt Marolio Amargos",https://articulo.mercadolibre.com.ar/MLA-1148012963-pack-x-12-unid-amargo-citrus-15-lt-marolio-amargos-_JM#position=22&search_layout=stack&type=item&tracking_id=2036f29b-b551-48bc-a201-78085fd3c270,15.075,TD101,Nuevo,(6 disponibles),Nuevo,No disponible,#1148012963,2024-01-25 12:16:19
Pack X 36 Unid. Anana  Trozo 850 Gr Marolio Frutas Envasada,https://articulo.mercadolibre.com.ar/MLA-1157052509-pack-x-36-unid-anana-trozo-850-gr-marolio-frutas-envasada-_JM#position=23&search_layout=stack&type=item&tracking_id=2036f29b-b551-48bc-a201-78085fd3c270,292.930,TD101,Nuevo,(3 disponibles),Nuevo,No disponible,#1157052509,2024-01-25 12:16:19
Pack X 18 Unid. Vinagrera  Manzana 500 Cc Marolio Vinagres,https://articulo.mercadolibre.com.ar/MLA-1181181990-pack-x-18-unid-vinagrera-manzana-500-cc-marolio-vinagres-_JM#position=24&search_layout=stack&type=item&tracking_id=2036f29b-b551-48bc-a201-78085fd3c270,22.274,TD101,Nuevo,(8 disponibles),Nuevo,No disponible,#1181181990,2024-01-25 12:16:19
Pack X 6 Unid. Vinagre  Blanco Pvc 1 Lt Marolio Vinagres,https://articulo.mercadolibre.com.ar/MLA-1215474783-pack-x-6-unid-vinagre-blanco-pvc-1-lt-marolio-vinagres-_JM#position=25&search_layout=stack&type=item&tracking_id=2036f29b-b551-48bc-a201-78085fd3c270,7.876,TD101,Nuevo,(83 disponibles),Nuevo,No disponible,#1215474783,2024-01-25 12:16:19
Pack X 18 Unid. Anana  Trozo 850 Gr Marolio Frutas Envasada,https://articulo.mercadolibre.com.ar/MLA-1291054818-pack-x-18-unid-anana-trozo-850-gr-marolio-frutas-envasada-_JM#position=26&search_layout=stack&type=item&tracking_id=2036f29b-b551-48bc-a201-78085fd3c270,148.934,TD101,Nuevo,(9 disponibles),Nuevo,No disponible,#1291054818,2024-01-25 12:16:19
Pack X 48 Unid. Vinagre  Manzana Pvc 1 Lt Marolio Vi Pro,https://articulo.mercadolibre.com.ar/MLA-1434371974-pack-x-48-unid-vinagre-manzana-pvc-1-lt-marolio-vi-pro-_JM#position=27&search_layout=stack&type=item&tracking_id=2036f29b-b551-48bc-a201-78085fd3c270,124.998,TD101,Nuevo,(2 disponibles),Nuevo,No disponible,#1434371974,2024-01-25 12:16:19
Pack X 12 Unid Vinagrera  Blanco 500 Cc Marolio Vinagres,https://articulo.mercadolibre.com.ar/MLA-1369345863-pack-x-12-unid-vinagrera-blanco-500-cc-marolio-vinagres-_JM#position=28&search_layout=stack&type=item&tracking_id=2036f29b-b551-48bc-a201-78085fd3c270,11.475,TD101,Nuevo,(41 disponibles),Nuevo,No disponible,#1369345863,2024-01-25 12:16:19
"Pack X 36 Unid. Amargo  Cordiller 1,5 Lt Marolio Amargos",https://articulo.mercadolibre.com.ar/MLA-1373791973-pack-x-36-unid-amargo-cordiller-15-lt-marolio-amargos-_JM#position=29&search_layout=stack&type=item&tracking_id=2036f29b-b551-48bc-a201-78085fd3c270,48.131,TD101,Nuevo,(2 disponibles),Nuevo,No disponible,#1373791973,2024-01-25 12:16:19
Pack X 6 Unid. Anana  Trozo 850 Gr Marolio Frutas Envasadas,https://articulo.mercadolibre.com.ar/MLA-1149402356-pack-x-6-unid-anana-trozo-850-gr-marolio-frutas-envasadas-_JM#position=30&search_layout=stack&type=item&tracking_id=2036f29b-b551-48bc-a201-78085fd3c270,52.936,TD101,Nuevo,(27 disponibles),Nuevo,No disponible,#1149402356,2024-01-25 12:16:19
Pack X 12 Unid Vinagrera  Manzana 500 Cc Marolio Vinagres,https://articulo.mercadolibre.com.ar/MLA-1181155980-pack-x-12-unid-vinagrera-manzana-500-cc-marolio-vinagres-_JM#position=31&search_layout=stack&type=item&tracking_id=2036f29b-b551-48bc-a201-78085fd3c270,15.075,TD101,Nuevo,(12 disponibles),Nuevo,No disponible,#1181155980,2024-01-25 12:16:19
"Pack X 48 Unid. Amargo  Limon Light 1,5 Lt Marolio Amargos",https://articulo.mercadolibre.com.ar/MLA-1269201232-pack-x-48-unid-amargo-limon-light-15-lt-marolio-amargos-_JM#position=32&search_layout=stack&type=item&tracking_id=2036f29b-b551-48bc-a201-78085fd3c270,62.528,TD101,Nuevo,(4 disponibles),Nuevo,No disponible,#1269201232,2024-01-25 12:16:19
Pack X 36 Unid. Vinagre  Manzana Pvc 1 Lt Marolio Vinagres,https://articulo.mercadolibre.com.ar/MLA-1434371970-pack-x-36-unid-vinagre-manzana-pvc-1-lt-marolio-vinagres-_JM#position=33&search_layout=stack&type=item&tracking_id=2036f29b-b551-48bc-a201-78085fd3c270,73.330,TD101,Nuevo,(2 disponibles),Nuevo,No disponible,#1434371970,2024-01-25 12:16:19
Pack X 48 Unid. Vinagrera  Manzana 500 Cc Marolio Vinagres,https://articulo.mercadolibre.com.ar/MLA-1434423950-pack-x-48-unid-vinagrera-manzana-500-cc-marolio-vinagres-_JM#position=34&search_layout=stack&type=item&tracking_id=2036f29b-b551-48bc-a201-78085fd3c270,62.527,TD101,Nuevo,(3 disponibles),Nuevo,No disponible,#1434423950,2024-01-25 12:16:19
Pack X 24 Unid. Vinagrera  Manzana 500 Cc Marolio Vinagres,https://articulo.mercadolibre.com.ar/MLA-1434495458-pack-x-24-unid-vinagrera-manzana-500-cc-marolio-vinagres-_JM#position=35&search_layout=stack&type=item&tracking_id=2036f29b-b551-48bc-a201-78085fd3c270,33.732,TD101,Nuevo,(6 disponibles),Nuevo,No disponible,#1434495458,2024-01-25 12:16:19
"Pack X 36 Unid. Amargo  Cordiller 1,5 Lt Marolio Ama Pro",https://articulo.mercadolibre.com.ar/MLA-1434518022-pack-x-36-unid-amargo-cordiller-15-lt-marolio-ama-pro-_JM#position=36&search_layout=stack&type=item&tracking_id=2036f29b-b551-48bc-a201-78085fd3c270,62.602,TD101,Nuevo,(2 disponibles),Nuevo,No disponible,#1434518022,2024-01-25 12:16:19
"Pack X 6 Unid Amargo  Citrus 1,5 Lt Marolio Amargos",https://articulo.mercadolibre.com.ar/MLA-1148006508-pack-x-6-unid-amargo-citrus-15-lt-marolio-amargos-_JM#position=37&search_layout=stack&type=item&tracking_id=2036f29b-b551-48bc-a201-78085fd3c270,7.876,TD101,Nuevo,(12 disponibles),Nuevo,No disponible,#1148006508,2024-01-25 12:16:19
"Pack X 36 Unid. Amargo  Citrus 1,5 Lt Marolio Amargos",https://articulo.mercadolibre.com.ar/MLA-1149085714-pack-x-36-unid-amargo-citrus-15-lt-marolio-amargos-_JM#position=38&search_layout=stack&type=item&tracking_id=2036f29b-b551-48bc-a201-78085fd3c270,48.131,TD101,Nuevo,No disponible,Nuevo,No disponible,#1149085714,2024-01-25 12:16:19
Pack X 6 Unid. Sardinela  Aceite 215 Gr Marolio Pesc Pro,https://articulo.mercadolibre.com.ar/MLA-1177075882-pack-x-6-unid-sardinela-aceite-215-gr-marolio-pesc-pro-_JM#position=39&search_layout=stack&type=item&tracking_id=2036f29b-b551-48bc-a201-78085fd3c270,43.889,TD101,Nuevo,(32 disponibles),Nuevo,No disponible,#1177075882,2024-01-25 12:16:19
Pack X 18 Unid. Coctel Frutas   820 Gr Marolio Frutas Envas,https://articulo.mercadolibre.com.ar/MLA-1178425312-pack-x-18-unid-coctel-frutas-820-gr-marolio-frutas-envas-_JM#position=40&search_layout=stack&type=item&tracking_id=2036f29b-b551-48bc-a201-78085fd3c270,86.005,TD101,Nuevo,(22 disponibles),Nuevo,No disponible,#1178425312,2024-01-25 12:16:19
Pack X 18 Unid. Vinagre  Blanco Pvc 1 Lt Marolio Vin Pro,https://articulo.mercadolibre.com.ar/MLA-1215455307-pack-x-18-unid-vinagre-blanco-pvc-1-lt-marolio-vin-pro-_JM#position=41&search_layout=stack&type=item&tracking_id=2036f29b-b551-48bc-a201-78085fd3c270,34.526,TD101,Nuevo,(27 disponibles),Nuevo,No disponible,#1215455307,2024-01-25 12:16:19
"Pack X 3 Unid Amargo  Serrano 1,5 Lt Marolio Amargos",https://articulo.mercadolibre.com.ar/MLA-1217043495-pack-x-3-unid-amargo-serrano-15-lt-marolio-amargos-_JM#position=42&search_layout=stack&type=item&tracking_id=2036f29b-b551-48bc-a201-78085fd3c270,4.277,TD101,Nuevo,(46 disponibles),Nuevo,No disponible,#1217043495,2024-01-25 12:16:19
"Pack X 6 Unid Amargo  Serrano 1,5 Lt Marolio Amargos Pro",https://articulo.mercadolibre.com.ar/MLA-1217056481-pack-x-6-unid-amargo-serrano-15-lt-marolio-amargos-pro-_JM#position=43&search_layout=stack&type=item&tracking_id=2036f29b-b551-48bc-a201-78085fd3c270,10.126,TD101,Nuevo,(23 disponibles),Nuevo,No disponible,#1217056481,2024-01-25 12:16:19
"Pack X 6 Unid Amargo  Serrlight 1,5 Lt Marolio Amargos",https://articulo.mercadolibre.com.ar/MLA-1217359907-pack-x-6-unid-amargo-serrlight-15-lt-marolio-amargos-_JM#position=44&search_layout=stack&type=item&tracking_id=2036f29b-b551-48bc-a201-78085fd3c270,7.876,TD101,Nuevo,(14 disponibles),Nuevo,No disponible,#1217359907,2024-01-25 12:16:19
"Pack X 18 Unid. Amargo  Limon Light 1,5 Lt Marolio Amargos",https://articulo.mercadolibre.com.ar/MLA-1269149212-pack-x-18-unid-amargo-limon-light-15-lt-marolio-amargos-_JM#position=45&search_layout=stack&type=item&tracking_id=2036f29b-b551-48bc-a201-78085fd3c270,22.274,TD101,Nuevo,(11 disponibles),Nuevo,No disponible,#1269149212,2024-01-25 12:16:19
Pack X 3 Unid Sardinela  Aceite 215 Gr Marolio Pesca Pro,https://articulo.mercadolibre.com.ar/MLA-1299127082-pack-x-3-unid-sardinela-aceite-215-gr-marolio-pesca-pro-_JM#position=46&search_layout=stack&type=item&tracking_id=2036f29b-b551-48bc-a201-78085fd3c270,19.487,TD101,Nuevo,(64 disponibles),Nuevo,No disponible,#1299127082,2024-01-25 12:16:19
Pack X 48 Unid. Pure  Tetrrecart 340 Gr Marolio Pure Pro,https://articulo.mercadolibre.com.ar/MLA-1308921906-pack-x-48-unid-pure-tetrrecart-340-gr-marolio-pure-pro-_JM#position=47&search_layout=stack&type=item&tracking_id=2036f29b-b551-48bc-a201-78085fd3c270,65.331,TD101,Nuevo,(4 disponibles),Nuevo,No disponible,#1308921906,2024-01-25 12:16:19
Pack X 3 Unid Vinagre  Manzana Pvc 1 Lt Marolio Vinagres,https://articulo.mercadolibre.com.ar/MLA-1350848516-pack-x-3-unid-vinagre-manzana-pvc-1-lt-marolio-vinagres-_JM#position=48&search_layout=stack&type=item&tracking_id=2036f29b-b551-48bc-a201-78085fd3c270,6.377,TD101,Nuevo,(33 disponibles),Nuevo,No disponible,#1350848516,2024-01-25 12:16:19
"Pack X 24 Unid. Amargo  Cordiller 1,5 Lt Marolio Ama Pro",https://articulo.mercadolibre.com.ar/MLA-1373765503-pack-x-24-unid-amargo-cordiller-15-lt-marolio-ama-pro-_JM#position=49&search_layout=stack&type=item&tracking_id=2036f29b-b551-48bc-a201-78085fd3c270,43.885,TD101,Nuevo,(3 disponibles),Nuevo,No disponible,#1373765503,2024-01-25 12:16:19
"Pack X 36 Unid. Amargo  Serrlight 1,5 Lt Marolio Ama Pro",https://articulo.mercadolibre.com.ar/MLA-1373824127-pack-x-36-unid-amargo-serrlight-15-lt-marolio-ama-pro-_JM#position=50&search_layout=stack&type=item&tracking_id=2036f29b-b551-48bc-a201-78085fd3c270,62.602,TD101,Nuevo,(2 disponibles),Nuevo,No disponible,#1373824127,2024-01-25 12:16:19
Pack X 36 Unid. Vinagrera  Blanco 500 Cc Marolio Vinagres,https://articulo.mercadolibre.com.ar/MLA-1434359488-pack-x-36-unid-vinagrera-blanco-500-cc-marolio-vinagres-_JM#position=1&search_layout=stack&type=item&tracking_id=8456cd03-f7c6-4f00-90d8-79966cce4658,37.330,TD101,Nuevo,(13 disponibles),Nuevo,No disponible,#1434359488,2024-01-25 12:17:08
Pack X 24 Unid. Vinagrera  Blanco 500 Cc Marolio Vin Pro,https://articulo.mercadolibre.com.ar/MLA-1434371950-pack-x-24-unid-vinagrera-blanco-500-cc-marolio-vin-pro-_JM#position=2&search_layout=stack&type=item&tracking_id=8456cd03-f7c6-4f00-90d8-79966cce4658,34.524,TD101,Nuevo,(20 disponibles),Nuevo,No disponible,#1434371950,2024-01-25 12:17:08
Pack X 24 Unid. Vinagrera  Blanco 500 Cc Marolio Vinagres,https://articulo.mercadolibre.com.ar/MLA-1434410864-pack-x-24-unid-vinagrera-blanco-500-cc-marolio-vinagres-_JM#position=3&search_layout=stack&type=item&tracking_id=8456cd03-f7c6-4f00-90d8-79966cce4658,22.273,TD101,Nuevo,(20 disponibles),Nuevo,No disponible,#1434410864,2024-01-25 12:17:08
Pack X 48 Unid. Vinagrera  Blanco 500 Cc Marolio Vinagres,https://articulo.mercadolibre.com.ar/MLA-1434423944-pack-x-48-unid-vinagrera-blanco-500-cc-marolio-vinagres-_JM#position=4&search_layout=stack&type=item&tracking_id=8456cd03-f7c6-4f00-90d8-79966cce4658,48.128,TD101,Nuevo,(10 disponibles),Nuevo,No disponible,#1434423944,2024-01-25 12:17:08
Pack X 18 Unid. Vinagre  Manzana Pvc 1 Lt Marolio Vi Pro,https://articulo.mercadolibre.com.ar/MLA-1434436894-pack-x-18-unid-vinagre-manzana-pvc-1-lt-marolio-vi-pro-_JM#position=5&search_layout=stack&type=item&tracking_id=8456cd03-f7c6-4f00-90d8-79966cce4658,50.906,TD101,Nuevo,(5 disponibles),Nuevo,No disponible,#1434436894,2024-01-25 12:17:08
"Pack X 6 Unid Amargo  Citrus 1,5 Lt Marolio Amargos Pro",https://articulo.mercadolibre.com.ar/MLA-1147963878-pack-x-6-unid-amargo-citrus-15-lt-marolio-amargos-pro-_JM#position=6&search_layout=stack&type=item&tracking_id=8456cd03-f7c6-4f00-90d8-79966cce4658,10.126,TD101,Nuevo,(12 disponibles),Nuevo,No disponible,#1147963878,2024-01-25 12:17:08
"Pack X 3 Unid Amargo  Citrus 1,5 Lt Marolio Amargos",https://articulo.mercadolibre.com.ar/MLA-1148025969-pack-x-3-unid-amargo-citrus-15-lt-marolio-amargos-_JM#position=7&search_layout=stack&type=item&tracking_id=8456cd03-f7c6-4f00-90d8-79966cce4658,4.277,TD101,Nuevo,(24 disponibles),Nuevo,No disponible,#1148025969,2024-01-25 12:17:08
"Pack X 3 Unid Amargo  Manzana 1,5 Lt Marolio Amargos Pro",https://articulo.mercadolibre.com.ar/MLA-1152967714-pack-x-3-unid-amargo-manzana-15-lt-marolio-amargos-pro-_JM#position=8&search_layout=stack&type=item&tracking_id=8456cd03-f7c6-4f00-90d8-79966cce4658,5.447,TD101,Nuevo,(4 disponibles),Nuevo,No disponible,#1152967714,2024-01-25 12:17:08
"Pack X 3 Unid Amargo  Manzana 1,5 Lt Marolio Amargos",https://articulo.mercadolibre.com.ar/MLA-1152993661-pack-x-3-unid-amargo-manzana-15-lt-marolio-amargos-_JM#position=9&search_layout=stack&type=item&tracking_id=8456cd03-f7c6-4f00-90d8-79966cce4658,4.277,TD101,Nuevo,(4 disponibles),Nuevo,No disponible,#1152993661,2024-01-25 12:17:08
Pack X 3 Unid Vinagre  Blanco Pvc 1 Lt Marolio Vinagres,https://articulo.mercadolibre.com.ar/MLA-1155645865-pack-x-3-unid-vinagre-blanco-pvc-1-lt-marolio-vinagres-_JM#position=10&search_layout=stack&type=item&tracking_id=8456cd03-f7c6-4f00-90d8-79966cce4658,4.277,TD101,Nuevo,(166 disponibles),Nuevo,No disponible,#1155645865,2024-01-25 12:17:08
Pack X 12 Unid Vinagre  Blanco Pvc 1 Lt Marolio Vina Pro,https://articulo.mercadolibre.com.ar/MLA-1160492344-pack-x-12-unid-vinagre-blanco-pvc-1-lt-marolio-vina-pro-_JM#position=11&search_layout=stack&type=item&tracking_id=8456cd03-f7c6-4f00-90d8-79966cce4658,19.485,TD101,Nuevo,(41 disponibles),Nuevo,No disponible,#1160492344,2024-01-25 12:17:08
Pack X 3 Unid Anana  Trozo 850 Gr Marolio Frutas Envasadas,https://articulo.mercadolibre.com.ar/MLA-1177121195-pack-x-3-unid-anana-trozo-850-gr-marolio-frutas-envasadas-_JM#position=12&search_layout=stack&type=item&tracking_id=8456cd03-f7c6-4f00-90d8-79966cce4658,28.937,TD101,Nuevo,(55 disponibles),Nuevo,No disponible,#1177121195,2024-01-25 12:17:08
Pack X 6 Unid. Vinagre  Blanco Pvc 10 Lt Marolio Institucio,https://articulo.mercadolibre.com.ar/MLA-1187100342-pack-x-6-unid-vinagre-blanco-pvc-10-lt-marolio-institucio-_JM#position=13&search_layout=stack&type=item&tracking_id=8456cd03-f7c6-4f00-90d8-79966cce4658,37.336,TD101,Nuevo,(3 disponibles),Nuevo,No disponible,#1187100342,2024-01-25 12:17:08
Pack X 12 Unid. Vinagre  Blanco Pvc 10 Lt Marolio Instituci,https://articulo.mercadolibre.com.ar/MLA-1187369592-pack-x-12-unid-vinagre-blanco-pvc-10-lt-marolio-instituci-_JM#position=14&search_layout=stack&type=item&tracking_id=8456cd03-f7c6-4f00-90d8-79966cce4658,69.735,TD101,Nuevo,No disponible,Nuevo,No disponible,#1187369592,2024-01-25 12:17:08
Pack X 36 Unid. Vinagre  Blanco Pvc 1 Lt Marolio Vin Pro,https://articulo.mercadolibre.com.ar/MLA-1215448885-pack-x-36-unid-vinagre-blanco-pvc-1-lt-marolio-vin-pro-_JM#position=15&search_layout=stack&type=item&tracking_id=8456cd03-f7c6-4f00-90d8-79966cce4658,62.602,TD101,Nuevo,(13 disponibles),Nuevo,No disponible,#1215448885,2024-01-25 12:17:08
Pack X 36 Unid. Vinagre  Blanco Pvc 1 Lt Marolio Vinagres,https://articulo.mercadolibre.com.ar/MLA-1215455328-pack-x-36-unid-vinagre-blanco-pvc-1-lt-marolio-vinagres-_JM#position=16&search_layout=stack&type=item&tracking_id=8456cd03-f7c6-4f00-90d8-79966cce4658,48.131,TD101,Nuevo,(13 disponibles),Nuevo,No disponible,#1215455328,2024-01-25 12:17:08
Pack X 24 Unid. Vinagre  Blanco Pvc 1 Lt Marolio Vin Pro,https://articulo.mercadolibre.com.ar/MLA-1215474767-pack-x-24-unid-vinagre-blanco-pvc-1-lt-marolio-vin-pro-_JM#position=17&search_layout=stack&type=item&tracking_id=8456cd03-f7c6-4f00-90d8-79966cce4658,43.885,TD101,Nuevo,(20 disponibles),Nuevo,No disponible,#1215474767,2024-01-25 12:17:08
Pack X 48 Unid. Vinagre  Blanco Pvc 1 Lt Marolio Vinagres,https://articulo.mercadolibre.com.ar/MLA-1215474803-pack-x-48-unid-vinagre-blanco-pvc-1-lt-marolio-vinagres-_JM#position=18&search_layout=stack&type=item&tracking_id=8456cd03-f7c6-4f00-90d8-79966cce4658,62.528,TD101,Nuevo,(10 disponibles),Nuevo,No disponible,#1215474803,2024-01-25 12:17:08
Pack X 18 Unid. Vinagre  Blanco Pvc 1 Lt Marolio Vinagres,https://articulo.mercadolibre.com.ar/MLA-1216084042-pack-x-18-unid-vinagre-blanco-pvc-1-lt-marolio-vinagres-_JM#position=19&search_layout=stack&type=item&tracking_id=8456cd03-f7c6-4f00-90d8-79966cce4658,22.274,TD101,Nuevo,(27 disponibles),Nuevo,No disponible,#1216084042,2024-01-25 12:17:08
"Pack X 48 Unid. Amargo  Limon 1,5 Lt Marolio Amargos",https://articulo.mercadolibre.com.ar/MLA-1263203451-pack-x-48-unid-amargo-limon-15-lt-marolio-amargos-_JM#position=20&search_layout=stack&type=item&tracking_id=8456cd03-f7c6-4f00-90d8-79966cce4658,62.528,TD101,Nuevo,(2 disponibles),Nuevo,No disponible,#1263203451,2024-01-25 12:17:08
"Pack X 3 Unid Amargo  Limon Light 1,5 Lt Marolio Amargos",https://articulo.mercadolibre.com.ar/MLA-1269102797-pack-x-3-unid-amargo-limon-light-15-lt-marolio-amargos-_JM#position=21&search_layout=stack&type=item&tracking_id=8456cd03-f7c6-4f00-90d8-79966cce4658,4.277,TD101,Nuevo,(66 disponibles),Nuevo,No disponible,#1269102797,2024-01-25 12:17:08
"Pack X 24 Unid. Amargo  Limon Light 1,5 Lt Marolio Amargos",https://articulo.mercadolibre.com.ar/MLA-1269304615-pack-x-24-unid-amargo-limon-light-15-lt-marolio-amargos-_JM#position=22&search_layout=stack&type=item&tracking_id=8456cd03-f7c6-4f00-90d8-79966cce4658,33.733,TD101,Nuevo,(8 disponibles),Nuevo,No disponible,#1269304615,2024-01-25 12:17:08
"Pack X 36 Unid. Amargo  Limon Light 1,5 Lt Marolio Amargos",https://articulo.mercadolibre.com.ar/MLA-1270095385-pack-x-36-unid-amargo-limon-light-15-lt-marolio-amargos-_JM#position=23&search_layout=stack&type=item&tracking_id=8456cd03-f7c6-4f00-90d8-79966cce4658,48.131,TD101,Nuevo,(5 disponibles),Nuevo,No disponible,#1270095385,2024-01-25 12:17:08
Pack X 24 Unid Sardinela  Aceite 215 Gr Marolio Pesc Pro,https://articulo.mercadolibre.com.ar/MLA-1299070057-pack-x-24-unid-sardinela-aceite-215-gr-marolio-pesc-pro-_JM#position=24&search_layout=stack&type=item&tracking_id=8456cd03-f7c6-4f00-90d8-79966cce4658,156.204,TD101,Nuevo,(8 disponibles),Nuevo,No disponible,#1299070057,2024-01-25 12:17:08
Pack X 12 Unid. Sardinela  Aceite 215 Gr Marolio Pes Pro,https://articulo.mercadolibre.com.ar/MLA-1299127081-pack-x-12-unid-sardinela-aceite-215-gr-marolio-pes-pro-_JM#position=25&search_layout=stack&type=item&tracking_id=8456cd03-f7c6-4f00-90d8-79966cce4658,81.327,TD101,Nuevo,(16 disponibles),Nuevo,No disponible,#1299127081,2024-01-25 12:17:08
Pack X 36 Unid. Sardinela  Aceite 215 Gr Marolio Pes Pro,https://articulo.mercadolibre.com.ar/MLA-1299158961-pack-x-36-unid-sardinela-aceite-215-gr-marolio-pes-pro-_JM#position=26&search_layout=stack&type=item&tracking_id=8456cd03-f7c6-4f00-90d8-79966cce4658,231.081,TD101,Nuevo,(5 disponibles),Nuevo,No disponible,#1299158961,2024-01-25 12:17:08
Pack X 36 Unid. Pure  Tetrrecart 340 Gr Marolio Pure Pro,https://articulo.mercadolibre.com.ar/MLA-1308921902-pack-x-36-unid-pure-tetrrecart-340-gr-marolio-pure-pro-_JM#position=27&search_layout=stack&type=item&tracking_id=8456cd03-f7c6-4f00-90d8-79966cce4658,50.046,TD101,Nuevo,(5 disponibles),Nuevo,No disponible,#1308921902,2024-01-25 12:17:08
Pack X 48 Unid. Pure  Tetrrecart 340 Gr Marolio Pure De Tom,https://articulo.mercadolibre.com.ar/MLA-1308921905-pack-x-48-unid-pure-tetrrecart-340-gr-marolio-pure-de-tom-_JM#position=28&search_layout=stack&type=item&tracking_id=8456cd03-f7c6-4f00-90d8-79966cce4658,50.238,TD101,Nuevo,(4 disponibles),Nuevo,No disponible,#1308921905,2024-01-25 12:17:08
Pack X 36 Unid. Pure  Tetrrecart 340 Gr Marolio Pure De Tom,https://articulo.mercadolibre.com.ar/MLA-1309166610-pack-x-36-unid-pure-tetrrecart-340-gr-marolio-pure-de-tom-_JM#position=29&search_layout=stack&type=item&tracking_id=8456cd03-f7c6-4f00-90d8-79966cce4658,38.481,TD101,Nuevo,(5 disponibles),Nuevo,No disponible,#1309166610,2024-01-25 12:17:08
"Pack X 48 Unid. Amargo  Serrlight 1,5 Lt Marolio Ama Pro",https://articulo.mercadolibre.com.ar/MLA-1373740189-pack-x-48-unid-amargo-serrlight-15-lt-marolio-ama-pro-_JM#position=30&search_layout=stack&type=item&tracking_id=8456cd03-f7c6-4f00-90d8-79966cce4658,81.319,TD101,Nuevo,No disponible,Nuevo,No disponible,#1373740189,2024-01-25 12:17:08
Pack X 36 Unid. Vinagre  Blanco Pvc 5 Lt Marolio Ins Pro,https://articulo.mercadolibre.com.ar/MLA-1374130268-pack-x-36-unid-vinagre-blanco-pvc-5-lt-marolio-ins-pro-_JM#position=31&search_layout=stack&type=item&tracking_id=8456cd03-f7c6-4f00-90d8-79966cce4658,165.560,TD101,Nuevo,No disponible,Nuevo,No disponible,#1374130268,2024-01-25 12:17:08
"Pack X 24 Unid. Amargo  Cordiller 1,5 Lt Marolio Amargos",https://articulo.mercadolibre.com.ar/MLA-1373740235-pack-x-24-unid-amargo-cordiller-15-lt-marolio-amargos-_JM#position=32&search_layout=stack&type=item&tracking_id=8456cd03-f7c6-4f00-90d8-79966cce4658,33.733,TD101,Nuevo,(3 disponibles),Nuevo,No disponible,#1373740235,2024-01-25 12:17:08
Pack X 36 Unid. Vinagre  Blanco Pvc 5 Lt Marolio Institucio,https://articulo.mercadolibre.com.ar/MLA-1374181690-pack-x-36-unid-vinagre-blanco-pvc-5-lt-marolio-institucio-_JM#position=33&search_layout=stack&type=item&tracking_id=8456cd03-f7c6-4f00-90d8-79966cce4658,127.330,TD101,Nuevo,No disponible,Nuevo,No disponible,#1374181690,2024-01-25 12:17:08
"Pack X 18 Unid. Amargo  Limon 1,5 Lt Marolio Amargos",https://articulo.mercadolibre.com.ar/MLA-1373765459-pack-x-18-unid-amargo-limon-15-lt-marolio-amargos-_JM#position=34&search_layout=stack&type=item&tracking_id=8456cd03-f7c6-4f00-90d8-79966cce4658,22.274,TD101,Nuevo,(7 disponibles),Nuevo,No disponible,#1373765459,2024-01-25 12:17:08
"Pack X 36 Unid. Amargo  Limon 1,5 Lt Marolio Amargos",https://articulo.mercadolibre.com.ar/MLA-1373779057-pack-x-36-unid-amargo-limon-15-lt-marolio-amargos-_JM#position=35&search_layout=stack&type=item&tracking_id=8456cd03-f7c6-4f00-90d8-79966cce4658,48.131,TD101,Nuevo,(3 disponibles),Nuevo,No disponible,#1373779057,2024-01-25 12:17:08
"Pack X 18 Unid. Amargo  Serrlight 1,5 Lt Marolio Amargos",https://articulo.mercadolibre.com.ar/MLA-1373791909-pack-x-18-unid-amargo-serrlight-15-lt-marolio-amargos-_JM#position=36&search_layout=stack&type=item&tracking_id=8456cd03-f7c6-4f00-90d8-79966cce4658,22.274,TD101,Nuevo,(4 disponibles),Nuevo,No disponible,#1373791909,2024-01-25 12:17:08
"Pack X 24 Unid. Amargo  Serrlight 1,5 Lt Marolio Ama Pro",https://articulo.mercadolibre.com.ar/MLA-1373817037-pack-x-24-unid-amargo-serrlight-15-lt-marolio-ama-pro-_JM#position=37&search_layout=stack&type=item&tracking_id=8456cd03-f7c6-4f00-90d8-79966cce4658,43.885,,Nuevo,(3 disponibles),Nuevo,No disponible,#1373817037,2024-01-25 12:17:08
"Pack X 36 Unid. Amargo  Serrlight 1,5 Lt Marolio Amargos",https://articulo.mercadolibre.com.ar/MLA-1373824125-pack-x-36-unid-amargo-serrlight-15-lt-marolio-amargos-_JM#position=38&search_layout=stack&type=item&tracking_id=8456cd03-f7c6-4f00-90d8-79966cce4658,48.131,TD101,Nuevo,(2 disponibles),Nuevo,No disponible,#1373824125,2024-01-25 12:17:08
"Pack X 24 Unid. Amargo  Serrlight 1,5 Lt Marolio Amargos",https://articulo.mercadolibre.com.ar/MLA-1373837029-pack-x-24-unid-amargo-serrlight-15-lt-marolio-amargos-_JM#position=39&search_layout=stack&type=item&tracking_id=8456cd03-f7c6-4f00-90d8-79966cce4658,33.733,TD101,Nuevo,(3 disponibles),Nuevo,No disponible,#1373837029,2024-01-25 12:17:08
"Pack X 48 Unid. Amargo  Serrlight 1,5 Lt Marolio Amargos",https://articulo.mercadolibre.com.ar/MLA-1373837033-pack-x-48-unid-amargo-serrlight-15-lt-marolio-amargos-_JM#position=40&search_layout=stack&type=item&tracking_id=8456cd03-f7c6-4f00-90d8-79966cce4658,62.528,TD101,Nuevo,No disponible,Nuevo,No disponible,#1373837033,2024-01-25 12:17:08
"Pack X 24 Unid. Amargo  Limon 1,5 Lt Marolio Amargos",https://articulo.mercadolibre.com.ar/MLA-1373837035-pack-x-24-unid-amargo-limon-15-lt-marolio-amargos-_JM#position=41&search_layout=stack&type=item&tracking_id=8456cd03-f7c6-4f00-90d8-79966cce4658,33.733,TD101,Nuevo,(5 disponibles),Nuevo,No disponible,#1373837035,2024-01-25 12:17:08
Pack X 18 Unid. Vinagrera  Blanco 500 Cc Marolio Vinagres,https://articulo.mercadolibre.com.ar/MLA-1434333386-pack-x-18-unid-vinagrera-blanco-500-cc-marolio-vinagres-_JM#position=42&search_layout=stack&type=item&tracking_id=8456cd03-f7c6-4f00-90d8-79966cce4658,16.874,TD101,Nuevo,(27 disponibles),Nuevo,No disponible,#1434333386,2024-01-25 12:17:08
Pack X 36 Unid. Vinagrera  Manzana 500 Cc Marolio Vinagres,https://articulo.mercadolibre.com.ar/MLA-1434333388-pack-x-36-unid-vinagrera-manzana-500-cc-marolio-vinagres-_JM#position=43&search_layout=stack&type=item&tracking_id=8456cd03-f7c6-4f00-90d8-79966cce4658,48.130,TD101,Nuevo,(4 disponibles),Nuevo,No disponible,#1434333388,2024-01-25 12:17:08
Pack X 48 Unid. Vinagrera  Manzana 500 Cc Marolio Vi Pro,https://articulo.mercadolibre.com.ar/MLA-1434384810-pack-x-48-unid-vinagrera-manzana-500-cc-marolio-vi-pro-_JM#position=44&search_layout=stack&type=item&tracking_id=8456cd03-f7c6-4f00-90d8-79966cce4658,81.317,TD101,Nuevo,(3 disponibles),Nuevo,No disponible,#1434384810,2024-01-25 12:17:08
Pack X 18 Unid. Vinagrera  Blanco 500 Cc Marolio Vin Pro,https://articulo.mercadolibre.com.ar/MLA-1434423942-pack-x-18-unid-vinagrera-blanco-500-cc-marolio-vin-pro-_JM#position=45&search_layout=stack&type=item&tracking_id=8456cd03-f7c6-4f00-90d8-79966cce4658,21.823,TD101,Nuevo,(27 disponibles),Nuevo,No disponible,#1434423942,2024-01-25 12:17:08
Pack X 24 Unid. Vinagre  Manzana Pvc 1 Lt Marolio Vi Pro,https://articulo.mercadolibre.com.ar/MLA-1434423952-pack-x-24-unid-vinagre-manzana-pvc-1-lt-marolio-vi-pro-_JM#position=46&search_layout=stack&type=item&tracking_id=8456cd03-f7c6-4f00-90d8-79966cce4658,65.724,TD101,Nuevo,(4 disponibles),Nuevo,No disponible,#1434423952,2024-01-25 12:17:08
Pack X 36 Unid. Vinagrera  Blanco 500 Cc Marolio Vin Pro,https://articulo.mercadolibre.com.ar/MLA-1434436874-pack-x-36-unid-vinagrera-blanco-500-cc-marolio-vin-pro-_JM#position=47&search_layout=stack&type=item&tracking_id=8456cd03-f7c6-4f00-90d8-79966cce4658,48.561,TD101,Nuevo,(13 disponibles),Nuevo,No disponible,#1434436874,2024-01-25 12:17:08
Pack X 48 Unid. Vinagrera  Blanco 500 Cc Marolio Vin Pro,https://articulo.mercadolibre.com.ar/MLA-1434436876-pack-x-48-unid-vinagrera-blanco-500-cc-marolio-vin-pro-_JM#position=48&search_layout=stack&type=item&tracking_id=8456cd03-f7c6-4f00-90d8-79966cce4658,62.598,TD101,Nuevo,(10 disponibles),Nuevo,No disponible,#1434436876,2024-01-25 12:17:08
Pack X 36 Unid. Vinagre  Manzana Pvc 1 Lt Marolio Vi Pro,https://articulo.mercadolibre.com.ar/MLA-1434495480-pack-x-36-unid-vinagre-manzana-pvc-1-lt-marolio-vi-pro-_JM#position=49&search_layout=stack&type=item&tracking_id=8456cd03-f7c6-4f00-90d8-79966cce4658,95.361,TD101,Nuevo,(2 disponibles),Nuevo,No disponible,#1434495480,2024-01-25 12:17:08
"Pack X 18 Unid. Amargo  Serrano 1,5 Lt Marolio Amarg Pro",https://articulo.mercadolibre.com.ar/MLA-1217030534-pack-x-18-unid-amargo-serrano-15-lt-marolio-amarg-pro-_JM#position=50&search_layout=stack&type=item&tracking_id=8456cd03-f7c6-4f00-90d8-79966cce4658,34.526,TD101,Nuevo,(7 disponibles),Nuevo,No disponible,#1217030534,2024-01-25 12:17:08
"Pack X 24 Unid. Amargo  Serrano 1,5 Lt Marolio Amargos",https://articulo.mercadolibre.com.ar/MLA-1216981860-pack-x-24-unid-amargo-serrano-15-lt-marolio-amargos-_JM#position=2&search_layout=stack&type=item&tracking_id=141217d9-8be4-4927-bcae-297bc4a3c76d,33.733,TIENDA_DINAMICA_FULL,Nuevo  |  2 vendidos,(16 disponibles),Nuevo  |  2 vendidos,No disponible,#1216981860,2024-01-25 12:18:01
"Pack X 24 Unid. Amargo  Citrus 1,5 Lt Marolio Amargos",https://articulo.mercadolibre.com.ar/MLA-1149111461-pack-x-24-unid-amargo-citrus-15-lt-marolio-amargos-_JM#position=3&search_layout=stack&type=item&tracking_id=141217d9-8be4-4927-bcae-297bc4a3c76d,33.733,TIENDA_DINAMICA_FULL,Nuevo,No disponible,Nuevo,No disponible,#1149111461,2024-01-25 12:18:01
Vinagre  Manzana Pvc 1 Lt Marolio Vinagres,https://articulo.mercadolibre.com.ar/MLA-1350971510-vinagre-manzana-pvc-1-lt-marolio-vinagres-_JM#position=4&search_layout=stack&type=item&tracking_id=141217d9-8be4-4927-bcae-297bc4a3c76d,2.577,TD101,Nuevo,(100 disponibles),Nuevo,No disponible,#1350971510,2024-01-25 12:18:01
"Pack X 18 Unid. Amargo  Serrano 1,5 Lt Marolio Amargos",https://articulo.mercadolibre.com.ar/MLA-1216981852-pack-x-18-unid-amargo-serrano-15-lt-marolio-amargos-_JM#position=5&search_layout=stack&type=item&tracking_id=141217d9-8be4-4927-bcae-297bc4a3c76d,22.274,TD101,Nuevo,(7 disponibles),Nuevo,No disponible,#1216981852,2024-01-25 12:18:01
"Pack X 36 Unid. Amargo  Limon 1,5 Lt Marolio Amargos Pro",https://articulo.mercadolibre.com.ar/MLA-1399545853-pack-x-36-unid-amargo-limon-15-lt-marolio-amargos-pro-_JM#position=6&search_layout=stack&type=item&tracking_id=141217d9-8be4-4927-bcae-297bc4a3c76d,62.602,TIENDA_MA,Nuevo,(2 disponibles),Nuevo,No disponible,#1399545853,2024-01-25 12:18:01
"Pack X 36 Unid. Amargo  Limon 1,5 Lt Marolio Amargos",https://articulo.mercadolibre.com.ar/MLA-1399635913-pack-x-36-unid-amargo-limon-15-lt-marolio-amargos-_JM#position=7&search_layout=stack&type=item&tracking_id=141217d9-8be4-4927-bcae-297bc4a3c76d,48.131,TIENDA_MA,Nuevo,(2 disponibles),Nuevo,No disponible,#1399635913,2024-01-25 12:18:01
Pack X 3 Unid Coctel Frutas   820 Gr Marolio Frutas Envasad,https://articulo.mercadolibre.com.ar/MLA-1399662201-pack-x-3-unid-coctel-frutas-820-gr-marolio-frutas-envasad-_JM#position=8&search_layout=stack&type=item&tracking_id=141217d9-8be4-4927-bcae-297bc4a3c76d,12.077,TIENDA_MA,Nuevo,(133 disponibles),Nuevo,No disponible,#1399662201,2024-01-25 12:18:01
Vinagrera  Manzana 500 Cc Marolio Vinagres,https://articulo.mercadolibre.com.ar/MLA-1402088795-vinagrera-manzana-500-cc-marolio-vinagres-_JM#position=9&search_layout=stack&type=item&tracking_id=141217d9-8be4-4927-bcae-297bc4a3c76d,1.877,TIENDA_MA,Nuevo,(61 disponibles),Nuevo,No disponible,#1402088795,2024-01-25 12:18:01
"Amargo  Limon 1,5 Lt Marolio Amargos Pro",https://articulo.mercadolibre.com.ar/MLA-1605186174-amargo-limon-15-lt-marolio-amargos-pro-_JM#position=10&search_layout=stack&type=item&tracking_id=141217d9-8be4-4927-bcae-297bc4a3c76d,2.327,TIENDA_MA,Nuevo,(100 disponibles),Nuevo,No disponible,#1605186174,2024-01-25 12:18:01
Vinagrera  Manzana 500 Cc Marolio Vinagres Pro,https://articulo.mercadolibre.com.ar/MLA-1627270450-vinagrera-manzana-500-cc-marolio-vinagres-pro-_JM#position=11&search_layout=stack&type=item&tracking_id=141217d9-8be4-4927-bcae-297bc4a3c76d,2.327,TIENDA_MA,Nuevo,(61 disponibles),Nuevo,No disponible,#1627270450,2024-01-25 12:18:01
Pack X 18 Unid. Coctel Frutas   820 Gr Marolio Frutas Envas,https://articulo.mercadolibre.com.ar/MLA-1178089587-pack-x-18-unid-coctel-frutas-820-gr-marolio-frutas-envas-_JM#position=12&search_layout=stack&type=item&tracking_id=141217d9-8be4-4927-bcae-297bc4a3c76d,73.334,TIENDA_DINAMICA_FULL,Nuevo,(22 disponibles),Nuevo,No disponible,#1178089587,2024-01-25 12:18:01
"Pack X 18 Unid. Amargo  Pomelo 1,5 Lt Marolio Amargos",https://articulo.mercadolibre.com.ar/MLA-1217050615-pack-x-18-unid-amargo-pomelo-15-lt-marolio-amargos-_JM#position=13&search_layout=stack&type=item&tracking_id=141217d9-8be4-4927-bcae-297bc4a3c76d,22.274,TIENDA_DINAMICA_FULL,Nuevo,(11 disponibles),Nuevo,No disponible,#1217050615,2024-01-25 12:18:01
Pack X 6 Unid. Coctel Frutas   820 Gr Marolio Frutas Envasa,https://articulo.mercadolibre.com.ar/MLA-1126170772-pack-x-6-unid-coctel-frutas-820-gr-marolio-frutas-envasa-_JM#position=14&search_layout=stack&type=item&tracking_id=141217d9-8be4-4927-bcae-297bc4a3c76d,28.414,TIENDA_DINAMICA_FULL,Nuevo,(66 disponibles),Nuevo,No disponible,#1126170772,2024-01-25 12:18:01
Pack X 24 Unid. Coctel Frutas   820 Gr Marolio Frutas Envas,https://articulo.mercadolibre.com.ar/MLA-1227952319-pack-x-24-unid-coctel-frutas-820-gr-marolio-frutas-envas-_JM#position=15&search_layout=stack&type=item&tracking_id=141217d9-8be4-4927-bcae-297bc4a3c76d,96.133,TIENDA_DINAMICA_FULL,Nuevo,(16 disponibles),Nuevo,No disponible,#1227952319,2024-01-25 12:18:01
"Pack X 12 Unid. Amargo  Pomelo 1,5 Lt Marolio Amargos",https://articulo.mercadolibre.com.ar/MLA-1155419423-pack-x-12-unid-amargo-pomelo-15-lt-marolio-amargos-_JM#position=16&search_layout=stack&type=item&tracking_id=141217d9-8be4-4927-bcae-297bc4a3c76d,15.075,TD101,Nuevo,(5 disponibles),Nuevo,No disponible,#1155419423,2024-01-25 12:18:01
Pack X 24 Unid. Coctel Frutas   820 Gr Marolio Frutas Envas,https://articulo.mercadolibre.com.ar/MLA-1228748160-pack-x-24-unid-coctel-frutas-820-gr-marolio-frutas-envas-_JM#position=17&search_layout=stack&type=item&tracking_id=141217d9-8be4-4927-bcae-297bc4a3c76d,113.603,TD101,Nuevo,(16 disponibles),Nuevo,No disponible,#1228748160,2024-01-25 12:18:01
Pack X 36 Unid. Coctel Frutas   820 Gr Marolio Frutas Envas,https://articulo.mercadolibre.com.ar/MLA-1228172574-pack-x-36-unid-coctel-frutas-820-gr-marolio-frutas-envas-_JM#position=18&search_layout=stack&type=item&tracking_id=141217d9-8be4-4927-bcae-297bc4a3c76d,168.801,TD101,Nuevo,(11 disponibles),Nuevo,No disponible,#1228172574,2024-01-25 12:18:01
Pack X 36 Unid. Sardinela  Aceite 125 Gr Marolio Pescaderia,https://articulo.mercadolibre.com.ar/MLA-1149638737-pack-x-36-unid-sardinela-aceite-125-gr-marolio-pescaderia-_JM#position=19&search_layout=stack&type=item&tracking_id=141217d9-8be4-4927-bcae-297bc4a3c76d,127.331,TD101,Nuevo,(8 disponibles),Nuevo,No disponible,#1149638737,2024-01-25 12:18:01
"Pack X 18 Unid. Amargo  Pomelo 1,5 Lt Marolio Amargos",https://articulo.mercadolibre.com.ar/MLA-1217132841-pack-x-18-unid-amargo-pomelo-15-lt-marolio-amargos-_JM#position=20&search_layout=stack&type=item&tracking_id=141217d9-8be4-4927-bcae-297bc4a3c76d,22.274,TD101,Nuevo,(3 disponibles),Nuevo,No disponible,#1217132841,2024-01-25 12:18:01
Pack X 6 Unid. Coctel Frutas   820 Gr Marolio Frutas Envasa,https://articulo.mercadolibre.com.ar/MLA-1227758174-pack-x-6-unid-coctel-frutas-820-gr-marolio-frutas-envasa-_JM#position=21&search_layout=stack&type=item&tracking_id=141217d9-8be4-4927-bcae-297bc4a3c76d,30.807,TD101,Nuevo,(66 disponibles),Nuevo,No disponible,#1227758174,2024-01-25 12:18:01
Pack X 48 Unid. Coctel Frutas   820 Gr Marolio Frutas Envas,https://articulo.mercadolibre.com.ar/MLA-1227913571-pack-x-48-unid-coctel-frutas-820-gr-marolio-frutas-envas-_JM#position=22&search_layout=stack&type=item&tracking_id=141217d9-8be4-4927-bcae-297bc4a3c76d,223.998,TD101,Nuevo,(8 disponibles),Nuevo,No disponible,#1227913571,2024-01-25 12:18:01
Sardinela  Aceite 215 Gr Marolio Pescaderia,https://articulo.mercadolibre.com.ar/MLA-1268093272-sardinela-aceite-215-gr-marolio-pescaderia-_JM#position=23&search_layout=stack&type=item&tracking_id=141217d9-8be4-4927-bcae-297bc4a3c76d,5.477,TD101,Nuevo,(193 disponibles),Nuevo,No disponible,#1268093272,2024-01-25 12:18:01
Sardinela  Aceite 215 Gr Marolio Pescaderia Pro,https://articulo.mercadolibre.com.ar/MLA-1268099852-sardinela-aceite-215-gr-marolio-pescaderia-pro-_JM#position=24&search_layout=stack&type=item&tracking_id=141217d9-8be4-4927-bcae-297bc4a3c76d,7.007,TD101,Nuevo,(193 disponibles),Nuevo,No disponible,#1268099852,2024-01-25 12:18:01
Pack X 18 Unid. Sardinela  Aceite 215 Gr Marolio Pescaderia,https://articulo.mercadolibre.com.ar/MLA-1299075622-pack-x-18-unid-sardinela-aceite-215-gr-marolio-pescaderia-_JM#position=25&search_layout=stack&type=item&tracking_id=141217d9-8be4-4927-bcae-297bc4a3c76d,91.334,TD101,Nuevo,(10 disponibles),Nuevo,No disponible,#1299075622,2024-01-25 12:18:01
Pack X 24 Unid Sardinela  Aceite 215 Gr Marolio Pescaderia,https://articulo.mercadolibre.com.ar/MLA-1299094730-pack-x-24-unid-sardinela-aceite-215-gr-marolio-pescaderia-_JM#position=26&search_layout=stack&type=item&tracking_id=141217d9-8be4-4927-bcae-297bc4a3c76d,120.133,TD101,Nuevo,(8 disponibles),Nuevo,No disponible,#1299094730,2024-01-25 12:18:01
Pack X 6 Unid. Sardinela  Aceite 125 Gr Marolio Pescaderia,https://articulo.mercadolibre.com.ar/MLA-1299165357-pack-x-6-unid-sardinela-aceite-125-gr-marolio-pescaderia-_JM#position=27&search_layout=stack&type=item&tracking_id=141217d9-8be4-4927-bcae-297bc4a3c76d,21.076,TD101,Nuevo,(50 disponibles),Nuevo,No disponible,#1299165357,2024-01-25 12:18:01
Pack X 12 Unid. Sardinela  Aceite 215 Gr Marolio Pescaderia,https://articulo.mercadolibre.com.ar/MLA-1299383578-pack-x-12-unid-sardinela-aceite-215-gr-marolio-pescaderia-_JM#position=28&search_layout=stack&type=item&tracking_id=141217d9-8be4-4927-bcae-297bc4a3c76d,62.535,TD101,Nuevo,(16 disponibles),Nuevo,No disponible,#1299383578,2024-01-25 12:18:01
Pack X 3 Unid Vinagrera  Vino 500 Cc Marolio Vinagres,https://articulo.mercadolibre.com.ar/MLA-932327517-pack-x-3-unid-vinagrera-vino-500-cc-marolio-vinagres-_JM#position=29&search_layout=stack&type=item&tracking_id=141217d9-8be4-4927-bcae-297bc4a3c76d,4.277,TIENDA_DINAMICA_FULL,Nuevo,(22 disponibles),Nuevo,No disponible,#932327517,2024-01-25 12:18:01
Vinagre  Blanco Pvc 10 Lt Marolio Institucionales,https://www.mercadolibre.com.ar/vinagre-blanco-pvc-10-lt-marolio-institucionales/p/MLA20028919?pdp_filters=category:MLA114008#searchVariation=MLA20028919&position=1&search_layout=stack&type=product&tracking_id=141217d9-8be4-4927-bcae-297bc4a3c76d,6.077,TIENDA_DINAMICA_FULL,Nuevo  |  +25 vendidos,(17 disponibles),Nuevo  |  +25 vendidos,No disponible,#1421716184,2024-01-25 12:18:01
Pack X 18 Unid. Vinagre  Blanco Pvc 5 Lt Marolio Institucio,https://articulo.mercadolibre.com.ar/MLA-1374216770-pack-x-18-unid-vinagre-blanco-pvc-5-lt-marolio-institucio-_JM#position=30&search_layout=stack&type=item&tracking_id=141217d9-8be4-4927-bcae-297bc4a3c76d,66.134,TIENDA_DINAMICA_FULL,Nuevo,(2 disponibles),Nuevo,No disponible,#1374216770,2024-01-25 12:18:01
