Titulo,Enlace,Precios,Vendedor,Detalles,Cantidad,Estado,Oferta,Publicacion,Fecha_Ejecucion
Fideos Tirabuzon 500 Gramos Marolio,https://www.mercadolibre.com.ar/fideos-tirabuzon-500-gramos-marolio/p/MLA20719341?pdp_filters=category:MLA1423#searchVariation=MLA20719341&position=4&search_layout=stack&type=product&tracking_id=8fe0b8a9-8e0f-4c3d-a73f-5f31905e9b93,1.110,ARTICULOS MOHE,Nuevo  |  +1000 vendidos,(38 disponibles),Nuevo  |  +1000 vendidos,No disponible,#1394610601,2024-01-25 02:03:32
Pan Rallado Marolio 500 Gramos,https://www.mercadolibre.com.ar/pan-rallado-marolio-500-gramos/p/MLA20024857?pdp_filters=category:MLA1423#searchVariation=MLA20024857&position=7&search_layout=stack&type=product&tracking_id=8fe0b8a9-8e0f-4c3d-a73f-5f31905e9b93,735,MEJORPRECIO.COM.AR,Nuevo  |  +1000 vendidos,(8 disponibles),Nuevo  |  +1000 vendidos,No disponible,#1463437752,2024-01-25 02:03:32
Marolio Pulpa De Tomate X 520 Gr,https://www.mercadolibre.com.ar/marolio-pulpa-de-tomate-x-520-gr/p/MLA20725820?pdp_filters=category:MLA1423#searchVariation=MLA20725820&position=14&search_layout=stack&type=product&tracking_id=8fe0b8a9-8e0f-4c3d-a73f-5f31905e9b93,784,ARTICULOS MOHE,Nuevo  |  +25 vendidos,(39 disponibles),Nuevo  |  +25 vendidos,No disponible,#1402326737,2024-01-25 02:03:32
Arvejas Marolio T.recart 340 Gr ,https://www.mercadolibre.com.ar/arvejas-marolio-trecart-340-gr/p/MLA20028007?pdp_filters=category:MLA1423#searchVariation=MLA20028007&position=10&search_layout=stack&type=product&tracking_id=8fe0b8a9-8e0f-4c3d-a73f-5f31905e9b93,1.235,MEJORPRECIO.COM.AR,Nuevo  |  +1000 vendidos,(747 disponibles),Nuevo  |  +1000 vendidos,No disponible,#1279452716,2024-01-25 02:03:32
Fideos Marolio Celentano Paquete De 500 Grs Pack 12 Unidades,https://www.mercadolibre.com.ar/fideos-marolio-celentano-paquete-de-500-grs-pack-12-unidades/p/MLA27776138?pdp_filters=category:MLA1423#searchVariation=MLA27776138&position=12&search_layout=stack&type=product&tracking_id=8fe0b8a9-8e0f-4c3d-a73f-5f31905e9b93,12.554,Mayorista Masivos,Nuevo  |  +5 vendidos,(3 disponibles),Nuevo  |  +5 vendidos,No disponible,#1392782721,2024-01-25 02:03:32
Marolio Fideo Dedales X 500 Gr,https://www.mercadolibre.com.ar/marolio-fideo-dedales-x-500-gr/p/MLA19939588?pdp_filters=category:MLA1423#searchVariation=MLA19939588&position=18&search_layout=stack&type=product&tracking_id=8fe0b8a9-8e0f-4c3d-a73f-5f31905e9b93,932,Mayorista Masivos,Nuevo  |  +100 vendidos,(30 disponibles),Nuevo  |  +100 vendidos,No disponible,#1543766086,2024-01-25 02:03:32
Marolio Pate De Foie Pack 24 Latas De 90 Grs,https://www.mercadolibre.com.ar/marolio-pate-de-foie-pack-24-latas-de-90-grs/p/MLA21650508?pdp_filters=category:MLA1423#searchVariation=MLA21650508&position=1&search_layout=stack&type=product&tracking_id=8fe0b8a9-8e0f-4c3d-a73f-5f31905e9b93,14.544,Mayorista Masivos,Nuevo  |  +500 vendidos,(3 disponibles),Nuevo  |  +500 vendidos,No disponible,#1340807199,2024-01-25 02:03:32
Sal Fina Paquete 500 Gramos Marolio,https://www.mercadolibre.com.ar/sal-fina-paquete-500-gramos-marolio/p/MLA20004071?pdp_filters=category:MLA1423#searchVariation=MLA20004071&position=5&search_layout=stack&type=product&tracking_id=8fe0b8a9-8e0f-4c3d-a73f-5f31905e9b93,330,TGWSTORE,Nuevo  |  +100 vendidos,No disponible,Nuevo  |  +100 vendidos,No disponible,#1292469951,2024-01-25 02:03:32
Azucar Comun Tipo A Marolio 1 Kilo,https://articulo.mercadolibre.com.ar/MLA-1452546392-azucar-comun-tipo-a-marolio-1-kilo-_JM#position=20&search_layout=stack&type=item&tracking_id=8fe0b8a9-8e0f-4c3d-a73f-5f31905e9b93,1.799,ARTICULOS MOHE,Nuevo  |  +500 vendidos,(220 disponibles),Nuevo  |  +500 vendidos,No disponible,#1452546392,2024-01-25 02:03:32
Fideos Tallespin 500 Gr Marolio,https://www.mercadolibre.com.ar/fideos-tallespin-500-gr-marolio/p/MLA29283203?pdp_filters=category:MLA1423#searchVariation=MLA29283203&position=16&search_layout=stack&type=product&tracking_id=8fe0b8a9-8e0f-4c3d-a73f-5f31905e9b93,1.750,ARTICULOS MOHE,Nuevo  |  3 vendidos,(16 disponibles),Nuevo  |  3 vendidos,No disponible,#1640363880,2024-01-25 02:03:32
Pure De Tomate Marolio Tetra 200g,https://articulo.mercadolibre.com.ar/MLA-1402287307-pure-de-tomate-marolio-tetra-200g-_JM#position=21&search_layout=stack&type=item&tracking_id=8fe0b8a9-8e0f-4c3d-a73f-5f31905e9b93,608,ARTICULOS MOHE,Nuevo  |  +50 vendidos,(25 disponibles),Nuevo  |  +50 vendidos,No disponible,#1402287307,2024-01-25 02:03:32
Fideos Marolio Tallarines Paquete De 500 Grs,https://www.mercadolibre.com.ar/fideos-marolio-tallarines-paquete-de-500-grs/p/MLA19957823?pdp_filters=category:MLA1423#searchVariation=MLA19957823&position=13&search_layout=stack&type=product&tracking_id=8fe0b8a9-8e0f-4c3d-a73f-5f31905e9b93,1.110,ARTICULOS MOHE,Nuevo  |  +1000 vendidos,(74 disponibles),Nuevo  |  +1000 vendidos,No disponible,#1402189361,2024-01-25 02:03:32
Pan Rallado Marolio 1 Kilo,https://articulo.mercadolibre.com.ar/MLA-1630681818-pan-rallado-marolio-1-kilo-_JM#position=22&search_layout=stack&type=item&tracking_id=8fe0b8a9-8e0f-4c3d-a73f-5f31905e9b93,1.290,ARTICULOS MOHE,Nuevo  |  +25 vendidos,(9 disponibles),Nuevo  |  +25 vendidos,No disponible,#1630681818,2024-01-25 02:03:32
Pure De Tomate Marolio Tetra 520g,https://articulo.mercadolibre.com.ar/MLA-1402299543-pure-de-tomate-marolio-tetra-520g-_JM#position=23&search_layout=stack&type=item&tracking_id=8fe0b8a9-8e0f-4c3d-a73f-5f31905e9b93,850,ARTICULOS MOHE,Nuevo  |  +5 vendidos,(78 disponibles),Nuevo  |  +5 vendidos,No disponible,#1402299543,2024-01-25 02:03:32
Fideos Marolio Spaghetti Paquete De 500 Grs,https://www.mercadolibre.com.ar/fideos-marolio-spaghetti-paquete-de-500-grs/p/MLA19937122?pdp_filters=category:MLA1423#searchVariation=MLA19937122&position=2&search_layout=stack&type=product&tracking_id=8fe0b8a9-8e0f-4c3d-a73f-5f31905e9b93,1.110,ARTICULOS MOHE,Nuevo  |  +1000 vendidos,(91 disponibles),Nuevo  |  +1000 vendidos,No disponible,#1403486493,2024-01-25 02:03:32
Fideos Marolio Mostachol Rayado Pastas Secas - Mejor Precio,https://www.mercadolibre.com.ar/fideos-marolio-mostachol-rayado-pastas-secas-mejor-precio/p/MLA20903885?pdp_filters=category:MLA1423#searchVariation=MLA20903885&position=6&search_layout=stack&type=product&tracking_id=8fe0b8a9-8e0f-4c3d-a73f-5f31905e9b93,1.100,ARTICULOS MOHE,Nuevo  |  +100 vendidos,(56 disponibles),Nuevo  |  +100 vendidos,No disponible,#1520283080,2024-01-25 02:03:32
Tomate Marolio Perita Pelado Entero 400 Grs Pack  12 Unid,https://articulo.mercadolibre.com.ar/MLA-1553857058-tomate-marolio-perita-pelado-entero-400-grs-pack-12-unid-_JM#position=24&search_layout=stack&type=item&tracking_id=8fe0b8a9-8e0f-4c3d-a73f-5f31905e9b93,12.464,Mayorista Masivos,Nuevo  |  +5 vendidos,(5 disponibles),Nuevo  |  +5 vendidos,No disponible,#1553857058,2024-01-25 02:03:32
Fideos Marolio Canuto Paquete De 500 Grs Pack 12 Unidades,https://www.mercadolibre.com.ar/fideos-marolio-canuto-paquete-de-500-grs-pack-12-unidades/p/MLA27873475?pdp_filters=category:MLA1423#searchVariation=MLA27873475&position=11&search_layout=stack&type=product&tracking_id=8fe0b8a9-8e0f-4c3d-a73f-5f31905e9b93,12.554,Mayorista Masivos,Nuevo  |  +5 vendidos,(2 disponibles),Nuevo  |  +5 vendidos,No disponible,#1393729885,2024-01-25 02:03:32
Fideo Marolio Caracol 500 Gr,https://www.mercadolibre.com.ar/fideo-marolio-caracol-500-gr/p/MLA20021527?pdp_filters=category:MLA1423#searchVariation=MLA20021527&position=3&search_layout=stack&type=product&tracking_id=8fe0b8a9-8e0f-4c3d-a73f-5f31905e9b93,1.877,TIENDA_DINAMICA_FULL,Nuevo  |  +500 vendidos,(200 disponibles),Nuevo  |  +500 vendidos,No disponible,#1421806654,2024-01-25 02:03:32
Pack X 18 Unid. Jardinera  Trecart 340 Gr Marolio Legumbres,https://articulo.mercadolibre.com.ar/MLA-1185809581-pack-x-18-unid-jardinera-trecart-340-gr-marolio-legumbres-_JM#position=25&search_layout=stack&type=item&tracking_id=8fe0b8a9-8e0f-4c3d-a73f-5f31905e9b93,20.474,TIENDA_DINAMICA_FULL,Nuevo  |  +5 vendidos,(2 disponibles),Nuevo  |  +5 vendidos,No disponible,#1185809581,2024-01-25 02:03:32
Lom.atun  Nat 170 Gr Marolio Pescaderia,https://www.mercadolibre.com.ar/lomatun-nat-170-gr-marolio-pescaderia/p/MLA21088632?pdp_filters=category:MLA1423#searchVariation=MLA21088632&position=8&search_layout=stack&type=product&tracking_id=8fe0b8a9-8e0f-4c3d-a73f-5f31905e9b93,4.810,JUMBALAY,Nuevo  |  +100 vendidos,(26 disponibles),Nuevo  |  +100 vendidos,No disponible,#1603026420,2024-01-25 02:03:32
Yerba Marolio 1 Kg,https://www.mercadolibre.com.ar/yerba-marolio-1-kg/p/MLA21239256?pdp_filters=category:MLA1423#searchVariation=MLA21239256&position=19&search_layout=stack&type=product&tracking_id=8fe0b8a9-8e0f-4c3d-a73f-5f31905e9b93,4.677,TIENDA_DINAMICA_FULL,Nuevo  |  +100 vendidos,(400 disponibles),Nuevo  |  +100 vendidos,No disponible,#1421805328,2024-01-25 02:03:32
Pure De Tomate Marolio Tetra 340g,https://articulo.mercadolibre.com.ar/MLA-1402313009-pure-de-tomate-marolio-tetra-340g-_JM#position=26&search_layout=stack&type=item&tracking_id=8fe0b8a9-8e0f-4c3d-a73f-5f31905e9b93,768,ARTICULOS MOHE,Nuevo  |  2 vendidos,(94 disponibles),Nuevo  |  2 vendidos,No disponible,#1402313009,2024-01-25 02:03:32
Pack X 16 Unid Polenta 500 Gr Marolio Harinas De Maiz / P,https://www.mercadolibre.com.ar/pack-x-16-unid-polenta-500-gr-marolio-harinas-de-maiz-p/p/MLA29537611?pdp_filters=category:MLA1423#searchVariation=MLA29537611&position=17&search_layout=stack&type=product&tracking_id=8fe0b8a9-8e0f-4c3d-a73f-5f31905e9b93,12.834,TIENDA_DINAMICA_FULL,Nuevo  |  +5 vendidos,(12 disponibles),Nuevo  |  +5 vendidos,No disponible,#1401745947,2024-01-25 02:03:32
Tomate Marolio Pure 520 Gramos Pack 12 Unidades,https://articulo.mercadolibre.com.ar/MLA-1141910920-tomate-marolio-pure-520-gramos-pack-12-unidades-_JM#position=27&search_layout=stack&type=item&tracking_id=8fe0b8a9-8e0f-4c3d-a73f-5f31905e9b93,10.589,Mayorista Masivos,Nuevo  |  +50 vendidos,(10 disponibles),Nuevo  |  +50 vendidos,No disponible,#1141910920,2024-01-25 02:03:32
Pack X 3 Unid Coctel Frutas   820 Gr Marolio Frutas Envasad,https://articulo.mercadolibre.com.ar/MLA-932167400-pack-x-3-unid-coctel-frutas-820-gr-marolio-frutas-envasad-_JM#position=28&search_layout=stack&type=item&tracking_id=8fe0b8a9-8e0f-4c3d-a73f-5f31905e9b93,12.077,TIENDA_DINAMICA_FULL,Nuevo  |  +25 vendidos,(133 disponibles),Nuevo  |  +25 vendidos,No disponible,#932167400,2024-01-25 02:03:32
Arroz Marolio Largo Fino Sin Tacc Libre De Gluten ,https://articulo.mercadolibre.com.ar/MLA-1143694311-arroz-marolio-largo-fino-sin-tacc-libre-de-gluten-_JM#position=29&search_layout=stack&type=item&tracking_id=8fe0b8a9-8e0f-4c3d-a73f-5f31905e9b93,2.904,MEJORPRECIO.COM.AR,Nuevo  |  +50 vendidos,(28 disponibles),Nuevo  |  +50 vendidos,No disponible,#1143694311,2024-01-25 02:03:32
Pack X 24 Unid Arvejas  Trecart 340 Gr Marolio Legumbres En,https://articulo.mercadolibre.com.ar/MLA-933805599-pack-x-24-unid-arvejas-trecart-340-gr-marolio-legumbres-en-_JM#position=30&search_layout=stack&type=item&tracking_id=8fe0b8a9-8e0f-4c3d-a73f-5f31905e9b93,19.873,TIENDA_DINAMICA_FULL,Nuevo  |  +25 vendidos,(20 disponibles),Nuevo  |  +25 vendidos,No disponible,#933805599,2024-01-25 02:03:32
Fideos Tirabuzón Marolio X 12 Unidades ,https://articulo.mercadolibre.com.ar/MLA-1395368993-fideos-tirabuzon-marolio-x-12-unidades-_JM#position=31&search_layout=stack&type=item&tracking_id=8fe0b8a9-8e0f-4c3d-a73f-5f31905e9b93,21.499,MASPAPELVENTAS,Nuevo  |  4 vendidos,(5 disponibles),Nuevo  |  4 vendidos,No disponible,#1395368993,2024-01-25 02:03:32
Champignones  Trozos 400 Gr Marolio Legumbres En Lata,https://articulo.mercadolibre.com.ar/MLA-1151000447-champignones-trozos-400-gr-marolio-legumbres-en-lata-_JM#position=32&search_layout=stack&type=item&tracking_id=8fe0b8a9-8e0f-4c3d-a73f-5f31905e9b93,4.477,TD101,Nuevo  |  +5 vendidos,(75 disponibles),Nuevo  |  +5 vendidos,No disponible,#1151000447,2024-01-25 02:03:32
Pack X 3 Unid Vinagrera  Manzana 500 Cc Marolio Vinagres,https://articulo.mercadolibre.com.ar/MLA-932326567-pack-x-3-unid-vinagrera-manzana-500-cc-marolio-vinagres-_JM#position=33&search_layout=stack&type=item&tracking_id=8fe0b8a9-8e0f-4c3d-a73f-5f31905e9b93,4.277,TIENDA_DINAMICA_FULL,Nuevo  |  1 vendido,(21 disponibles),Nuevo  |  1 vendido,No disponible,#932326567,2024-01-25 02:03:32
Pack X 18 Unid. Pulpa Tomate  Tb 520 Gr Marolio Pure De Tom,https://articulo.mercadolibre.com.ar/MLA-1149454613-pack-x-18-unid-pulpa-tomate-tb-520-gr-marolio-pure-de-tom-_JM#position=34&search_layout=stack&type=item&tracking_id=8fe0b8a9-8e0f-4c3d-a73f-5f31905e9b93,17.594,TIENDA_DINAMICA_FULL,Nuevo  |  +5 vendidos,(22 disponibles),Nuevo  |  +5 vendidos,No disponible,#1149454613,2024-01-25 02:03:32
Pack X 18 Unid. Lenteja   400 Gr Marolio Legumbres Secas,https://articulo.mercadolibre.com.ar/MLA-1309173421-pack-x-18-unid-lenteja-400-gr-marolio-legumbres-secas-_JM#position=35&search_layout=stack&type=item&tracking_id=8fe0b8a9-8e0f-4c3d-a73f-5f31905e9b93,34.499,TIENDA_DINAMICA_FULL,Nuevo  |  4 vendidos,(27 disponibles),Nuevo  |  4 vendidos,No disponible,#1309173421,2024-01-25 02:03:32
Pack X 12 Unid Vinagre  Vino Pvc 1 Lt Marolio Vinagres,https://articulo.mercadolibre.com.ar/MLA-1111097144-pack-x-12-unid-vinagre-vino-pvc-1-lt-marolio-vinagres-_JM#position=36&search_layout=stack&type=item&tracking_id=8fe0b8a9-8e0f-4c3d-a73f-5f31905e9b93,28.413,TIENDA_DINAMICA_FULL,Nuevo  |  2 vendidos,(9 disponibles),Nuevo  |  2 vendidos,No disponible,#1111097144,2024-01-25 02:03:32
Pure De Tomates Molto Tb 520 G Bulto Por 12 Unidades,https://articulo.mercadolibre.com.ar/MLA-1399830401-pure-de-tomates-molto-tb-520-g-bulto-por-12-unidades-_JM#position=37&search_layout=stack&type=item&tracking_id=8fe0b8a9-8e0f-4c3d-a73f-5f31905e9b93,11.924,Mayorista Masivos,Nuevo  |  +5 vendidos,(8 disponibles),Nuevo  |  +5 vendidos,No disponible,#1399830401,2024-01-25 02:03:32
Cafe En Saquitos Marolio - Mejor Precio ,https://articulo.mercadolibre.com.ar/MLA-1143747567-cafe-en-saquitos-marolio-mejor-precio-_JM#position=38&search_layout=stack&type=item&tracking_id=8fe0b8a9-8e0f-4c3d-a73f-5f31905e9b93,3.302,MEJORPRECIO.COM.AR,Nuevo  |  +100 vendidos,(624 disponibles),Nuevo  |  +100 vendidos,No disponible,#1143747567,2024-01-25 02:03:32
Pack X 3 Unid Te   100 Un Marolio Te En Sobres/hebras,https://articulo.mercadolibre.com.ar/MLA-932168696-pack-x-3-unid-te-100-un-marolio-te-en-sobreshebras-_JM#position=39&search_layout=stack&type=item&tracking_id=8fe0b8a9-8e0f-4c3d-a73f-5f31905e9b93,8.663,TIENDA_DINAMICA_FULL,Nuevo  |  +5 vendidos,(13 disponibles),Nuevo  |  +5 vendidos,No disponible,#932168696,2024-01-25 02:03:32
Arroz Maria Largo Fino Magia En Tus Comidas Pack X10 Unid,https://articulo.mercadolibre.com.ar/MLA-1374672813-arroz-maria-largo-fino-magia-en-tus-comidas-pack-x10-unid-_JM#position=40&search_layout=stack&type=item&tracking_id=8fe0b8a9-8e0f-4c3d-a73f-5f31905e9b93,12.605,MEJORPRECIO.COM.AR,Nuevo  |  +100 vendidos,(2651 disponibles),Nuevo  |  +100 vendidos,No disponible,#1374672813,2024-01-25 02:03:32
Tomate Triturado  Trecart 500 Gr Marolio Tomates Triturados,https://www.mercadolibre.com.ar/tomate-triturado-trecart-500-gr-marolio-tomates-triturados/p/MLA25168639?pdp_filters=category:MLA1423#searchVariation=MLA25168639&position=9&search_layout=stack&type=product&tracking_id=8fe0b8a9-8e0f-4c3d-a73f-5f31905e9b93,1.957,TIENDA_DINAMICA_FULL,Nuevo  |  +5 vendidos,(500 disponibles),Nuevo  |  +5 vendidos,No disponible,#1379708223,2024-01-25 02:03:32
Pack X 24 Unid. Fideos  Tirabuzon 500 Gr Marolio,https://articulo.mercadolibre.com.ar/MLA-1228748159-pack-x-24-unid-fideos-tirabuzon-500-gr-marolio-_JM#position=41&search_layout=stack&type=item&tracking_id=8fe0b8a9-8e0f-4c3d-a73f-5f31905e9b93,33.733,TIENDA_DINAMICA_FULL,Nuevo  |  2 vendidos,(20 disponibles),Nuevo  |  2 vendidos,No disponible,#1228748159,2024-01-25 02:03:32
Pack X 12 Unid. Tomate  Lata 400 Gr Marolio Tomates Pro,https://articulo.mercadolibre.com.ar/MLA-1172537340-pack-x-12-unid-tomate-lata-400-gr-marolio-tomates-pro-_JM#position=42&search_layout=stack&type=item&tracking_id=8fe0b8a9-8e0f-4c3d-a73f-5f31905e9b93,19.484,TD101,Nuevo  |  1 vendido,(41 disponibles),Nuevo  |  1 vendido,No disponible,#1172537340,2024-01-25 02:03:32
Durazno  Trozado Trec 340 Gr Marolio Frutas Envasadas,https://www.mercadolibre.com.ar/durazno-trozado-trec-340-gr-marolio-frutas-envasadas/p/MLA21266476?pdp_filters=category:MLA1423#searchVariation=MLA21266476&position=15&search_layout=stack&type=product&tracking_id=8fe0b8a9-8e0f-4c3d-a73f-5f31905e9b93,1.977,TIENDA_DINAMICA_FULL,Nuevo  |  +5 vendidos,(500 disponibles),Nuevo  |  +5 vendidos,No disponible,#1421845690,2024-01-25 02:03:32
"Ananá En Trozos X 3,6kg Marolio",https://articulo.mercadolibre.com.ar/MLA-1395943797-anana-en-trozos-x-36kg-marolio-_JM#position=43&search_layout=stack&type=item&tracking_id=8fe0b8a9-8e0f-4c3d-a73f-5f31905e9b93,21.707,MATIASHERNANL,Nuevo  |  +5 vendidos,(150 disponibles),Nuevo  |  +5 vendidos,No disponible,#1395943797,2024-01-25 02:03:32
Palitos  Queso 350 Gr Marolio Snack,https://articulo.mercadolibre.com.ar/MLA-926610479-palitos-queso-350-gr-marolio-snack-_JM#position=44&search_layout=stack&type=item&tracking_id=8fe0b8a9-8e0f-4c3d-a73f-5f31905e9b93,4.677,TIENDA_DINAMICA_FULL,Nuevo  |  2 vendidos,(14 disponibles),Nuevo  |  2 vendidos,No disponible,#926610479,2024-01-25 02:03:32
Pack X 1 Unid Fideos  Rigatti 5 Kg Marolio Institucionales,https://articulo.mercadolibre.com.ar/MLA-1217306576-pack-x-1-unid-fideos-rigatti-5-kg-marolio-institucionales-_JM#position=45&search_layout=stack&type=item&tracking_id=8fe0b8a9-8e0f-4c3d-a73f-5f31905e9b93,12.077,TD101,Nuevo  |  3 vendidos,(5 disponibles),Nuevo  |  3 vendidos,No disponible,#1217306576,2024-01-25 02:03:32
Harina   000  1 Kg Marolio Harinas De Trigo,https://articulo.mercadolibre.com.ar/MLA-926681255-harina-000-1-kg-marolio-harinas-de-trigo-_JM#position=46&search_layout=stack&type=item&tracking_id=8fe0b8a9-8e0f-4c3d-a73f-5f31905e9b93,1.772,TIENDA_DINAMICA_FULL,Nuevo  |  +25 vendidos,(500 disponibles),Nuevo  |  +25 vendidos,No disponible,#926681255,2024-01-25 02:03:32
Pack X 24 Unid. Pulpa Tomate  Tb 520 Gr Marolio Pure De Tom,https://articulo.mercadolibre.com.ar/MLA-1149433902-pack-x-24-unid-pulpa-tomate-tb-520-gr-marolio-pure-de-tom-_JM#position=47&search_layout=stack&type=item&tracking_id=8fe0b8a9-8e0f-4c3d-a73f-5f31905e9b93,28.171,TIENDA_DINAMICA_FULL,Nuevo  |  +5 vendidos,(16 disponibles),Nuevo  |  +5 vendidos,No disponible,#1149433902,2024-01-25 02:03:32
Pack X 3 Unid Madalenas  Con Dulce De Leche 220 G Marolio G,https://articulo.mercadolibre.com.ar/MLA-932287960-pack-x-3-unid-madalenas-con-dulce-de-leche-220-g-marolio-g-_JM#position=48&search_layout=stack&type=item&tracking_id=8fe0b8a9-8e0f-4c3d-a73f-5f31905e9b93,5.297,TIENDA_DINAMICA_FULL,Nuevo  |  +5 vendidos,(40 disponibles),Nuevo  |  +5 vendidos,No disponible,#932287960,2024-01-25 02:03:32
Pack X 3 Unid Tomate Triturado  Trecart 500 Gr Marolio Toma,https://articulo.mercadolibre.com.ar/MLA-1174057279-pack-x-3-unid-tomate-triturado-trecart-500-gr-marolio-toma-_JM#position=49&search_layout=stack&type=item&tracking_id=8fe0b8a9-8e0f-4c3d-a73f-5f31905e9b93,4.517,TD101,Nuevo  |  3 vendidos,(165 disponibles),Nuevo  |  3 vendidos,No disponible,#1174057279,2024-01-25 02:03:32
Choclo  Gra.amar 300 Gr Marolio Legumbres En Lata,https://articulo.mercadolibre.com.ar/MLA-926681297-choclo-graamar-300-gr-marolio-legumbres-en-lata-_JM#position=50&search_layout=stack&type=item&tracking_id=8fe0b8a9-8e0f-4c3d-a73f-5f31905e9b93,3.077,TIENDA_DINAMICA_FULL,Nuevo  |  +5 vendidos,(500 disponibles),Nuevo  |  +5 vendidos,No disponible,#926681297,2024-01-25 02:03:32
Puré De Tomate Marolio 6u X 520gr - Mataderos -,https://click1.mercadolibre.com.ar/mclics/clicks/external/MLA/count?a=jyyf1y2gIXheVsUaKt72Z3mLa1nqm1Xv1W55Zqasf9EjGrWUXxJjFkfAPgL9RlaQ7fCRKpOQaXsCEtSfyW0pZ81Yo22nEQK55oJcpzGskOtq51viWZxXPBRyqJTGqVXDs9thl1vTkGEryX4yD3rrIcFsde3jatk1ka7YF%2Fnp1KG3pdEYsq7pmZyx1pd55cRMdeR1u8qqhHF8AeshBeXicTfZ3HTVwpkdYQ17wQXDvhdk9dLOLZROeXuXH%2Fge%2FqRY1qt%2FvIq6rMX51MIeUwz07jrqbz6Vihutg8Kr%2BVKOwWlfJ3dB%2B0jpvafY7RHB8vkKvrC90nfsKscRuekxAuuM58a%2FyKw90pz4%2BIoQT9nqA8BCusOoOCa7G5DJvIecg%2BkFhOH64yuO%2Bs%2Bn%2B8PoYfLMXN7VCvFCPflOixU30DMZ3hwXTQxKqJ%2FBYGvQy6ekdKLGL7YVa7eQxWjleIq064cT9vXW1NTIrKjRU2lgPmHGwko0T5cSR6XsvQQLU3uKQpSGaaZWy03mL1UchjJy2Sox48Yc76SDy7EkBhrdIZSlUZWjSGLM%2BFSQYvxv1A6z%2F1Fdru%2BOnjIKyDeYgwdsRNkLNwd4n86QuIQqkqNrcLLfbqq316MBq4WbQ9b%2FUS12omuCjP%2Frtak%2BFPJfx%2FcmETkXOrAY5uERCgEq0Ew9NsepTgttb6oDMj55Q1hn%2BxacSpcF0vI%3D&e=mclics%2Fpseudo-search-pads-buybox%2B7708%2Cmclics%2Fsearch-list-ad-algorithm%2B16026&rb=x,4.395,ROXYRO68,Nuevo  |  +25 vendidos,(10 disponibles),Nuevo  |  +25 vendidos,No disponible,#862309294,2024-01-25 02:04:24
Pack X 24 Unid. Aji  Picante 295 Gr Marolio Aderezos,https://articulo.mercadolibre.com.ar/MLA-1396300715-pack-x-24-unid-aji-picante-295-gr-marolio-aderezos-_JM#position=5&search_layout=stack&type=item&tracking_id=42e95af7-677d-43be-a95c-c1dd3b909ded,55.461,TIENDA_DINAMICA_FULL,Nuevo  |  1 vendido,No disponible,Nuevo  |  1 vendido,No disponible,#1396300715,2024-01-25 02:04:24
Pack X 6 Unid. Lenteja  Trecart 340 Gr Marolio Legumbres En,https://articulo.mercadolibre.com.ar/MLA-1126238036-pack-x-6-unid-lenteja-trecart-340-gr-marolio-legumbres-en-_JM#position=6&search_layout=stack&type=item&tracking_id=42e95af7-677d-43be-a95c-c1dd3b909ded,7.276,TIENDA_DINAMICA_FULL,Nuevo  |  +5 vendidos,(66 disponibles),Nuevo  |  +5 vendidos,No disponible,#1126238036,2024-01-25 02:04:24
Pack X 6 Unid. Aceto  Balsamico 250 Ml Marolio Vinagres,https://articulo.mercadolibre.com.ar/MLA-1416267064-pack-x-6-unid-aceto-balsamico-250-ml-marolio-vinagres-_JM#position=7&search_layout=stack&type=item&tracking_id=42e95af7-677d-43be-a95c-c1dd3b909ded,10.876,TD101,Nuevo  |  2 vendidos,No disponible,Nuevo  |  2 vendidos,No disponible,#1416267064,2024-01-25 02:04:24
Pack X 6 Unid. Vinagre  Blanco Pvc 1 Lt Marolio Vina Pro,https://articulo.mercadolibre.com.ar/MLA-1215455332-pack-x-6-unid-vinagre-blanco-pvc-1-lt-marolio-vina-pro-_JM#position=8&search_layout=stack&type=item&tracking_id=42e95af7-677d-43be-a95c-c1dd3b909ded,10.126,TD101,Nuevo  |  1 vendido,(83 disponibles),Nuevo  |  1 vendido,No disponible,#1215455332,2024-01-25 02:04:24
Pack X 12 Unid Pure  Tb 520 Gr Marolio Pure De Tomates,https://articulo.mercadolibre.com.ar/MLA-932300585-pack-x-12-unid-pure-tb-520-gr-marolio-pure-de-tomates-_JM#position=9&search_layout=stack&type=item&tracking_id=42e95af7-677d-43be-a95c-c1dd3b909ded,12.675,TIENDA_DINAMICA_FULL,Nuevo  |  +50 vendidos,(41 disponibles),Nuevo  |  +50 vendidos,No disponible,#932300585,2024-01-25 02:04:24
Palitos  Queso 350 Gr Marolio Snack,https://articulo.mercadolibre.com.ar/MLA-926610479-palitos-queso-350-gr-marolio-snack-_JM#position=10&search_layout=stack&type=item&tracking_id=42e95af7-677d-43be-a95c-c1dd3b909ded,4.677,TIENDA_DINAMICA_FULL,Nuevo  |  2 vendidos,(14 disponibles),Nuevo  |  2 vendidos,No disponible,#926610479,2024-01-25 02:04:24
Pack X 24 Unid Picadillo   90 Gr Marolio Pate/picadillos,https://articulo.mercadolibre.com.ar/MLA-932470352-pack-x-24-unid-picadillo-90-gr-marolio-patepicadillos-_JM#position=11&search_layout=stack&type=item&tracking_id=42e95af7-677d-43be-a95c-c1dd3b909ded,18.912,TIENDA_DINAMICA_FULL,Nuevo  |  +25 vendidos,(20 disponibles),Nuevo  |  +25 vendidos,No disponible,#932470352,2024-01-25 02:04:24
Pack X 12 Unid Vinagre  Vino Pvc 1 Lt Marolio Vinagres,https://articulo.mercadolibre.com.ar/MLA-1111097144-pack-x-12-unid-vinagre-vino-pvc-1-lt-marolio-vinagres-_JM#position=12&search_layout=stack&type=item&tracking_id=42e95af7-677d-43be-a95c-c1dd3b909ded,28.413,TIENDA_DINAMICA_FULL,Nuevo  |  2 vendidos,(9 disponibles),Nuevo  |  2 vendidos,No disponible,#1111097144,2024-01-25 02:04:24
Pack X 18 Unid. Fideos  Tirabuzon 500 Gr Marolio,https://articulo.mercadolibre.com.ar/MLA-1227913561-pack-x-18-unid-fideos-tirabuzon-500-gr-marolio-_JM#position=13&search_layout=stack&type=item&tracking_id=42e95af7-677d-43be-a95c-c1dd3b909ded,22.274,TIENDA_DINAMICA_FULL,Nuevo,(27 disponibles),Nuevo,No disponible,#1227913561,2024-01-25 02:04:24
Pack X 3 Unid Vinagrera  Manzana 500 Cc Marolio Vinagres,https://articulo.mercadolibre.com.ar/MLA-932326567-pack-x-3-unid-vinagrera-manzana-500-cc-marolio-vinagres-_JM#position=14&search_layout=stack&type=item&tracking_id=42e95af7-677d-43be-a95c-c1dd3b909ded,4.277,TIENDA_DINAMICA_FULL,Nuevo  |  1 vendido,(21 disponibles),Nuevo  |  1 vendido,No disponible,#932326567,2024-01-25 02:04:24
Caja Pure De Tomate Marolio Libre De Gluten - Mejor Precio,https://articulo.mercadolibre.com.ar/MLA-1364270187-caja-pure-de-tomate-marolio-libre-de-gluten-mejor-precio-_JM#position=15&search_layout=stack&type=item&tracking_id=42e95af7-677d-43be-a95c-c1dd3b909ded,10.899,MEJORPRECIO.COM.AR,Nuevo  |  +50 vendidos,(150 disponibles),Nuevo  |  +50 vendidos,No disponible,#1364270187,2024-01-25 02:04:24
Pack X 24 Unid. Pulpa Tomate  Tb 520 Gr Marolio Pure De Tom,https://articulo.mercadolibre.com.ar/MLA-1149433902-pack-x-24-unid-pulpa-tomate-tb-520-gr-marolio-pure-de-tom-_JM#position=16&search_layout=stack&type=item&tracking_id=42e95af7-677d-43be-a95c-c1dd3b909ded,28.171,TIENDA_DINAMICA_FULL,Nuevo  |  +5 vendidos,(16 disponibles),Nuevo  |  +5 vendidos,No disponible,#1149433902,2024-01-25 02:04:24
Arroz Maria Largo Fino Magia En Tus Comidas Pack X10 Unid,https://articulo.mercadolibre.com.ar/MLA-1374672813-arroz-maria-largo-fino-magia-en-tus-comidas-pack-x10-unid-_JM#position=17&search_layout=stack&type=item&tracking_id=42e95af7-677d-43be-a95c-c1dd3b909ded,12.605,MEJORPRECIO.COM.AR,Nuevo  |  +100 vendidos,(2651 disponibles),Nuevo  |  +100 vendidos,No disponible,#1374672813,2024-01-25 02:04:24
Pack X 24 Unid Pate   90 Gr Marolio Pate/picadillos,https://articulo.mercadolibre.com.ar/MLA-932460535-pack-x-24-unid-pate-90-gr-marolio-patepicadillos-_JM#position=18&search_layout=stack&type=item&tracking_id=42e95af7-677d-43be-a95c-c1dd3b909ded,18.912,TIENDA_DINAMICA_FULL,Nuevo  |  +50 vendidos,(20 disponibles),Nuevo  |  +50 vendidos,No disponible,#932460535,2024-01-25 02:04:24
Fideos Marolio Codito Paquete De 500 Grs Pack 15 Unidades,https://www.mercadolibre.com.ar/fideos-marolio-codito-paquete-de-500-grs-pack-15-unidades/p/MLA28685739?pdp_filters=category:MLA1423#searchVariation=MLA28685739&position=4&search_layout=stack&type=product&tracking_id=42e95af7-677d-43be-a95c-c1dd3b909ded,15.542,Mayorista Masivos,Nuevo  |  3 vendidos,(3 disponibles),Nuevo  |  3 vendidos,No disponible,#1592032406,2024-01-25 02:04:24
Harmaiz  Maiz 1 Kg Marolio Harinas De Maiz / Polenta,https://articulo.mercadolibre.com.ar/MLA-1226322717-harmaiz-maiz-1-kg-marolio-harinas-de-maiz-polenta-_JM#position=19&search_layout=stack&type=item&tracking_id=42e95af7-677d-43be-a95c-c1dd3b909ded,1.977,TD101,Nuevo  |  +5 vendidos,(97 disponibles),Nuevo  |  +5 vendidos,No disponible,#1226322717,2024-01-25 02:04:24
Picadillo   90 Gr Marolio Pate/picadillos,https://articulo.mercadolibre.com.ar/MLA-1152508277-picadillo-90-gr-marolio-patepicadillos-_JM#position=20&search_layout=stack&type=item&tracking_id=42e95af7-677d-43be-a95c-c1dd3b909ded,1.224,TD101,Nuevo  |  +5 vendidos,(500 disponibles),Nuevo  |  +5 vendidos,No disponible,#1152508277,2024-01-25 02:04:24
Fideos  Canuto 500 Gr Marolio,https://articulo.mercadolibre.com.ar/MLA-926684745-fideos-canuto-500-gr-marolio-_JM#position=21&search_layout=stack&type=item&tracking_id=42e95af7-677d-43be-a95c-c1dd3b909ded,1.877,TIENDA_DINAMICA_FULL,Nuevo,(400 disponibles),Nuevo,No disponible,#926684745,2024-01-25 02:04:24
Pack X 3 Unid Yerba  Limon 500 Gr Marolio Yerbas Pro,https://articulo.mercadolibre.com.ar/MLA-1309039988-pack-x-3-unid-yerba-limon-500-gr-marolio-yerbas-pro-_JM#position=22&search_layout=stack&type=item&tracking_id=42e95af7-677d-43be-a95c-c1dd3b909ded,7.503,TD101,Nuevo  |  3 vendidos,(37 disponibles),Nuevo  |  3 vendidos,No disponible,#1309039988,2024-01-25 02:04:24
Pack X 3 Unid Vinagre  Blanco Pvc 10 Lt Marolio Institucion,https://articulo.mercadolibre.com.ar/MLA-1111109108-pack-x-3-unid-vinagre-blanco-pvc-10-lt-marolio-institucion-_JM#position=23&search_layout=stack&type=item&tracking_id=42e95af7-677d-43be-a95c-c1dd3b909ded,16.877,TIENDA_DINAMICA_FULL,Nuevo  |  +25 vendidos,(6 disponibles),Nuevo  |  +25 vendidos,No disponible,#1111109108,2024-01-25 02:04:24
Pack X 12 Unid. Jurel  Ac 425 Gr Marolio Pescaderia,https://articulo.mercadolibre.com.ar/MLA-1126564167-pack-x-12-unid-jurel-ac-425-gr-marolio-pescaderia-_JM#position=24&search_layout=stack&type=item&tracking_id=42e95af7-677d-43be-a95c-c1dd3b909ded,62.535,TIENDA_DINAMICA_FULL,Nuevo  |  3 vendidos,(16 disponibles),Nuevo  |  3 vendidos,No disponible,#1126564167,2024-01-25 02:04:24
Pack X 12 Unid. Harmaiz  Maiz 1 Kg Marolio Harinas De Maiz,https://articulo.mercadolibre.com.ar/MLA-1126281773-pack-x-12-unid-harmaiz-maiz-1-kg-marolio-harinas-de-maiz-_JM#position=25&search_layout=stack&type=item&tracking_id=42e95af7-677d-43be-a95c-c1dd3b909ded,16.275,TIENDA_DINAMICA_FULL,Nuevo  |  +5 vendidos,(5 disponibles),Nuevo  |  +5 vendidos,No disponible,#1126281773,2024-01-25 02:04:24
Fideos  Tallarin 500 Gr Marolio,https://articulo.mercadolibre.com.ar/MLA-926684027-fideos-tallarin-500-gr-marolio-_JM#position=26&search_layout=stack&type=item&tracking_id=42e95af7-677d-43be-a95c-c1dd3b909ded,1.877,TIENDA_DINAMICA_FULL,Nuevo  |  4 vendidos,(500 disponibles),Nuevo  |  4 vendidos,No disponible,#926684027,2024-01-25 02:04:24
Pack X 18 Unid. Anana  Trozo 850 Gr Marolio Frutas E Pro,https://articulo.mercadolibre.com.ar/MLA-1290977991-pack-x-18-unid-anana-trozo-850-gr-marolio-frutas-e-pro-_JM#position=27&search_layout=stack&type=item&tracking_id=42e95af7-677d-43be-a95c-c1dd3b909ded,193.646,TD101,Nuevo,(9 disponibles),Nuevo,No disponible,#1290977991,2024-01-25 02:04:24
Pack X 18 Unid. Polenta   500 Gr Marolio Harinas De Maiz /,https://articulo.mercadolibre.com.ar/MLA-1413018842-pack-x-18-unid-polenta-500-gr-marolio-harinas-de-maiz--_JM#position=28&search_layout=stack&type=item&tracking_id=42e95af7-677d-43be-a95c-c1dd3b909ded,13.881,TD101,Nuevo  |  1 vendido,(16 disponibles),Nuevo  |  1 vendido,No disponible,#1413018842,2024-01-25 02:04:24
Pack X 36 Unid. Polenta   500 Gr Marolio Harinas De Pro,https://articulo.mercadolibre.com.ar/MLA-1369028987-pack-x-36-unid-polenta-500-gr-marolio-harinas-de-pro-_JM#position=29&search_layout=stack&type=item&tracking_id=42e95af7-677d-43be-a95c-c1dd3b909ded,38.815,TD101,Nuevo  |  1 vendido,(8 disponibles),Nuevo  |  1 vendido,No disponible,#1369028987,2024-01-25 02:04:24
Pack X 24 Unid. Anana  Trozo 850 Gr Marolio Frutas E Pro,https://articulo.mercadolibre.com.ar/MLA-1308645624-pack-x-24-unid-anana-trozo-850-gr-marolio-frutas-e-pro-_JM#position=30&search_layout=stack&type=item&tracking_id=42e95af7-677d-43be-a95c-c1dd3b909ded,256.044,TD101,Nuevo,(6 disponibles),Nuevo,No disponible,#1308645624,2024-01-25 02:04:24
Pack X 6 Unid. Fideos  Tirabuzon 500 Gr Marolio,https://articulo.mercadolibre.com.ar/MLA-1126531671-pack-x-6-unid-fideos-tirabuzon-500-gr-marolio-_JM#position=31&search_layout=stack&type=item&tracking_id=42e95af7-677d-43be-a95c-c1dd3b909ded,7.876,TIENDA_DINAMICA_FULL,Nuevo  |  1 vendido,(83 disponibles),Nuevo  |  1 vendido,No disponible,#1126531671,2024-01-25 02:04:24
Vinagrera  Manzana 500 Cc Marolio Vinagres,https://articulo.mercadolibre.com.ar/MLA-926689573-vinagrera-manzana-500-cc-marolio-vinagres-_JM#position=32&search_layout=stack&type=item&tracking_id=42e95af7-677d-43be-a95c-c1dd3b909ded,1.877,TIENDA_DINAMICA_FULL,Nuevo  |  +5 vendidos,(64 disponibles),Nuevo  |  +5 vendidos,No disponible,#926689573,2024-01-25 02:04:24
Pack X 10 Unid Maiz  Pisingallo 400 Gr Marolio Legumbres Se,https://articulo.mercadolibre.com.ar/MLA-1309160723-pack-x-10-unid-maiz-pisingallo-400-gr-marolio-legumbres-se-_JM#position=33&search_layout=stack&type=item&tracking_id=42e95af7-677d-43be-a95c-c1dd3b909ded,14.469,TD101,Nuevo  |  1 vendido,(40 disponibles),Nuevo  |  1 vendido,No disponible,#1309160723,2024-01-25 02:04:24
Jurel  Nat 425 Gr Marolio Pescaderia,https://articulo.mercadolibre.com.ar/MLA-1147996845-jurel-nat-425-gr-marolio-pescaderia-_JM#position=34&search_layout=stack&type=item&tracking_id=42e95af7-677d-43be-a95c-c1dd3b909ded,5.477,TD101,Nuevo  |  4 vendidos,(300 disponibles),Nuevo  |  4 vendidos,No disponible,#1147996845,2024-01-25 02:04:24
Sal Gruesa Paquete 1 Kg Marolio,https://www.mercadolibre.com.ar/sal-gruesa-paquete-1-kg-marolio/p/MLA19939134?pdp_filters=category:MLA1423#searchVariation=MLA19939134&position=3&search_layout=stack&type=product&tracking_id=42e95af7-677d-43be-a95c-c1dd3b909ded,1.677,TIENDA_DINAMICA_FULL,Nuevo  |  +100 vendidos,(7 disponibles),Nuevo  |  +100 vendidos,No disponible,#1421603296,2024-01-25 02:04:24
Pack X 18 Unid. Fideos Huevo N3 500 Gr Marolio,https://www.mercadolibre.com.ar/pack-x-18-unid-fideos-huevo-n3-500-gr-marolio/p/MLA29509965?pdp_filters=category:MLA1423#searchVariation=MLA29509965&position=2&search_layout=stack&type=product&tracking_id=42e95af7-677d-43be-a95c-c1dd3b909ded,48.134,TIENDA_DINAMICA_FULL,Nuevo  |  1 vendido,(11 disponibles),Nuevo  |  1 vendido,No disponible,#1401820653,2024-01-25 02:04:24
Pack X 3 Unid Choclo  Cremamar 350 Gr Marolio Legumbres En,https://articulo.mercadolibre.com.ar/MLA-932286638-pack-x-3-unid-choclo-cremamar-350-gr-marolio-legumbres-en-_JM#position=35&search_layout=stack&type=item&tracking_id=42e95af7-677d-43be-a95c-c1dd3b909ded,3.257,TIENDA_DINAMICA_FULL,Nuevo,(166 disponibles),Nuevo,No disponible,#932286638,2024-01-25 02:04:24
Harina   000  1 Kg Marolio Harinas De Trigo,https://articulo.mercadolibre.com.ar/MLA-1148051115-harina-000-1-kg-marolio-harinas-de-trigo-_JM#position=36&search_layout=stack&type=item&tracking_id=42e95af7-677d-43be-a95c-c1dd3b909ded,1.772,TD101,Nuevo  |  4 vendidos,(500 disponibles),Nuevo  |  4 vendidos,No disponible,#1148051115,2024-01-25 02:04:24
Chimichurri  Clasico 1 Kg Marolio Aderezos,https://articulo.mercadolibre.com.ar/MLA-926695574-chimichurri-clasico-1-kg-marolio-aderezos-_JM#position=37&search_layout=stack&type=item&tracking_id=42e95af7-677d-43be-a95c-c1dd3b909ded,3.968,TIENDA_DINAMICA_FULL,Nuevo  |  +5 vendidos,(6 disponibles),Nuevo  |  +5 vendidos,No disponible,#926695574,2024-01-25 02:04:24
Pack X 3 Unid Exttomate  Simple 210 Gr Marolio Extracto De,https://articulo.mercadolibre.com.ar/MLA-932290380-pack-x-3-unid-exttomate-simple-210-gr-marolio-extracto-de-_JM#position=38&search_layout=stack&type=item&tracking_id=42e95af7-677d-43be-a95c-c1dd3b909ded,3.677,TIENDA_DINAMICA_FULL,Nuevo  |  +5 vendidos,(66 disponibles),Nuevo  |  +5 vendidos,No disponible,#932290380,2024-01-25 02:04:24
Pack X 6 Unid. Fideos  Rigatti 500 Gr Marolio,https://articulo.mercadolibre.com.ar/MLA-1126499824-pack-x-6-unid-fideos-rigatti-500-gr-marolio-_JM#position=39&search_layout=stack&type=item&tracking_id=42e95af7-677d-43be-a95c-c1dd3b909ded,7.876,TIENDA_DINAMICA_FULL,Nuevo,(7 disponibles),Nuevo,No disponible,#1126499824,2024-01-25 02:04:24
Pack X 2 Unid Vinagre  Blanco Pvc 10 Lt Marolio Institucion,https://articulo.mercadolibre.com.ar/MLA-1111150282-pack-x-2-unid-vinagre-blanco-pvc-10-lt-marolio-institucion-_JM#position=40&search_layout=stack&type=item&tracking_id=42e95af7-677d-43be-a95c-c1dd3b909ded,11.477,TIENDA_DINAMICA_FULL,Nuevo  |  +50 vendidos,(9 disponibles),Nuevo  |  +50 vendidos,No disponible,#1111150282,2024-01-25 02:04:24
Pack X 12 Unid. Arvejas  Trecart 340 Gr Marolio Legumbres E,https://articulo.mercadolibre.com.ar/MLA-1126232327-pack-x-12-unid-arvejas-trecart-340-gr-marolio-legumbres-e-_JM#position=41&search_layout=stack&type=item&tracking_id=42e95af7-677d-43be-a95c-c1dd3b909ded,10.275,TIENDA_DINAMICA_FULL,Nuevo  |  4 vendidos,(41 disponibles),Nuevo  |  4 vendidos,No disponible,#1126232327,2024-01-25 02:04:24
Choclo  Cremamar 350 Gr Marolio Legumbres En Lata,https://articulo.mercadolibre.com.ar/MLA-926707216-choclo-cremamar-350-gr-marolio-legumbres-en-lata-_JM#position=42&search_layout=stack&type=item&tracking_id=42e95af7-677d-43be-a95c-c1dd3b909ded,1.537,TIENDA_DINAMICA_FULL,Nuevo  |  1 vendido,(500 disponibles),Nuevo  |  1 vendido,No disponible,#926707216,2024-01-25 02:04:24
Pack X 6 Unid. Durazno  Mitad 820 Gr Marolio Frutas Envasad,https://articulo.mercadolibre.com.ar/MLA-1126525526-pack-x-6-unid-durazno-mitad-820-gr-marolio-frutas-envasad-_JM#position=43&search_layout=stack&type=item&tracking_id=42e95af7-677d-43be-a95c-c1dd3b909ded,15.676,TIENDA_DINAMICA_FULL,Nuevo,(83 disponibles),Nuevo,No disponible,#1126525526,2024-01-25 02:04:24
Pack X 36 Unid. Fideos  Rigatti 500 Gr Marolio,https://articulo.mercadolibre.com.ar/MLA-1351092921-pack-x-36-unid-fideos-rigatti-500-gr-marolio-_JM#position=44&search_layout=stack&type=item&tracking_id=42e95af7-677d-43be-a95c-c1dd3b909ded,48.131,TIENDA_DINAMICA_FULL,Nuevo,No disponible,Nuevo,No disponible,#1351092921,2024-01-25 02:04:24
Aceitunas  Verde Dpack 180 Gr Marolio Encurtidos,https://articulo.mercadolibre.com.ar/MLA-926377438-aceitunas-verde-dpack-180-gr-marolio-encurtidos-_JM#position=45&search_layout=stack&type=item&tracking_id=42e95af7-677d-43be-a95c-c1dd3b909ded,2.516,TIENDA_DINAMICA_FULL,Nuevo,(52 disponibles),Nuevo,No disponible,#926377438,2024-01-25 02:04:24
Salsa  Fileto Trecart 200 Gr Marolio Salsas,https://articulo.mercadolibre.com.ar/MLA-926746029-salsa-fileto-trecart-200-gr-marolio-salsas-_JM#position=46&search_layout=stack&type=item&tracking_id=42e95af7-677d-43be-a95c-c1dd3b909ded,1.677,TIENDA_DINAMICA_FULL,Nuevo,(111 disponibles),Nuevo,No disponible,#926746029,2024-01-25 02:04:24
Puré De Tomate Marolio 6u X 520gr - Mataderos -,https://articulo.mercadolibre.com.ar/MLA-862309294-pure-de-tomate-marolio-6u-x-520gr-mataderos--_JM#position=47&search_layout=stack&type=item&tracking_id=42e95af7-677d-43be-a95c-c1dd3b909ded,4.395,ROXYRO68,Nuevo  |  +25 vendidos,(10 disponibles),Nuevo  |  +25 vendidos,No disponible,#862309294,2024-01-25 02:04:24
Pack X 18 Unid Aceitunas  Verde Sachet 100 Gr Marolio Encur,https://articulo.mercadolibre.com.ar/MLA-932329017-pack-x-18-unid-aceitunas-verde-sachet-100-gr-marolio-encur-_JM#position=48&search_layout=stack&type=item&tracking_id=42e95af7-677d-43be-a95c-c1dd3b909ded,18.674,TIENDA_DINAMICA_FULL,Nuevo,(4 disponibles),Nuevo,No disponible,#932329017,2024-01-25 02:04:24
Pack X 12 Unid Fideos  Huevo N3 500 Gr Marolio,https://articulo.mercadolibre.com.ar/MLA-933826975-pack-x-12-unid-fideos-huevo-n3-500-gr-marolio-_JM#position=49&search_layout=stack&type=item&tracking_id=42e95af7-677d-43be-a95c-c1dd3b909ded,33.735,TIENDA_DINAMICA_FULL,Nuevo,(16 disponibles),Nuevo,No disponible,#933826975,2024-01-25 02:04:24
Pack X 24 Unid. Maiz  Pisingallo 400 Gr Marolio Legumbres S,https://articulo.mercadolibre.com.ar/MLA-1309038559-pack-x-24-unid-maiz-pisingallo-400-gr-marolio-legumbres-s-_JM#position=50&search_layout=stack&type=item&tracking_id=42e95af7-677d-43be-a95c-c1dd3b909ded,38.309,TIENDA_DINAMICA_FULL,Nuevo  |  1 vendido,(16 disponibles),Nuevo  |  1 vendido,No disponible,#1309038559,2024-01-25 02:04:24
Pack X 24 Unid. Yerba  Dorada 1 Kg Marolio Yerbas,https://articulo.mercadolibre.com.ar/MLA-1210822813-pack-x-24-unid-yerba-dorada-1-kg-marolio-yerbas-_JM#position=51&search_layout=stack&type=item&tracking_id=42e95af7-677d-43be-a95c-c1dd3b909ded,100.933,TIENDA_DINAMICA_FULL,Nuevo,(3 disponibles),Nuevo,No disponible,#1210822813,2024-01-25 02:04:24
Puré De Tomate Marolio 6u X 520gr - Mataderos -,https://click1.mercadolibre.com.ar/mclics/clicks/external/MLA/count?a=lolgXMolN9rNE%2BLnJakaIJOh52T9ZpiHnEcJUHwGrW0vPn8hDG%2FCq9SWZc5MbBBx8%2FqIDixt%2BIjInGfF7rV2CY9EW%2FpDGv2i29iKK%2F8g5ExfJYVI2bLoyL8bmhMytHTzK%2FP2iO%2Bc6a7k7pLKPebtc9buH35zWtygsLWRuGhOKx%2Fxxgv5M3libwQAQv4rxSnfyGZishSwgKnXdkmm7uag796KsgRgXJwu2yb4J5A1oR1kZP8gpVkn7x%2FvqSVv80VxrsIFwji06MGehVlAdBe%2Bo5mK8aUn8ahNCsV4CsHjNakB1UfMFuDc84ck0N0uE1FImIdE%2BsnXHnh9jnxO5Y1JJCsywnw7UKR7tgXB0CB9jczoEztbKdK%2FJO3ymr2AmGUHXhc3cIUs50eyWYJ5VeADWbKqvQICW1b0ZmMegs8oNEK%2FjJ%2FdBtvN9r7Jv%2F8ZtH%2B4GD6MA9cT8AwsDsxWHPh8nuZfy3ovxOn4cIzkS5KaiBoB2EZGd4bOESLMAgERszyuzntTyKT%2FujrSJFVPcUDePCZzpIUEXEm%2F7sDjdQxc92CpNJCczSia%2BsC69vhXUM6MVIHumsd9XXtZzBp135Z4YfRCB%2Fo4%2BaRX%2B3q6GjGV4m3dkNunK8qOQ7AC8DRhIqYawOG81ZaUnicBwXwRVLj569sd95c7yvM70pxqIX4LFkB50vCk6fxpdmstewhfsgTulmI%3D&e=mclics%2Fpseudo-search-pads-buybox%2B7708%2Cmclics%2Fsearch-list-ad-algorithm%2B16026&rb=x,4.395,ROXYRO68,Nuevo  |  +25 vendidos,(10 disponibles),Nuevo  |  +25 vendidos,No disponible,#862309294,2024-01-25 02:05:17
Pack X 18 Unid. Anana  Trozo 850 Gr Marolio Frutas E Pro,https://articulo.mercadolibre.com.ar/MLA-1290977991-pack-x-18-unid-anana-trozo-850-gr-marolio-frutas-e-pro-_JM#position=3&search_layout=stack&type=item&tracking_id=decc5f39-bdef-479f-8ca8-c1e8a6eca9f2,193.646,TD101,Nuevo,(9 disponibles),Nuevo,No disponible,#1290977991,2024-01-25 02:05:17
Pack X 3 Unid Fideos  Candnidspag 500 Gr Marolio,https://articulo.mercadolibre.com.ar/MLA-932170987-pack-x-3-unid-fideos-candnidspag-500-gr-marolio-_JM#position=4&search_layout=stack&type=item&tracking_id=decc5f39-bdef-479f-8ca8-c1e8a6eca9f2,6.377,TIENDA_DINAMICA_FULL,Nuevo,No disponible,Nuevo,No disponible,#932170987,2024-01-25 02:05:17
Pack X 6 Unid. Yerba  Dorada 1 Kg Marolio Yerbas,https://articulo.mercadolibre.com.ar/MLA-1126175722-pack-x-6-unid-yerba-dorada-1-kg-marolio-yerbas-_JM#position=5&search_layout=stack&type=item&tracking_id=decc5f39-bdef-479f-8ca8-c1e8a6eca9f2,28.936,TIENDA_DINAMICA_FULL,Nuevo  |  1 vendido,(15 disponibles),Nuevo  |  1 vendido,No disponible,#1126175722,2024-01-25 02:05:17
Pack X 24 Unid. Anana  Trozo 850 Gr Marolio Frutas E Pro,https://articulo.mercadolibre.com.ar/MLA-1308645624-pack-x-24-unid-anana-trozo-850-gr-marolio-frutas-e-pro-_JM#position=6&search_layout=stack&type=item&tracking_id=decc5f39-bdef-479f-8ca8-c1e8a6eca9f2,256.044,TD101,Nuevo,(6 disponibles),Nuevo,No disponible,#1308645624,2024-01-25 02:05:17
"Pack X 24 Unid. Amargo  Serrano 1,5 Lt Marolio Amargos",https://articulo.mercadolibre.com.ar/MLA-1217043490-pack-x-24-unid-amargo-serrano-15-lt-marolio-amargos-_JM#position=7&search_layout=stack&type=item&tracking_id=decc5f39-bdef-479f-8ca8-c1e8a6eca9f2,33.733,TD101,Nuevo  |  1 vendido,(5 disponibles),Nuevo  |  1 vendido,No disponible,#1217043490,2024-01-25 02:05:17
Pack X 18 Unid. Arroz  Largo Fino 1 Kg Marolio,https://articulo.mercadolibre.com.ar/MLA-1230541600-pack-x-18-unid-arroz-largo-fino-1-kg-marolio-_JM#position=8&search_layout=stack&type=item&tracking_id=decc5f39-bdef-479f-8ca8-c1e8a6eca9f2,64.334,TIENDA_DINAMICA_FULL,Nuevo  |  1 vendido,(16 disponibles),Nuevo  |  1 vendido,No disponible,#1230541600,2024-01-25 02:05:17
Fideos  Candcabang 500 Gr Marolio,https://articulo.mercadolibre.com.ar/MLA-927641950-fideos-candcabang-500-gr-marolio-_JM#position=9&search_layout=stack&type=item&tracking_id=decc5f39-bdef-479f-8ca8-c1e8a6eca9f2,2.577,TIENDA_DINAMICA_FULL,Nuevo,(73 disponibles),Nuevo,No disponible,#927641950,2024-01-25 02:05:17
Tomate  Lata 400 Gr Marolio Tomates,https://articulo.mercadolibre.com.ar/MLA-926688313-tomate-lata-400-gr-marolio-tomates-_JM#position=10&search_layout=stack&type=item&tracking_id=decc5f39-bdef-479f-8ca8-c1e8a6eca9f2,1.877,TIENDA_DINAMICA_FULL,Nuevo  |  +5 vendidos,(500 disponibles),Nuevo  |  +5 vendidos,No disponible,#926688313,2024-01-25 02:05:17
Pack X 18 Unid. Tomate Triturado  Trecart 500 Gr Marolio To,https://articulo.mercadolibre.com.ar/MLA-1286572606-pack-x-18-unid-tomate-triturado-trecart-500-gr-marolio-to-_JM#position=11&search_layout=stack&type=item&tracking_id=decc5f39-bdef-479f-8ca8-c1e8a6eca9f2,27.974,TD101,Nuevo  |  1 vendido,(27 disponibles),Nuevo  |  1 vendido,No disponible,#1286572606,2024-01-25 02:05:17
Harmaiz  Maiz 1 Kg Marolio Harinas De Maiz / Polenta,https://articulo.mercadolibre.com.ar/MLA-1226322717-harmaiz-maiz-1-kg-marolio-harinas-de-maiz-polenta-_JM#position=12&search_layout=stack&type=item&tracking_id=decc5f39-bdef-479f-8ca8-c1e8a6eca9f2,1.977,TD101,Nuevo  |  +5 vendidos,(97 disponibles),Nuevo  |  +5 vendidos,No disponible,#1226322717,2024-01-25 02:05:17
Pack X 18 Unid. Choclo  Graamar 300 Gr Marolio Legumbres En,https://articulo.mercadolibre.com.ar/MLA-1494621070-pack-x-18-unid-choclo-graamar-300-gr-marolio-legumbres-en-_JM#position=13&search_layout=stack&type=item&tracking_id=decc5f39-bdef-479f-8ca8-c1e8a6eca9f2,48.134,TIENDA_DINAMICA_FULL,Nuevo,(27 disponibles),Nuevo,No disponible,#1494621070,2024-01-25 02:05:17
Fideos  Candnidspag 500 Gr Marolio,https://articulo.mercadolibre.com.ar/MLA-927640876-fideos-candnidspag-500-gr-marolio-_JM#position=14&search_layout=stack&type=item&tracking_id=decc5f39-bdef-479f-8ca8-c1e8a6eca9f2,2.577,TIENDA_DINAMICA_FULL,Nuevo,(3 disponibles),Nuevo,No disponible,#927640876,2024-01-25 02:05:17
Pack X 12 Unid Vinagrera  Manzana 500 Cc Marolio Vinagres,https://articulo.mercadolibre.com.ar/MLA-932326574-pack-x-12-unid-vinagrera-manzana-500-cc-marolio-vinagres-_JM#position=15&search_layout=stack&type=item&tracking_id=decc5f39-bdef-479f-8ca8-c1e8a6eca9f2,15.075,TIENDA_DINAMICA_FULL,Nuevo  |  4 vendidos,(5 disponibles),Nuevo  |  4 vendidos,No disponible,#932326574,2024-01-25 02:05:17
Pack X 36 Unid. Caballa  Aceite 380 Gr Marolio Pescaderia,https://articulo.mercadolibre.com.ar/MLA-1361460577-pack-x-36-unid-caballa-aceite-380-gr-marolio-pescaderia-_JM#position=16&search_layout=stack&type=item&tracking_id=decc5f39-bdef-479f-8ca8-c1e8a6eca9f2,177.730,TIENDA_DINAMICA_FULL,Nuevo,(11 disponibles),Nuevo,No disponible,#1361460577,2024-01-25 02:05:17
Pack X 10 Unid Lenteja   400 Gr Marolio Legumbres Secas,https://articulo.mercadolibre.com.ar/MLA-1111096695-pack-x-10-unid-lenteja-400-gr-marolio-legumbres-secas-_JM#position=17&search_layout=stack&type=item&tracking_id=decc5f39-bdef-479f-8ca8-c1e8a6eca9f2,17.101,TIENDA_DINAMICA_FULL,Nuevo  |  +5 vendidos,(50 disponibles),Nuevo  |  +5 vendidos,No disponible,#1111096695,2024-01-25 02:05:17
Pack X 3 Unid Arroz  Largo Fino 1 Kg Marolio,https://articulo.mercadolibre.com.ar/MLA-932341536-pack-x-3-unid-arroz-largo-fino-1-kg-marolio-_JM#position=18&search_layout=stack&type=item&tracking_id=decc5f39-bdef-479f-8ca8-c1e8a6eca9f2,10.577,TIENDA_DINAMICA_FULL,Nuevo  |  2 vendidos,(100 disponibles),Nuevo  |  2 vendidos,No disponible,#932341536,2024-01-25 02:05:17
Pack X 36 Unid. Fideos  Tirabuzon 500 Gr Marolio,https://articulo.mercadolibre.com.ar/MLA-1228172581-pack-x-36-unid-fideos-tirabuzon-500-gr-marolio-_JM#position=19&search_layout=stack&type=item&tracking_id=decc5f39-bdef-479f-8ca8-c1e8a6eca9f2,48.131,TIENDA_DINAMICA_FULL,Nuevo,(13 disponibles),Nuevo,No disponible,#1228172581,2024-01-25 02:05:17
Pack X 3 Unid Choclo  Cremamar 350 Gr Marolio Legumbres En,https://articulo.mercadolibre.com.ar/MLA-932286638-pack-x-3-unid-choclo-cremamar-350-gr-marolio-legumbres-en-_JM#position=20&search_layout=stack&type=item&tracking_id=decc5f39-bdef-479f-8ca8-c1e8a6eca9f2,3.257,TIENDA_DINAMICA_FULL,Nuevo,(166 disponibles),Nuevo,No disponible,#932286638,2024-01-25 02:05:17
"Ananá En Trozos X 3,6kg Marolio",https://articulo.mercadolibre.com.ar/MLA-1395943797-anana-en-trozos-x-36kg-marolio-_JM#position=21&search_layout=stack&type=item&tracking_id=decc5f39-bdef-479f-8ca8-c1e8a6eca9f2,21.707,MATIASHERNANL,Nuevo  |  +5 vendidos,(150 disponibles),Nuevo  |  +5 vendidos,No disponible,#1395943797,2024-01-25 02:05:17
Pack X 36 Unid. Arvejas  Trecart 340 Gr Marolio Legumbres E,https://articulo.mercadolibre.com.ar/MLA-1179632152-pack-x-36-unid-arvejas-trecart-340-gr-marolio-legumbres-e-_JM#position=22&search_layout=stack&type=item&tracking_id=decc5f39-bdef-479f-8ca8-c1e8a6eca9f2,33.731,TIENDA_DINAMICA_FULL,Nuevo  |  2 vendidos,(13 disponibles),Nuevo  |  2 vendidos,No disponible,#1179632152,2024-01-25 02:05:17
"Pack X 36 Unid. Amargo  Limon 1,5 Lt Marolio Amargos",https://articulo.mercadolibre.com.ar/MLA-1379103649-pack-x-36-unid-amargo-limon-15-lt-marolio-amargos-_JM#position=23&search_layout=stack&type=item&tracking_id=decc5f39-bdef-479f-8ca8-c1e8a6eca9f2,48.131,TIENDA_DINAMICA_FULL,Nuevo,(2 disponibles),Nuevo,No disponible,#1379103649,2024-01-25 02:05:17
Pack X 12 Unid Fideos  Rigatti 500 Gr Marolio,https://articulo.mercadolibre.com.ar/MLA-932324501-pack-x-12-unid-fideos-rigatti-500-gr-marolio-_JM#position=24&search_layout=stack&type=item&tracking_id=decc5f39-bdef-479f-8ca8-c1e8a6eca9f2,15.075,TIENDA_DINAMICA_FULL,Nuevo,(3 disponibles),Nuevo,No disponible,#932324501,2024-01-25 02:05:17
Pack X 18 Unid. Tomate Triturado  Trecart 500 Gr Marolio To,https://articulo.mercadolibre.com.ar/MLA-1286508052-pack-x-18-unid-tomate-triturado-trecart-500-gr-marolio-to-_JM#position=25&search_layout=stack&type=item&tracking_id=decc5f39-bdef-479f-8ca8-c1e8a6eca9f2,27.974,TIENDA_DINAMICA_FULL,Nuevo  |  2 vendidos,(27 disponibles),Nuevo  |  2 vendidos,No disponible,#1286508052,2024-01-25 02:05:17
Pack X 3 Unid Exttomate  Simple 210 Gr Marolio Extracto De,https://articulo.mercadolibre.com.ar/MLA-932290380-pack-x-3-unid-exttomate-simple-210-gr-marolio-extracto-de-_JM#position=26&search_layout=stack&type=item&tracking_id=decc5f39-bdef-479f-8ca8-c1e8a6eca9f2,3.677,TIENDA_DINAMICA_FULL,Nuevo  |  +5 vendidos,(66 disponibles),Nuevo  |  +5 vendidos,No disponible,#932290380,2024-01-25 02:05:17
Pack X 12 Unid Flan  Dulce De Leche 60 Gr Marolio Flanes,https://articulo.mercadolibre.com.ar/MLA-1247705523-pack-x-12-unid-flan-dulce-de-leche-60-gr-marolio-flanes-_JM#position=27&search_layout=stack&type=item&tracking_id=decc5f39-bdef-479f-8ca8-c1e8a6eca9f2,10.755,TD101,Nuevo  |  1 vendido,(11 disponibles),Nuevo  |  1 vendido,No disponible,#1247705523,2024-01-25 02:05:17
Pack X 3 Unid Galletitas  Pepas 200 Gr Marolio Galletitas D,https://articulo.mercadolibre.com.ar/MLA-932340645-pack-x-3-unid-galletitas-pepas-200-gr-marolio-galletitas-d-_JM#position=28&search_layout=stack&type=item&tracking_id=decc5f39-bdef-479f-8ca8-c1e8a6eca9f2,3.077,TIENDA_DINAMICA_FULL,Nuevo  |  1 vendido,(56 disponibles),Nuevo  |  1 vendido,No disponible,#932340645,2024-01-25 02:05:17
Pack X 3 Unid Fideos  Tirabuzon 500 Gr Marolio,https://articulo.mercadolibre.com.ar/MLA-932322725-pack-x-3-unid-fideos-tirabuzon-500-gr-marolio-_JM#position=29&search_layout=stack&type=item&tracking_id=decc5f39-bdef-479f-8ca8-c1e8a6eca9f2,4.277,TIENDA_DINAMICA_FULL,Nuevo  |  +5 vendidos,(166 disponibles),Nuevo  |  +5 vendidos,No disponible,#932322725,2024-01-25 02:05:17
Choclo  Cremamar 350 Gr Marolio Legumbres En Lata,https://articulo.mercadolibre.com.ar/MLA-926707216-choclo-cremamar-350-gr-marolio-legumbres-en-lata-_JM#position=30&search_layout=stack&type=item&tracking_id=decc5f39-bdef-479f-8ca8-c1e8a6eca9f2,1.537,TIENDA_DINAMICA_FULL,Nuevo  |  1 vendido,(500 disponibles),Nuevo  |  1 vendido,No disponible,#926707216,2024-01-25 02:05:17
Ananá En Trozos X850gr Marolio ,https://articulo.mercadolibre.com.ar/MLA-1566922280-anana-en-trozos-x850gr-marolio-_JM#position=31&search_layout=stack&type=item&tracking_id=decc5f39-bdef-479f-8ca8-c1e8a6eca9f2,5.835,MATIASHERNANL,Nuevo  |  +5 vendidos,(2381 disponibles),Nuevo  |  +5 vendidos,No disponible,#1566922280,2024-01-25 02:05:17
Pack X 18 Unid. Polenta   500 Gr Marolio Harinas De Maiz /,https://articulo.mercadolibre.com.ar/MLA-1413018842-pack-x-18-unid-polenta-500-gr-marolio-harinas-de-maiz--_JM#position=32&search_layout=stack&type=item&tracking_id=decc5f39-bdef-479f-8ca8-c1e8a6eca9f2,13.881,TD101,Nuevo  |  1 vendido,(16 disponibles),Nuevo  |  1 vendido,No disponible,#1413018842,2024-01-25 02:05:17
Pack X 3 Unid Mermelada  Light Cir 390 Gr Marolio Mermelada,https://articulo.mercadolibre.com.ar/MLA-932169466-pack-x-3-unid-mermelada-light-cir-390-gr-marolio-mermelada-_JM#position=33&search_layout=stack&type=item&tracking_id=decc5f39-bdef-479f-8ca8-c1e8a6eca9f2,10.277,TIENDA_DINAMICA_FULL,Nuevo  |  +5 vendidos,(22 disponibles),Nuevo  |  +5 vendidos,No disponible,#932169466,2024-01-25 02:05:17
Pack X 12 Unid Fideos  Candnidtagl 500 Gr Marolio,https://articulo.mercadolibre.com.ar/MLA-933801026-pack-x-12-unid-fideos-candnidtagl-500-gr-marolio-_JM#position=34&search_layout=stack&type=item&tracking_id=decc5f39-bdef-479f-8ca8-c1e8a6eca9f2,28.413,TIENDA_DINAMICA_FULL,Nuevo,(8 disponibles),Nuevo,No disponible,#933801026,2024-01-25 02:05:17
Pack X 12 Unid Vinagre  Blanco Pvc 1 Lt Marolio Vinagres,https://articulo.mercadolibre.com.ar/MLA-1160505061-pack-x-12-unid-vinagre-blanco-pvc-1-lt-marolio-vinagres-_JM#position=35&search_layout=stack&type=item&tracking_id=decc5f39-bdef-479f-8ca8-c1e8a6eca9f2,15.075,TD101,Nuevo  |  1 vendido,(41 disponibles),Nuevo  |  1 vendido,No disponible,#1160505061,2024-01-25 02:05:17
Aceitunas  Verde Dpack 180 Gr Marolio Encurtidos,https://articulo.mercadolibre.com.ar/MLA-926377438-aceitunas-verde-dpack-180-gr-marolio-encurtidos-_JM#position=36&search_layout=stack&type=item&tracking_id=decc5f39-bdef-479f-8ca8-c1e8a6eca9f2,2.516,TIENDA_DINAMICA_FULL,Nuevo,(52 disponibles),Nuevo,No disponible,#926377438,2024-01-25 02:05:17
Pack X 3 Unid Yerba  Limon 500 Gr Marolio Yerbas Pro,https://articulo.mercadolibre.com.ar/MLA-1309039988-pack-x-3-unid-yerba-limon-500-gr-marolio-yerbas-pro-_JM#position=37&search_layout=stack&type=item&tracking_id=decc5f39-bdef-479f-8ca8-c1e8a6eca9f2,7.503,TD101,Nuevo  |  3 vendidos,(37 disponibles),Nuevo  |  3 vendidos,No disponible,#1309039988,2024-01-25 02:05:17
Pack X 3 Unid Fideos  Mostray 500 Gr Marolio,https://articulo.mercadolibre.com.ar/MLA-932319111-pack-x-3-unid-fideos-mostray-500-gr-marolio-_JM#position=38&search_layout=stack&type=item&tracking_id=decc5f39-bdef-479f-8ca8-c1e8a6eca9f2,4.277,TIENDA_DINAMICA_FULL,Nuevo  |  1 vendido,(166 disponibles),Nuevo  |  1 vendido,No disponible,#932319111,2024-01-25 02:05:17
Pack X 36 Unid. Polenta   500 Gr Marolio Harinas De Pro,https://articulo.mercadolibre.com.ar/MLA-1369028987-pack-x-36-unid-polenta-500-gr-marolio-harinas-de-pro-_JM#position=39&search_layout=stack&type=item&tracking_id=decc5f39-bdef-479f-8ca8-c1e8a6eca9f2,38.815,TD101,Nuevo  |  1 vendido,(8 disponibles),Nuevo  |  1 vendido,No disponible,#1369028987,2024-01-25 02:05:17
Pack X 18 Unid Aceitunas  Verde Sachet 100 Gr Marolio Encur,https://articulo.mercadolibre.com.ar/MLA-932329017-pack-x-18-unid-aceitunas-verde-sachet-100-gr-marolio-encur-_JM#position=40&search_layout=stack&type=item&tracking_id=decc5f39-bdef-479f-8ca8-c1e8a6eca9f2,18.674,TIENDA_DINAMICA_FULL,Nuevo,(4 disponibles),Nuevo,No disponible,#932329017,2024-01-25 02:05:17
Pack X 6 Unid. Te  Manzanilla 25 Un Marolio Te Sabor Pro,https://articulo.mercadolibre.com.ar/MLA-1179969780-pack-x-6-unid-te-manzanilla-25-un-marolio-te-sabor-pro-_JM#position=41&search_layout=stack&type=item&tracking_id=decc5f39-bdef-479f-8ca8-c1e8a6eca9f2,8.943,TD101,Nuevo  |  3 vendidos,(3 disponibles),Nuevo  |  3 vendidos,No disponible,#1179969780,2024-01-25 02:05:17
Pack X 10 Unid. Yerba   250 Gr Marolio Yerbas,https://articulo.mercadolibre.com.ar/MLA-932424188-pack-x-10-unid-yerba-250-gr-marolio-yerbas-_JM#position=42&search_layout=stack&type=item&tracking_id=decc5f39-bdef-479f-8ca8-c1e8a6eca9f2,11.476,TIENDA_DINAMICA_FULL,Nuevo  |  2 vendidos,(15 disponibles),Nuevo  |  2 vendidos,No disponible,#932424188,2024-01-25 02:05:17
Pack X 6 Unid. Lenteja   400 Gr Marolio Legumbres Secas,https://articulo.mercadolibre.com.ar/MLA-1126189947-pack-x-6-unid-lenteja-400-gr-marolio-legumbres-secas-_JM#position=43&search_layout=stack&type=item&tracking_id=decc5f39-bdef-479f-8ca8-c1e8a6eca9f2,10.531,TIENDA_DINAMICA_FULL,Nuevo,(83 disponibles),Nuevo,No disponible,#1126189947,2024-01-25 02:05:17
Pack X 3 Unid Fideos  Cinta Hvo 500 Gr Marolio,https://articulo.mercadolibre.com.ar/MLA-932168421-pack-x-3-unid-fideos-cinta-hvo-500-gr-marolio-_JM#position=44&search_layout=stack&type=item&tracking_id=decc5f39-bdef-479f-8ca8-c1e8a6eca9f2,7.277,TIENDA_DINAMICA_FULL,Nuevo  |  2 vendidos,(4 disponibles),Nuevo  |  2 vendidos,No disponible,#932168421,2024-01-25 02:05:17
Pack X 10 Unid Maiz  Pisingallo 400 Gr Marolio Legumbres Se,https://articulo.mercadolibre.com.ar/MLA-1309160723-pack-x-10-unid-maiz-pisingallo-400-gr-marolio-legumbres-se-_JM#position=45&search_layout=stack&type=item&tracking_id=decc5f39-bdef-479f-8ca8-c1e8a6eca9f2,14.469,TD101,Nuevo  |  1 vendido,(40 disponibles),Nuevo  |  1 vendido,No disponible,#1309160723,2024-01-25 02:05:17
Aji  Picante 295 Gr Marolio Aderezos,https://articulo.mercadolibre.com.ar/MLA-926695527-aji-picante-295-gr-marolio-aderezos-_JM#position=46&search_layout=stack&type=item&tracking_id=decc5f39-bdef-479f-8ca8-c1e8a6eca9f2,2.783,TIENDA_DINAMICA_FULL,Nuevo,(38 disponibles),Nuevo,No disponible,#926695527,2024-01-25 02:05:17
Harina   000  1 Kg Marolio Harinas De Trigo,https://articulo.mercadolibre.com.ar/MLA-1148051115-harina-000-1-kg-marolio-harinas-de-trigo-_JM#position=47&search_layout=stack&type=item&tracking_id=decc5f39-bdef-479f-8ca8-c1e8a6eca9f2,1.772,TD101,Nuevo  |  4 vendidos,(500 disponibles),Nuevo  |  4 vendidos,No disponible,#1148051115,2024-01-25 02:05:17
Pack X 18 Unid. Fideos Huevo N3 500 Gr Marolio,https://www.mercadolibre.com.ar/pack-x-18-unid-fideos-huevo-n3-500-gr-marolio/p/MLA29509965?pdp_filters=category:MLA1423#searchVariation=MLA29509965&position=2&search_layout=stack&type=product&tracking_id=decc5f39-bdef-479f-8ca8-c1e8a6eca9f2,48.134,TIENDA_DINAMICA_FULL,Nuevo  |  1 vendido,(11 disponibles),Nuevo  |  1 vendido,No disponible,#1401820653,2024-01-25 02:05:17
Pack X 12 Unid Vinagre  Manzana Pvc 1 Lt Marolio Vinagres,https://articulo.mercadolibre.com.ar/MLA-1281406115-pack-x-12-unid-vinagre-manzana-pvc-1-lt-marolio-vinagres-_JM#position=48&search_layout=stack&type=item&tracking_id=decc5f39-bdef-479f-8ca8-c1e8a6eca9f2,28.413,TD101,Nuevo  |  3 vendidos,(8 disponibles),Nuevo  |  3 vendidos,No disponible,#1281406115,2024-01-25 02:05:17
Pack X 12 Unid. Lenteja   400 Gr Marolio Legumbres Secas,https://articulo.mercadolibre.com.ar/MLA-1126158037-pack-x-12-unid-lenteja-400-gr-marolio-legumbres-secas-_JM#position=49&search_layout=stack&type=item&tracking_id=decc5f39-bdef-479f-8ca8-c1e8a6eca9f2,20.385,TIENDA_DINAMICA_FULL,Nuevo  |  1 vendido,(41 disponibles),Nuevo  |  1 vendido,No disponible,#1126158037,2024-01-25 02:05:17
Pack X 48 Unid. Galletitas  Surtido 360 Gr Marolio Galletit,https://articulo.mercadolibre.com.ar/MLA-1369361205-pack-x-48-unid-galletitas-surtido-360-gr-marolio-galletit-_JM#position=50&search_layout=stack&type=item&tracking_id=decc5f39-bdef-479f-8ca8-c1e8a6eca9f2,78.848,TD101,Nuevo  |  1 vendido,(3 disponibles),Nuevo  |  1 vendido,No disponible,#1369361205,2024-01-25 02:05:17
Pack X 6 Unid. Durazno  Mitad 820 Gr Marolio Frutas Envasad,https://articulo.mercadolibre.com.ar/MLA-1126525526-pack-x-6-unid-durazno-mitad-820-gr-marolio-frutas-envasad-_JM#position=51&search_layout=stack&type=item&tracking_id=decc5f39-bdef-479f-8ca8-c1e8a6eca9f2,15.676,TIENDA_DINAMICA_FULL,Nuevo,(83 disponibles),Nuevo,No disponible,#1126525526,2024-01-25 02:05:17
Puré De Tomate Marolio 6u X 520gr - Mataderos -,https://click1.mercadolibre.com.ar/mclics/clicks/external/MLA/count?a=nuNX25qiDnSTHKXv8PMFAWPS9L1briUbAJoMKXAoqjH1vTYqCQong%2FFnYChDOX66TuEzXScbQ4OUwu1vtIdfODKNYhzsBGTKNNTejsPNreSSmoLB%2FD5MwjwbntM8uFJ7fM%2FOd4k0BNlsG%2FOEpZ%2FswHTRgeL%2BOePoqbY67221Kp9V7JcC78JuZJppvdqSlQAN65If5mv6C6VVhLRh8zkpaHMWW%2B8%2F85PbbNPmrGCZMMLNlCdVk5QCzJ%2BQw%2Be8BKe4XqM5YWof%2Bj9a2G4KXsXPS3UAHuWCwPRppDlblXuIU%2FjXoXDh1OJ7ggikt7ACQCtq2ISMALYZdUt1htcNTqkkPiVpF2WopKdL0KZLHkVdVqimNtcPOhkRuzIiJqV4%2FLSjFrNAI%2BioSi7zRZxvRVpjEoewhMhpPLUs7ZXJxJnV%2BDckvzWxeWVGt68r0vtR98LNvc6Q2J%2FRM9slnYxKHz%2FBSKllfnBlQjL7fJw9TaMRAK1DoB5xGrSqZah3ykzve7xM598srv2qbwD1CQ%2FpDd1anVoY7pwynw31lAoQqPqsiLC7%2BfFaxHspS5jpCkUIZo%2B8iy%2BZxgu339iKZaoRzYFxorVbN8PdzAoL4r4SxgywvDEBdam3QSzfXcnjh0ctRoe%2FpnIad5hltmS2M2peitX8O1gqnCSYa76WERWnsXnEIioGD16%2FCwaH5RyPwJcvte9V%2Bjc%3D&e=mclics%2Fsearch-list-ad-algorithm%2B16026&rb=x,4.395,ROXYRO68,Nuevo  |  +25 vendidos,(10 disponibles),Nuevo  |  +25 vendidos,No disponible,#862309294,2024-01-25 02:06:13
Pack X 36 Unid. Choclo  Cremamar 350 Gr Marolio Legumbres E,https://articulo.mercadolibre.com.ar/MLA-1345282866-pack-x-36-unid-choclo-cremamar-350-gr-marolio-legumbres-e-_JM#position=2&search_layout=stack&type=item&tracking_id=fffd6445-aa8d-4bed-9807-b1d913d9df34,35.890,TIENDA_DINAMICA_FULL,Nuevo,(13 disponibles),Nuevo,No disponible,#1345282866,2024-01-25 02:06:13
Fideos Marolio Tallarines Paquete De 500 Grs Pack 10 Unid,https://articulo.mercadolibre.com.ar/MLA-1555117532-fideos-marolio-tallarines-paquete-de-500-grs-pack-10-unid-_JM#position=3&search_layout=stack&type=item&tracking_id=fffd6445-aa8d-4bed-9807-b1d913d9df34,10.561,Mayorista Masivos,Nuevo,(6 disponibles),Nuevo,No disponible,#1555117532,2024-01-25 02:06:13
Salsa  Fileto Trecart 200 Gr Marolio Salsas,https://articulo.mercadolibre.com.ar/MLA-926746029-salsa-fileto-trecart-200-gr-marolio-salsas-_JM#position=4&search_layout=stack&type=item&tracking_id=fffd6445-aa8d-4bed-9807-b1d913d9df34,1.677,TIENDA_DINAMICA_FULL,Nuevo,(111 disponibles),Nuevo,No disponible,#926746029,2024-01-25 02:06:13
Pack X 48 Unid. Durazno  Mitad 820 Gr Marolio Frutas Envasa,https://articulo.mercadolibre.com.ar/MLA-1401035717-pack-x-48-unid-durazno-mitad-820-gr-marolio-frutas-envasa-_JM#position=5&search_layout=stack&type=item&tracking_id=fffd6445-aa8d-4bed-9807-b1d913d9df34,124.928,TIENDA_DINAMICA_FULL,Nuevo,(10 disponibles),Nuevo,No disponible,#1401035717,2024-01-25 02:06:13
Pack X 24 Unid. Avena  Instantanea 350 Gr Marolio Avenas,https://articulo.mercadolibre.com.ar/MLA-1373043803-pack-x-24-unid-avena-instantanea-350-gr-marolio-avenas-_JM#position=6&search_layout=stack&type=item&tracking_id=fffd6445-aa8d-4bed-9807-b1d913d9df34,62.533,TD101,Nuevo  |  1 vendido,(2 disponibles),Nuevo  |  1 vendido,No disponible,#1373043803,2024-01-25 02:06:13
Fideos  Canuto 500 Gr Marolio,https://articulo.mercadolibre.com.ar/MLA-926684745-fideos-canuto-500-gr-marolio-_JM#position=7&search_layout=stack&type=item&tracking_id=fffd6445-aa8d-4bed-9807-b1d913d9df34,1.877,TIENDA_DINAMICA_FULL,Nuevo,(400 disponibles),Nuevo,No disponible,#926684745,2024-01-25 02:06:13
Pack X 24 Unid. Maiz  Pisingallo 400 Gr Marolio Legumbres S,https://articulo.mercadolibre.com.ar/MLA-1309038559-pack-x-24-unid-maiz-pisingallo-400-gr-marolio-legumbres-s-_JM#position=8&search_layout=stack&type=item&tracking_id=fffd6445-aa8d-4bed-9807-b1d913d9df34,38.309,TIENDA_DINAMICA_FULL,Nuevo  |  1 vendido,(16 disponibles),Nuevo  |  1 vendido,No disponible,#1309038559,2024-01-25 02:06:13
Pack X 18 Unid. Choclo  Cremblanco  350 Gr Marolio Legumbre,https://articulo.mercadolibre.com.ar/MLA-1598281864-pack-x-18-unid-choclo-cremblanco-350-gr-marolio-legumbre-_JM#position=9&search_layout=stack&type=item&tracking_id=fffd6445-aa8d-4bed-9807-b1d913d9df34,16.154,TIENDA_DINAMICA_FULL,Nuevo,(22 disponibles),Nuevo,No disponible,#1598281864,2024-01-25 02:06:13
Puré De Tomate Marolio 6u X 520gr - Mataderos -,https://articulo.mercadolibre.com.ar/MLA-862309294-pure-de-tomate-marolio-6u-x-520gr-mataderos--_JM#position=10&search_layout=stack&type=item&tracking_id=fffd6445-aa8d-4bed-9807-b1d913d9df34,4.395,ROXYRO68,Nuevo  |  +25 vendidos,(10 disponibles),Nuevo  |  +25 vendidos,No disponible,#862309294,2024-01-25 02:06:13
Pack X 3 Unid Vinagre  Blanco Pvc 10 Lt Marolio Institucion,https://articulo.mercadolibre.com.ar/MLA-1111109108-pack-x-3-unid-vinagre-blanco-pvc-10-lt-marolio-institucion-_JM#position=11&search_layout=stack&type=item&tracking_id=fffd6445-aa8d-4bed-9807-b1d913d9df34,16.877,TIENDA_DINAMICA_FULL,Nuevo  |  +25 vendidos,(6 disponibles),Nuevo  |  +25 vendidos,No disponible,#1111109108,2024-01-25 02:06:13
Fideos  Tallarin 500 Gr Marolio,https://articulo.mercadolibre.com.ar/MLA-926684027-fideos-tallarin-500-gr-marolio-_JM#position=12&search_layout=stack&type=item&tracking_id=fffd6445-aa8d-4bed-9807-b1d913d9df34,1.877,TIENDA_DINAMICA_FULL,Nuevo  |  4 vendidos,(500 disponibles),Nuevo  |  4 vendidos,No disponible,#926684027,2024-01-25 02:06:13
Pack X 3 Unid Anana  Rodaja 825 Gr Marolio Frutas Envasadas,https://articulo.mercadolibre.com.ar/MLA-932340918-pack-x-3-unid-anana-rodaja-825-gr-marolio-frutas-envasadas-_JM#position=13&search_layout=stack&type=item&tracking_id=fffd6445-aa8d-4bed-9807-b1d913d9df34,30.137,TIENDA_DINAMICA_FULL,Nuevo  |  +5 vendidos,No disponible,Nuevo  |  +5 vendidos,No disponible,#932340918,2024-01-25 02:06:13
Pack X 24 Unid. Yerba  Dorada 1 Kg Marolio Yerbas,https://articulo.mercadolibre.com.ar/MLA-1210822813-pack-x-24-unid-yerba-dorada-1-kg-marolio-yerbas-_JM#position=14&search_layout=stack&type=item&tracking_id=fffd6445-aa8d-4bed-9807-b1d913d9df34,100.933,TIENDA_DINAMICA_FULL,Nuevo,(3 disponibles),Nuevo,No disponible,#1210822813,2024-01-25 02:06:13
Pack X 6 Unid. Aceitunas  Verde Dpack 180 Gr Marolio Encurt,https://articulo.mercadolibre.com.ar/MLA-1126170594-pack-x-6-unid-aceitunas-verde-dpack-180-gr-marolio-encurt-_JM#position=15&search_layout=stack&type=item&tracking_id=fffd6445-aa8d-4bed-9807-b1d913d9df34,11.711,TIENDA_DINAMICA_FULL,Nuevo,(8 disponibles),Nuevo,No disponible,#1126170594,2024-01-25 02:06:13
Pack X 18 Unid. Semola   400 Gr Marolio Semolas,https://articulo.mercadolibre.com.ar/MLA-1248319417-pack-x-18-unid-semola-400-gr-marolio-semolas-_JM#position=16&search_layout=stack&type=item&tracking_id=fffd6445-aa8d-4bed-9807-b1d913d9df34,21.194,TIENDA_DINAMICA_FULL,Nuevo,(6 disponibles),Nuevo,No disponible,#1248319417,2024-01-25 02:06:13
Pack X 6 Unid. Fideos  Tirabuzon 500 Gr Marolio,https://articulo.mercadolibre.com.ar/MLA-1126531671-pack-x-6-unid-fideos-tirabuzon-500-gr-marolio-_JM#position=17&search_layout=stack&type=item&tracking_id=fffd6445-aa8d-4bed-9807-b1d913d9df34,7.876,TIENDA_DINAMICA_FULL,Nuevo  |  1 vendido,(83 disponibles),Nuevo  |  1 vendido,No disponible,#1126531671,2024-01-25 02:06:13
Pack X 24 Unid. Yerba   2 Kg Marolio Yerbas,https://articulo.mercadolibre.com.ar/MLA-1400063307-pack-x-24-unid-yerba-2-kg-marolio-yerbas-_JM#position=18&search_layout=stack&type=item&tracking_id=fffd6445-aa8d-4bed-9807-b1d913d9df34,192.133,TIENDA_DINAMICA_FULL,Nuevo,No disponible,Nuevo,No disponible,#1400063307,2024-01-25 02:06:13
Pack X 12 Unid. Tomate Triturado   980 Gr Marolio Tomates T,https://articulo.mercadolibre.com.ar/MLA-1126170652-pack-x-12-unid-tomate-triturado-980-gr-marolio-tomates-t-_JM#position=19&search_layout=stack&type=item&tracking_id=fffd6445-aa8d-4bed-9807-b1d913d9df34,36.135,TIENDA_DINAMICA_FULL,Nuevo,(41 disponibles),Nuevo,No disponible,#1126170652,2024-01-25 02:06:13
Pack X 36 Unid. Semola   400 Gr Marolio Semolas,https://articulo.mercadolibre.com.ar/MLA-1249054402-pack-x-36-unid-semola-400-gr-marolio-semolas-_JM#position=20&search_layout=stack&type=item&tracking_id=fffd6445-aa8d-4bed-9807-b1d913d9df34,45.970,TIENDA_DINAMICA_FULL,Nuevo,(3 disponibles),Nuevo,No disponible,#1249054402,2024-01-25 02:06:13
Pack X 12 Unid Fideos  Huevo N2 500 Gr Marolio,https://articulo.mercadolibre.com.ar/MLA-933823366-pack-x-12-unid-fideos-huevo-n2-500-gr-marolio-_JM#position=21&search_layout=stack&type=item&tracking_id=fffd6445-aa8d-4bed-9807-b1d913d9df34,33.735,TIENDA_DINAMICA_FULL,Nuevo  |  1 vendido,(8 disponibles),Nuevo  |  1 vendido,No disponible,#933823366,2024-01-25 02:06:13
Pack X 24 Unid. Aceitunas  Verde Sachet 100 Gr Marolio Encu,https://articulo.mercadolibre.com.ar/MLA-1400988593-pack-x-24-unid-aceitunas-verde-sachet-100-gr-marolio-encu-_JM#position=22&search_layout=stack&type=item&tracking_id=fffd6445-aa8d-4bed-9807-b1d913d9df34,28.933,TIENDA_DINAMICA_FULL,Nuevo,(3 disponibles),Nuevo,No disponible,#1400988593,2024-01-25 02:06:13
Pack X 6 Unid. Arvejas  Trecart 340 Gr Marolio Legumbres En,https://articulo.mercadolibre.com.ar/MLA-1126219549-pack-x-6-unid-arvejas-trecart-340-gr-marolio-legumbres-en-_JM#position=23&search_layout=stack&type=item&tracking_id=fffd6445-aa8d-4bed-9807-b1d913d9df34,5.476,TIENDA_DINAMICA_FULL,Nuevo  |  +5 vendidos,(83 disponibles),Nuevo  |  +5 vendidos,No disponible,#1126219549,2024-01-25 02:06:13
"Pack X 18 Unid. Amargo  Serrano 1,5 Lt Marolio Amargos",https://articulo.mercadolibre.com.ar/MLA-1216917801-pack-x-18-unid-amargo-serrano-15-lt-marolio-amargos-_JM#position=24&search_layout=stack&type=item&tracking_id=fffd6445-aa8d-4bed-9807-b1d913d9df34,22.274,TIENDA_DINAMICA_FULL,Nuevo  |  1 vendido,(22 disponibles),Nuevo  |  1 vendido,No disponible,#1216917801,2024-01-25 02:06:13
Pack X 18 Unid. Durazno  Mitad 820 Gr Marolio Frutas Envasa,https://articulo.mercadolibre.com.ar/MLA-1401011901-pack-x-18-unid-durazno-mitad-820-gr-marolio-frutas-envasa-_JM#position=25&search_layout=stack&type=item&tracking_id=fffd6445-aa8d-4bed-9807-b1d913d9df34,49.934,TIENDA_DINAMICA_FULL,Nuevo,(27 disponibles),Nuevo,No disponible,#1401011901,2024-01-25 02:06:13
Pack X 6 Unid. Fideos  Rigatti 500 Gr Marolio,https://articulo.mercadolibre.com.ar/MLA-1126499824-pack-x-6-unid-fideos-rigatti-500-gr-marolio-_JM#position=26&search_layout=stack&type=item&tracking_id=fffd6445-aa8d-4bed-9807-b1d913d9df34,7.876,TIENDA_DINAMICA_FULL,Nuevo,(7 disponibles),Nuevo,No disponible,#1126499824,2024-01-25 02:06:13
"Pack X 18 Unid. Amargo  Cordiller 1,5 Lt Marolio Amargos",https://articulo.mercadolibre.com.ar/MLA-1385580601-pack-x-18-unid-amargo-cordiller-15-lt-marolio-amargos-_JM#position=27&search_layout=stack&type=item&tracking_id=fffd6445-aa8d-4bed-9807-b1d913d9df34,22.274,TIENDA_DINAMICA_FULL,Nuevo,(11 disponibles),Nuevo,No disponible,#1385580601,2024-01-25 02:06:13
Chimichurri  Clasico 1 Kg Marolio Aderezos,https://articulo.mercadolibre.com.ar/MLA-926695574-chimichurri-clasico-1-kg-marolio-aderezos-_JM#position=28&search_layout=stack&type=item&tracking_id=fffd6445-aa8d-4bed-9807-b1d913d9df34,3.968,TIENDA_DINAMICA_FULL,Nuevo  |  +5 vendidos,(6 disponibles),Nuevo  |  +5 vendidos,No disponible,#926695574,2024-01-25 02:06:13
Pack X 48 Unid. Choclo  Cremblanco  350 Gr Marolio Legumbre,https://articulo.mercadolibre.com.ar/MLA-1401057531-pack-x-48-unid-choclo-cremblanco-350-gr-marolio-legumbre-_JM#position=29&search_layout=stack&type=item&tracking_id=fffd6445-aa8d-4bed-9807-b1d913d9df34,46.208,TIENDA_DINAMICA_FULL,Nuevo,(8 disponibles),Nuevo,No disponible,#1401057531,2024-01-25 02:06:13
Arvejas  Partidas 400 Gr Marolio Legumbres Secas,https://articulo.mercadolibre.com.ar/MLA-926678194-arvejas-partidas-400-gr-marolio-legumbres-secas-_JM#position=30&search_layout=stack&type=item&tracking_id=fffd6445-aa8d-4bed-9807-b1d913d9df34,1.837,TIENDA_DINAMICA_FULL,Nuevo,(122 disponibles),Nuevo,No disponible,#926678194,2024-01-25 02:06:13
Pack X 36 Unid. Fideos  Rigatti 500 Gr Marolio,https://articulo.mercadolibre.com.ar/MLA-1351092921-pack-x-36-unid-fideos-rigatti-500-gr-marolio-_JM#position=31&search_layout=stack&type=item&tracking_id=fffd6445-aa8d-4bed-9807-b1d913d9df34,48.131,TIENDA_DINAMICA_FULL,Nuevo,No disponible,Nuevo,No disponible,#1351092921,2024-01-25 02:06:13
Pack X 36 Unid. Aceitunas  Verde Sachet 100 Gr Marolio Encu,https://articulo.mercadolibre.com.ar/MLA-1401070455-pack-x-36-unid-aceitunas-verde-sachet-100-gr-marolio-encu-_JM#position=32&search_layout=stack&type=item&tracking_id=fffd6445-aa8d-4bed-9807-b1d913d9df34,40.930,TIENDA_DINAMICA_FULL,Nuevo,(2 disponibles),Nuevo,No disponible,#1401070455,2024-01-25 02:06:13
Pack X 6 Unid. Yerba   2 Kg Marolio Yerbas,https://articulo.mercadolibre.com.ar/MLA-1126163224-pack-x-6-unid-yerba-2-kg-marolio-yerbas-_JM#position=33&search_layout=stack&type=item&tracking_id=fffd6445-aa8d-4bed-9807-b1d913d9df34,51.736,TIENDA_DINAMICA_FULL,Nuevo  |  1 vendido,(5 disponibles),Nuevo  |  1 vendido,No disponible,#1126163224,2024-01-25 02:06:13
Pack X 18 Unid. Yerba  Naranja 500 Gr Marolio Yerbas,https://articulo.mercadolibre.com.ar/MLA-1307024899-pack-x-18-unid-yerba-naranja-500-gr-marolio-yerbas-_JM#position=34&search_layout=stack&type=item&tracking_id=fffd6445-aa8d-4bed-9807-b1d913d9df34,39.134,TIENDA_DINAMICA_FULL,Nuevo,(4 disponibles),Nuevo,No disponible,#1307024899,2024-01-25 02:06:13
Anana  Rodaja 825 Gr Marolio Frutas Envasadas,https://articulo.mercadolibre.com.ar/MLA-1415761580-anana-rodaja-825-gr-marolio-frutas-envasadas-_JM#position=35&search_layout=stack&type=item&tracking_id=fffd6445-aa8d-4bed-9807-b1d913d9df34,9.077,TIENDA_DINAMICA_FULL,Nuevo,(3 disponibles),Nuevo,No disponible,#1415761580,2024-01-25 02:06:13
Pack X 12 Unid Fideos  Huevo N3 500 Gr Marolio,https://articulo.mercadolibre.com.ar/MLA-933826975-pack-x-12-unid-fideos-huevo-n3-500-gr-marolio-_JM#position=36&search_layout=stack&type=item&tracking_id=fffd6445-aa8d-4bed-9807-b1d913d9df34,33.735,TIENDA_DINAMICA_FULL,Nuevo,(16 disponibles),Nuevo,No disponible,#933826975,2024-01-25 02:06:13
Pulpa Tomate  Tb 520 Gr Marolio Pure De Tomates,https://articulo.mercadolibre.com.ar/MLA-926640171-pulpa-tomate-tb-520-gr-marolio-pure-de-tomates-_JM#position=37&search_layout=stack&type=item&tracking_id=fffd6445-aa8d-4bed-9807-b1d913d9df34,1.617,TIENDA_DINAMICA_FULL,Nuevo,(400 disponibles),Nuevo,No disponible,#926640171,2024-01-25 02:06:13
Pack X 12 Unid Flan  Chocolate 100 Gr Marolio Flanes,https://articulo.mercadolibre.com.ar/MLA-932436361-pack-x-12-unid-flan-chocolate-100-gr-marolio-flanes-_JM#position=38&search_layout=stack&type=item&tracking_id=fffd6445-aa8d-4bed-9807-b1d913d9df34,14.904,TIENDA_DINAMICA_FULL,Nuevo  |  1 vendido,(5 disponibles),Nuevo  |  1 vendido,No disponible,#932436361,2024-01-25 02:06:13
Pack X 36 Unid. Choclo  Cremblanco  350 Gr Marolio Legumbre,https://articulo.mercadolibre.com.ar/MLA-1617861282-pack-x-36-unid-choclo-cremblanco-350-gr-marolio-legumbre-_JM#position=39&search_layout=stack&type=item&tracking_id=fffd6445-aa8d-4bed-9807-b1d913d9df34,35.890,TIENDA_DINAMICA_FULL,Nuevo,(11 disponibles),Nuevo,No disponible,#1617861282,2024-01-25 02:06:13
Semola   400 Gr Marolio Semolas,https://articulo.mercadolibre.com.ar/MLA-926708788-semola-400-gr-marolio-semolas-_JM#position=40&search_layout=stack&type=item&tracking_id=fffd6445-aa8d-4bed-9807-b1d913d9df34,1.817,TIENDA_DINAMICA_FULL,Nuevo,(121 disponibles),Nuevo,No disponible,#926708788,2024-01-25 02:06:13
Fideos  Tirabuzon 500 Gr Marolio,https://articulo.mercadolibre.com.ar/MLA-926375889-fideos-tirabuzon-500-gr-marolio-_JM#position=41&search_layout=stack&type=item&tracking_id=fffd6445-aa8d-4bed-9807-b1d913d9df34,1.877,TIENDA_DINAMICA_FULL,Nuevo  |  +5 vendidos,(500 disponibles),Nuevo  |  +5 vendidos,No disponible,#926375889,2024-01-25 02:06:13
Pack X 18 Unid. Champignones  Trozos 400 Gr Marolio Legumbr,https://articulo.mercadolibre.com.ar/MLA-1636571198-pack-x-18-unid-champignones-trozos-400-gr-marolio-legumbr-_JM#position=42&search_layout=stack&type=item&tracking_id=fffd6445-aa8d-4bed-9807-b1d913d9df34,73.334,TIENDA_DINAMICA_FULL,Nuevo,(3 disponibles),Nuevo,No disponible,#1636571198,2024-01-25 02:06:13
Pack X 24 Unid. Semola   400 Gr Marolio Semolas,https://articulo.mercadolibre.com.ar/MLA-1248486620-pack-x-24-unid-semola-400-gr-marolio-semolas-_JM#position=43&search_layout=stack&type=item&tracking_id=fffd6445-aa8d-4bed-9807-b1d913d9df34,32.293,TIENDA_DINAMICA_FULL,Nuevo,(5 disponibles),Nuevo,No disponible,#1248486620,2024-01-25 02:06:13
Pack X 12 Unid. Semola   400 Gr Marolio Semolas,https://articulo.mercadolibre.com.ar/MLA-1126330181-pack-x-12-unid-semola-400-gr-marolio-semolas-_JM#position=44&search_layout=stack&type=item&tracking_id=fffd6445-aa8d-4bed-9807-b1d913d9df34,14.355,TIENDA_DINAMICA_FULL,Nuevo,(10 disponibles),Nuevo,No disponible,#1126330181,2024-01-25 02:06:13
Lomatun  Ac 170 Gr Marolio Pescaderia,https://articulo.mercadolibre.com.ar/MLA-926379061-lomatun-ac-170-gr-marolio-pescaderia-_JM#position=45&search_layout=stack&type=item&tracking_id=fffd6445-aa8d-4bed-9807-b1d913d9df34,5.077,TIENDA_DINAMICA_FULL,Nuevo,(500 disponibles),Nuevo,No disponible,#926379061,2024-01-25 02:06:13
Fideos  Huevo N2 500 Gr Marolio,https://articulo.mercadolibre.com.ar/MLA-926708783-fideos-huevo-n2-500-gr-marolio-_JM#position=46&search_layout=stack&type=item&tracking_id=fffd6445-aa8d-4bed-9807-b1d913d9df34,3.077,TIENDA_DINAMICA_FULL,Nuevo,(104 disponibles),Nuevo,No disponible,#926708783,2024-01-25 02:06:13
Pack X 10 Unid Semola   400 Gr Marolio Semolas,https://articulo.mercadolibre.com.ar/MLA-933827630-pack-x-10-unid-semola-400-gr-marolio-semolas-_JM#position=47&search_layout=stack&type=item&tracking_id=fffd6445-aa8d-4bed-9807-b1d913d9df34,12.075,TIENDA_DINAMICA_FULL,Nuevo,(12 disponibles),Nuevo,No disponible,#933827630,2024-01-25 02:06:13
Pack X 18 Unid. Yerba  Limon 500 Gr Marolio Yerbas,https://articulo.mercadolibre.com.ar/MLA-1309309083-pack-x-18-unid-yerba-limon-500-gr-marolio-yerbas-_JM#position=48&search_layout=stack&type=item&tracking_id=fffd6445-aa8d-4bed-9807-b1d913d9df34,39.134,TIENDA_DINAMICA_FULL,Nuevo,(5 disponibles),Nuevo,No disponible,#1309309083,2024-01-25 02:06:13
Pack X 12 Unid Aceitunas  Verde Dpack 180 Gr Marolio Encurt,https://articulo.mercadolibre.com.ar/MLA-932423886-pack-x-12-unid-aceitunas-verde-dpack-180-gr-marolio-encurt-_JM#position=49&search_layout=stack&type=item&tracking_id=fffd6445-aa8d-4bed-9807-b1d913d9df34,22.745,TIENDA_DINAMICA_FULL,Nuevo,(4 disponibles),Nuevo,No disponible,#932423886,2024-01-25 02:06:13
Pack X 12 Unid. Yerba  Hierba Serr 500 Gr Marolio Yerbas,https://articulo.mercadolibre.com.ar/MLA-1126245684-pack-x-12-unid-yerba-hierba-serr-500-gr-marolio-yerbas-_JM#position=50&search_layout=stack&type=item&tracking_id=fffd6445-aa8d-4bed-9807-b1d913d9df34,28.413,TIENDA_DINAMICA_FULL,Nuevo,(4 disponibles),Nuevo,No disponible,#1126245684,2024-01-25 02:06:13
Pack X 6 Unid. Fideos  Huevo N2 500 Gr Marolio,https://articulo.mercadolibre.com.ar/MLA-1135637323-pack-x-6-unid-fideos-huevo-n2-500-gr-marolio-_JM#position=51&search_layout=stack&type=item&tracking_id=fffd6445-aa8d-4bed-9807-b1d913d9df34,15.076,TIENDA_DINAMICA_FULL,Nuevo,(17 disponibles),Nuevo,No disponible,#1135637323,2024-01-25 02:06:13
Puré De Tomate Marolio 6u X 520gr - Mataderos -,https://click1.mercadolibre.com.ar/mclics/clicks/external/MLA/count?a=ODvtUpCweQP%2FpJZWRbmDDK%2BhBeNQomNCAW8y7MUeSYlUIenwSxCeqPrL%2F%2BFTH0SYSSYE4QBuZ9Ye4Hyi1J63ZCYY8HtfmPk1RGBS0kNF38mzIoHzSh8%2BRkmxXGFte8dAXzGBQXR%2FUOslG9g1aIzJXrr3aTXftdO2lQOsuXWo%2Fy76%2BsTRAngBhsG6%2FijjSTahNd72nZCaZKe3l1qv7tBvONzp93eMvwZRO0tnmOq6nRLBkJBmfVsToXeVlM%2FFvwwVqcJ7XFNcie9OnVAARQi2ADZN3d5A%2FIJupMSAsHyhpGqcO%2BA5vzpwkSbYO4VfWGArSoeyEWSKV%2F6XkjiRLfJNjGVVd%2BeeamuWMTVZYs138JO1Xv4gpb57mLTtaUH2NXlJ2vcIrjHb2%2B12VucY7uZAjKXkH4FUfVFDj6THu7OhCqC8Q4iVvPXEiMPa3Ug7p9%2FyWxWogTPJz5WGGkJTetCcWB9a9BnKku43xn389jnPdAF2jKNacxkOY5aIxOIKzQU%2F0s2YNHoNX9qRUK7xa7ofG9yhenfdFFyOhbNnSI%2F5O2vSzpH%2Fb%2FvjnMFv2SePKE5cgGjqlt4iwmUs2PPtBFIYpyrhW5cS6nuhDMXTbYxDmMhgGVjQgEwCKVATrHRmN6Br9rWRcc9UMt4E%2B12XHDRIoiXwBMcJxrtCyIe2WxDhtAuZ8EUdOtFgNkf1wBEiWkqc4A%3D%3D&e=mclics%2Fsearch-list-ad-algorithm%2B16026&rb=x,4.395,ROXYRO68,Nuevo  |  +25 vendidos,(10 disponibles),Nuevo  |  +25 vendidos,No disponible,#862309294,2024-01-25 02:07:09
Pack X 24 Unid Caballa  Natural 380 Gr Marolio Pescaderia,https://articulo.mercadolibre.com.ar/MLA-932315321-pack-x-24-unid-caballa-natural-380-gr-marolio-pescaderia-_JM#position=2&search_layout=stack&type=item&tracking_id=f4991c9f-3a16-4579-a8bf-3fa4e7e3dd2d,120.133,TIENDA_DINAMICA_FULL,Nuevo,(16 disponibles),Nuevo,No disponible,#932315321,2024-01-25 02:07:09
Papas Fritas  Corte Amer. 500 Gr Marolio Snack,https://articulo.mercadolibre.com.ar/MLA-926712658-papas-fritas-corte-amer-500-gr-marolio-snack-_JM#position=3&search_layout=stack&type=item&tracking_id=f4991c9f-3a16-4579-a8bf-3fa4e7e3dd2d,7.877,TIENDA_DINAMICA_FULL,Nuevo  |  2 vendidos,(12 disponibles),Nuevo  |  2 vendidos,No disponible,#926712658,2024-01-25 02:07:09
Pack X 12 Unid Vinagrera  Blanco 500 Cc Marolio Vinagres,https://articulo.mercadolibre.com.ar/MLA-932322891-pack-x-12-unid-vinagrera-blanco-500-cc-marolio-vinagres-_JM#position=4&search_layout=stack&type=item&tracking_id=f4991c9f-3a16-4579-a8bf-3fa4e7e3dd2d,11.475,TIENDA_DINAMICA_FULL,Nuevo  |  2 vendidos,(41 disponibles),Nuevo  |  2 vendidos,No disponible,#932322891,2024-01-25 02:07:09
Pack X 36 Unid. Fideos  Mostray 500 Gr Marolio,https://articulo.mercadolibre.com.ar/MLA-1611570716-pack-x-36-unid-fideos-mostray-500-gr-marolio-_JM#position=5&search_layout=stack&type=item&tracking_id=f4991c9f-3a16-4579-a8bf-3fa4e7e3dd2d,48.131,TIENDA_DINAMICA_FULL,Nuevo,(13 disponibles),Nuevo,No disponible,#1611570716,2024-01-25 02:07:09
Pack X 3 Unid Caballa  Natural 380 Gr Marolio Pescaderia,https://articulo.mercadolibre.com.ar/MLA-932315541-pack-x-3-unid-caballa-natural-380-gr-marolio-pescaderia-_JM#position=6&search_layout=stack&type=item&tracking_id=f4991c9f-3a16-4579-a8bf-3fa4e7e3dd2d,15.077,TIENDA_DINAMICA_FULL,Nuevo,(133 disponibles),Nuevo,No disponible,#932315541,2024-01-25 02:07:09
Galletitas Marolio Sandwich 505 Gr. Pack 5 Unid. ,https://articulo.mercadolibre.com.ar/MLA-1620360194-galletitas-marolio-sandwich-505-gr-pack-5-unid-_JM#position=7&search_layout=stack&type=item&tracking_id=f4991c9f-3a16-4579-a8bf-3fa4e7e3dd2d,13.583,Mayorista Masivos,Nuevo,(10 disponibles),Nuevo,No disponible,#1620360194,2024-01-25 02:07:09
Pack X 6 Unid. Harina   0000  1 Kg Marolio Harinas De Trigo,https://articulo.mercadolibre.com.ar/MLA-1126189963-pack-x-6-unid-harina-0000-1-kg-marolio-harinas-de-trigo-_JM#position=8&search_layout=stack&type=item&tracking_id=f4991c9f-3a16-4579-a8bf-3fa4e7e3dd2d,8.955,TIENDA_DINAMICA_FULL,Nuevo,(66 disponibles),Nuevo,No disponible,#1126189963,2024-01-25 02:07:09
Pack X 6 Unid. Aceitunas  Verde Sachet 100 Gr Marolio Encur,https://articulo.mercadolibre.com.ar/MLA-1126476898-pack-x-6-unid-aceitunas-verde-sachet-100-gr-marolio-encur-_JM#position=9&search_layout=stack&type=item&tracking_id=f4991c9f-3a16-4579-a8bf-3fa4e7e3dd2d,6.676,TIENDA_DINAMICA_FULL,Nuevo,(14 disponibles),Nuevo,No disponible,#1126476898,2024-01-25 02:07:09
Fideos  Dedales 500 Gr Marolio,https://articulo.mercadolibre.com.ar/MLA-926683814-fideos-dedales-500-gr-marolio-_JM#position=10&search_layout=stack&type=item&tracking_id=f4991c9f-3a16-4579-a8bf-3fa4e7e3dd2d,1.877,TIENDA_DINAMICA_FULL,Nuevo,(400 disponibles),Nuevo,No disponible,#926683814,2024-01-25 02:07:09
Pack X 48 Unid. Avena  Instantanea 350 Gr Marolio Av Pro,https://articulo.mercadolibre.com.ar/MLA-1431913582-pack-x-48-unid-avena-instantanea-350-gr-marolio-av-pro-_JM#position=11&search_layout=stack&type=item&tracking_id=f4991c9f-3a16-4579-a8bf-3fa4e7e3dd2d,156.198,TD101,Nuevo,No disponible,Nuevo,No disponible,#1431913582,2024-01-25 02:07:09
Pack X 12 Unid. Lomatun  Ac 170 Gr Marolio Pescaderia,https://articulo.mercadolibre.com.ar/MLA-1126493058-pack-x-12-unid-lomatun-ac-170-gr-marolio-pescaderia-_JM#position=12&search_layout=stack&type=item&tracking_id=f4991c9f-3a16-4579-a8bf-3fa4e7e3dd2d,57.735,TIENDA_DINAMICA_FULL,Nuevo  |  1 vendido,(41 disponibles),Nuevo  |  1 vendido,No disponible,#1126493058,2024-01-25 02:07:09
Pure  Tb 520 Gr Marolio Pure De Tomates,https://articulo.mercadolibre.com.ar/MLA-926700621-pure-tb-520-gr-marolio-pure-de-tomates-_JM#position=13&search_layout=stack&type=item&tracking_id=f4991c9f-3a16-4579-a8bf-3fa4e7e3dd2d,1.677,TIENDA_DINAMICA_FULL,Nuevo  |  3 vendidos,(500 disponibles),Nuevo  |  3 vendidos,No disponible,#926700621,2024-01-25 02:07:09
Exttomate  Simple 210 Gr Marolio Extracto De Tomate,https://articulo.mercadolibre.com.ar/MLA-926704731-exttomate-simple-210-gr-marolio-extracto-de-tomate-_JM#position=14&search_layout=stack&type=item&tracking_id=f4991c9f-3a16-4579-a8bf-3fa4e7e3dd2d,1.677,TIENDA_DINAMICA_FULL,Nuevo  |  +5 vendidos,(200 disponibles),Nuevo  |  +5 vendidos,No disponible,#926704731,2024-01-25 02:07:09
Fideos  Huevo N3 500 Gr Marolio,https://articulo.mercadolibre.com.ar/MLA-926708775-fideos-huevo-n3-500-gr-marolio-_JM#position=15&search_layout=stack&type=item&tracking_id=f4991c9f-3a16-4579-a8bf-3fa4e7e3dd2d,3.077,TIENDA_DINAMICA_FULL,Nuevo,(200 disponibles),Nuevo,No disponible,#926708775,2024-01-25 02:07:09
Pack X 18 Unid. Aceitunas  Verde Dpack 180 Gr Marolio Encur,https://articulo.mercadolibre.com.ar/MLA-1301652059-pack-x-18-unid-aceitunas-verde-dpack-180-gr-marolio-encur-_JM#position=16&search_layout=stack&type=item&tracking_id=f4991c9f-3a16-4579-a8bf-3fa4e7e3dd2d,38.039,TIENDA_DINAMICA_FULL,Nuevo,(2 disponibles),Nuevo,No disponible,#1301652059,2024-01-25 02:07:09
Pack X 10 Unid Yerba  Hierba Serr 500 Gr Marolio Yerbas,https://articulo.mercadolibre.com.ar/MLA-933815528-pack-x-10-unid-yerba-hierba-serr-500-gr-marolio-yerbas-_JM#position=17&search_layout=stack&type=item&tracking_id=f4991c9f-3a16-4579-a8bf-3fa4e7e3dd2d,19.675,TIENDA_DINAMICA_FULL,Nuevo,(5 disponibles),Nuevo,No disponible,#933815528,2024-01-25 02:07:09
"Pack X 6 Unid Amargo  Cordiller 1,5 Lt Marolio Amargos",https://articulo.mercadolibre.com.ar/MLA-932340332-pack-x-6-unid-amargo-cordiller-15-lt-marolio-amargos-_JM#position=18&search_layout=stack&type=item&tracking_id=f4991c9f-3a16-4579-a8bf-3fa4e7e3dd2d,7.876,TIENDA_DINAMICA_FULL,Nuevo,(33 disponibles),Nuevo,No disponible,#932340332,2024-01-25 02:07:09
Pack X 24 Unid. Aceitunas  Verde Dpack 180 Gr Marolio Encur,https://articulo.mercadolibre.com.ar/MLA-1301697570-pack-x-24-unid-aceitunas-verde-dpack-180-gr-marolio-encur-_JM#position=19&search_layout=stack&type=item&tracking_id=f4991c9f-3a16-4579-a8bf-3fa4e7e3dd2d,49.072,TIENDA_DINAMICA_FULL,Nuevo,(2 disponibles),Nuevo,No disponible,#1301697570,2024-01-25 02:07:09
Pack X 3 Unid Fideos  Huevo N3 500 Gr Marolio,https://articulo.mercadolibre.com.ar/MLA-932282328-pack-x-3-unid-fideos-huevo-n3-500-gr-marolio-_JM#position=20&search_layout=stack&type=item&tracking_id=f4991c9f-3a16-4579-a8bf-3fa4e7e3dd2d,7.877,TIENDA_DINAMICA_FULL,Nuevo,(66 disponibles),Nuevo,No disponible,#932282328,2024-01-25 02:07:09
Pack X 3 Unid Salsa  Pizza Trecart 200 Gr Marolio Sa Pro,https://articulo.mercadolibre.com.ar/MLA-1309174246-pack-x-3-unid-salsa-pizza-trecart-200-gr-marolio-sa-pro-_JM#position=21&search_layout=stack&type=item&tracking_id=f4991c9f-3a16-4579-a8bf-3fa4e7e3dd2d,4.539,TD101,Nuevo,(33 disponibles),Nuevo,No disponible,#1309174246,2024-01-25 02:07:09
Pack X 48 Unid. Aceitunas  Verde Sachet 100 Gr Marolio Encu,https://articulo.mercadolibre.com.ar/MLA-1617861516-pack-x-48-unid-aceitunas-verde-sachet-100-gr-marolio-encu-_JM#position=22&search_layout=stack&type=item&tracking_id=f4991c9f-3a16-4579-a8bf-3fa4e7e3dd2d,52.928,TIENDA_DINAMICA_FULL,Nuevo,No disponible,Nuevo,No disponible,#1617861516,2024-01-25 02:07:09
"Pack X 24 Unid. Amargo  Serrlight 1,5 Lt Marolio Amargos",https://articulo.mercadolibre.com.ar/MLA-1488819674-pack-x-24-unid-amargo-serrlight-15-lt-marolio-amargos-_JM#position=23&search_layout=stack&type=item&tracking_id=f4991c9f-3a16-4579-a8bf-3fa4e7e3dd2d,33.733,TIENDA_DINAMICA_FULL,Nuevo,No disponible,Nuevo,No disponible,#1488819674,2024-01-25 02:07:09
"Pack X 24 Unid. Amargo  Limon 1,5 Lt Marolio Amargos",https://articulo.mercadolibre.com.ar/MLA-1385571647-pack-x-24-unid-amargo-limon-15-lt-marolio-amargos-_JM#position=24&search_layout=stack&type=item&tracking_id=f4991c9f-3a16-4579-a8bf-3fa4e7e3dd2d,33.733,TIENDA_DINAMICA_FULL,Nuevo,(4 disponibles),Nuevo,No disponible,#1385571647,2024-01-25 02:07:09
Pack X 3 Unid Fideos  Huevo N2 500 Gr Marolio,https://articulo.mercadolibre.com.ar/MLA-932284483-pack-x-3-unid-fideos-huevo-n2-500-gr-marolio-_JM#position=25&search_layout=stack&type=item&tracking_id=f4991c9f-3a16-4579-a8bf-3fa4e7e3dd2d,7.877,TIENDA_DINAMICA_FULL,Nuevo,(34 disponibles),Nuevo,No disponible,#932284483,2024-01-25 02:07:09
Pack X 24 Unid Choclo  Graamar 300 Gr Marolio Legumbres En,https://articulo.mercadolibre.com.ar/MLA-932525783-pack-x-24-unid-choclo-graamar-300-gr-marolio-legumbres-en-_JM#position=26&search_layout=stack&type=item&tracking_id=f4991c9f-3a16-4579-a8bf-3fa4e7e3dd2d,62.533,TIENDA_DINAMICA_FULL,Nuevo  |  +5 vendidos,(20 disponibles),Nuevo  |  +5 vendidos,No disponible,#932525783,2024-01-25 02:07:09
"Pack X 18 Unid. Amargo  Serrlight 1,5 Lt Marolio Amargos",https://articulo.mercadolibre.com.ar/MLA-1488717814-pack-x-18-unid-amargo-serrlight-15-lt-marolio-amargos-_JM#position=27&search_layout=stack&type=item&tracking_id=f4991c9f-3a16-4579-a8bf-3fa4e7e3dd2d,22.274,TIENDA_DINAMICA_FULL,Nuevo,No disponible,Nuevo,No disponible,#1488717814,2024-01-25 02:07:09
"Pack X 6 Unid Amargo  Citrus 1,5 Lt Marolio Amargos",https://articulo.mercadolibre.com.ar/MLA-932334438-pack-x-6-unid-amargo-citrus-15-lt-marolio-amargos-_JM#position=28&search_layout=stack&type=item&tracking_id=f4991c9f-3a16-4579-a8bf-3fa4e7e3dd2d,7.876,TIENDA_DINAMICA_FULL,Nuevo,(8 disponibles),Nuevo,No disponible,#932334438,2024-01-25 02:07:09
Pack X 48 Unid. Choclo  Graamar 300 Gr Marolio Legumbres En,https://articulo.mercadolibre.com.ar/MLA-1494406340-pack-x-48-unid-choclo-graamar-300-gr-marolio-legumbres-en-_JM#position=29&search_layout=stack&type=item&tracking_id=f4991c9f-3a16-4579-a8bf-3fa4e7e3dd2d,120.128,TIENDA_DINAMICA_FULL,Nuevo,(10 disponibles),Nuevo,No disponible,#1494406340,2024-01-25 02:07:09
Pack X 6 Unid. Fideos  Rigatti 5 Kg Marolio Institucionales,https://articulo.mercadolibre.com.ar/MLA-1126202729-pack-x-6-unid-fideos-rigatti-5-kg-marolio-institucionales-_JM#position=30&search_layout=stack&type=item&tracking_id=f4991c9f-3a16-4579-a8bf-3fa4e7e3dd2d,73.336,TIENDA_DINAMICA_FULL,Nuevo,No disponible,Nuevo,No disponible,#1126202729,2024-01-25 02:07:09
Pack X 3 Unid Yerba  Menta 500 Gr Marolio Yerbas,https://articulo.mercadolibre.com.ar/MLA-932310088-pack-x-3-unid-yerba-menta-500-gr-marolio-yerbas-_JM#position=31&search_layout=stack&type=item&tracking_id=f4991c9f-3a16-4579-a8bf-3fa4e7e3dd2d,6.377,TIENDA_DINAMICA_FULL,Nuevo,(31 disponibles),Nuevo,No disponible,#932310088,2024-01-25 02:07:09
Pack X 36 Unid. Choclo  Graamar 300 Gr Marolio Legumbres En,https://articulo.mercadolibre.com.ar/MLA-1494394386-pack-x-36-unid-choclo-graamar-300-gr-marolio-legumbres-en-_JM#position=32&search_layout=stack&type=item&tracking_id=f4991c9f-3a16-4579-a8bf-3fa4e7e3dd2d,91.330,TIENDA_DINAMICA_FULL,Nuevo,(13 disponibles),Nuevo,No disponible,#1494394386,2024-01-25 02:07:09
"Pack X 18 Unid. Amargo  Limon 1,5 Lt Marolio Amargos",https://articulo.mercadolibre.com.ar/MLA-1385593227-pack-x-18-unid-amargo-limon-15-lt-marolio-amargos-_JM#position=33&search_layout=stack&type=item&tracking_id=f4991c9f-3a16-4579-a8bf-3fa4e7e3dd2d,22.274,TIENDA_DINAMICA_FULL,Nuevo,(5 disponibles),Nuevo,No disponible,#1385593227,2024-01-25 02:07:09
Pack X 6 Unid. Papas Fritas  Corte Amer 500 Gr Marolio Snac,https://articulo.mercadolibre.com.ar/MLA-1365579687-pack-x-6-unid-papas-fritas-corte-amer-500-gr-marolio-snac-_JM#position=34&search_layout=stack&type=item&tracking_id=f4991c9f-3a16-4579-a8bf-3fa4e7e3dd2d,48.136,TD101,Nuevo,(3 disponibles),Nuevo,No disponible,#1365579687,2024-01-25 02:07:09
Pack X 6 Unid. Fideos  Codo 5 Kg Marolio Institucionales,https://articulo.mercadolibre.com.ar/MLA-1126243817-pack-x-6-unid-fideos-codo-5-kg-marolio-institucionales-_JM#position=35&search_layout=stack&type=item&tracking_id=f4991c9f-3a16-4579-a8bf-3fa4e7e3dd2d,73.336,TIENDA_DINAMICA_FULL,Nuevo,No disponible,Nuevo,No disponible,#1126243817,2024-01-25 02:07:09
Pack X 24 Unid. Lenteja   400 Gr Marolio Legumbres Secas,https://articulo.mercadolibre.com.ar/MLA-1309167101-pack-x-24-unid-lenteja-400-gr-marolio-legumbres-secas-_JM#position=36&search_layout=stack&type=item&tracking_id=f4991c9f-3a16-4579-a8bf-3fa4e7e3dd2d,44.353,TIENDA_DINAMICA_FULL,Nuevo,(20 disponibles),Nuevo,No disponible,#1309167101,2024-01-25 02:07:09
"Pack X 36 Unid. Amargo  Cordiller 1,5 Lt Marolio Amargos",https://articulo.mercadolibre.com.ar/MLA-1488717886-pack-x-36-unid-amargo-cordiller-15-lt-marolio-amargos-_JM#position=37&search_layout=stack&type=item&tracking_id=f4991c9f-3a16-4579-a8bf-3fa4e7e3dd2d,48.131,TIENDA_DINAMICA_FULL,Nuevo,(5 disponibles),Nuevo,No disponible,#1488717886,2024-01-25 02:07:09
Coctel Frutas   820 Gr Marolio Frutas Envasadas Pro,https://articulo.mercadolibre.com.ar/MLA-1157326356-coctel-frutas-820-gr-marolio-frutas-envasadas-pro-_JM#position=38&search_layout=stack&type=item&tracking_id=f4991c9f-3a16-4579-a8bf-3fa4e7e3dd2d,6.619,TD101,Nuevo,(400 disponibles),Nuevo,No disponible,#1157326356,2024-01-25 02:07:09
"Pack X 18 Unid. Amargo  Limon Light 1,5 Lt Marolio Amargos",https://articulo.mercadolibre.com.ar/MLA-1269298147-pack-x-18-unid-amargo-limon-light-15-lt-marolio-amargos-_JM#position=39&search_layout=stack&type=item&tracking_id=f4991c9f-3a16-4579-a8bf-3fa4e7e3dd2d,22.274,TIENDA_DINAMICA_FULL,Nuevo,(16 disponibles),Nuevo,No disponible,#1269298147,2024-01-25 02:07:09
Pack X 24 Unid. Fideos  Huevo N2 500 Gr Marolio,https://articulo.mercadolibre.com.ar/MLA-1289556422-pack-x-24-unid-fideos-huevo-n2-500-gr-marolio-_JM#position=40&search_layout=stack&type=item&tracking_id=f4991c9f-3a16-4579-a8bf-3fa4e7e3dd2d,62.533,TIENDA_DINAMICA_FULL,Nuevo,(4 disponibles),Nuevo,No disponible,#1289556422,2024-01-25 02:07:09
"Pack X 36 Unid. Amargo  Limon Light 1,5 Lt Marolio Amargos",https://articulo.mercadolibre.com.ar/MLA-1269272313-pack-x-36-unid-amargo-limon-light-15-lt-marolio-amargos-_JM#position=41&search_layout=stack&type=item&tracking_id=f4991c9f-3a16-4579-a8bf-3fa4e7e3dd2d,48.131,TIENDA_DINAMICA_FULL,Nuevo,(8 disponibles),Nuevo,No disponible,#1269272313,2024-01-25 02:07:09
Pure  T.b 200 Gr Marolio Pure De Tomates,https://articulo.mercadolibre.com.ar/MLA-926746115-pure-tb-200-gr-marolio-pure-de-tomates-_JM#position=42&search_layout=stack&type=item&tracking_id=f4991c9f-3a16-4579-a8bf-3fa4e7e3dd2d,1.437,TIENDA_DINAMICA_FULL,Nuevo  |  3 vendidos,(200 disponibles),Nuevo  |  3 vendidos,No disponible,#926746115,2024-01-25 02:07:09
"Pack X 24 Unid. Amargo  Limon Light 1,5 Lt Marolio Amargos",https://articulo.mercadolibre.com.ar/MLA-1270095383-pack-x-24-unid-amargo-limon-light-15-lt-marolio-amargos-_JM#position=43&search_layout=stack&type=item&tracking_id=f4991c9f-3a16-4579-a8bf-3fa4e7e3dd2d,33.733,TIENDA_DINAMICA_FULL,Nuevo,(12 disponibles),Nuevo,No disponible,#1270095383,2024-01-25 02:07:09
Fideos  Most.ray. 500 Gr Marolio,https://articulo.mercadolibre.com.ar/MLA-926377976-fideos-mostray-500-gr-marolio-_JM#position=44&search_layout=stack&type=item&tracking_id=f4991c9f-3a16-4579-a8bf-3fa4e7e3dd2d,1.877,TIENDA_DINAMICA_FULL,Nuevo  |  +5 vendidos,(500 disponibles),Nuevo  |  +5 vendidos,No disponible,#926377976,2024-01-25 02:07:09
"Pack X 36 Unid. Amargo  Serrano 1,5 Lt Marolio Amargos",https://articulo.mercadolibre.com.ar/MLA-1217043498-pack-x-36-unid-amargo-serrano-15-lt-marolio-amargos-_JM#position=45&search_layout=stack&type=item&tracking_id=f4991c9f-3a16-4579-a8bf-3fa4e7e3dd2d,48.131,TIENDA_DINAMICA_FULL,Nuevo,(11 disponibles),Nuevo,No disponible,#1217043498,2024-01-25 02:07:09
Pack X 3 Unid Caballa  Aceite 380 Gr Marolio Pescaderia,https://articulo.mercadolibre.com.ar/MLA-932310414-pack-x-3-unid-caballa-aceite-380-gr-marolio-pescaderia-_JM#position=46&search_layout=stack&type=item&tracking_id=f4991c9f-3a16-4579-a8bf-3fa4e7e3dd2d,15.077,TIENDA_DINAMICA_FULL,Nuevo,(133 disponibles),Nuevo,No disponible,#932310414,2024-01-25 02:07:09
Pack X 6 Unid. Semola   400 Gr Marolio Semolas,https://articulo.mercadolibre.com.ar/MLA-1126299772-pack-x-6-unid-semola-400-gr-marolio-semolas-_JM#position=47&search_layout=stack&type=item&tracking_id=f4991c9f-3a16-4579-a8bf-3fa4e7e3dd2d,7.516,TIENDA_DINAMICA_FULL,Nuevo  |  +5 vendidos,(20 disponibles),Nuevo  |  +5 vendidos,No disponible,#1126299772,2024-01-25 02:07:09
"Pack X 24 Unid. Amargo  Cordiller 1,5 Lt Marolio Amargos",https://articulo.mercadolibre.com.ar/MLA-1488743436-pack-x-24-unid-amargo-cordiller-15-lt-marolio-amargos-_JM#position=48&search_layout=stack&type=item&tracking_id=f4991c9f-3a16-4579-a8bf-3fa4e7e3dd2d,33.733,TIENDA_DINAMICA_FULL,Nuevo,(8 disponibles),Nuevo,No disponible,#1488743436,2024-01-25 02:07:09
Pack X 6 Unid. Caballa  Natural 380 Gr Marolio Pescaderia,https://articulo.mercadolibre.com.ar/MLA-1126485364-pack-x-6-unid-caballa-natural-380-gr-marolio-pescaderia-_JM#position=49&search_layout=stack&type=item&tracking_id=f4991c9f-3a16-4579-a8bf-3fa4e7e3dd2d,33.736,TIENDA_DINAMICA_FULL,Nuevo,(66 disponibles),Nuevo,No disponible,#1126485364,2024-01-25 02:07:09
Pack X 36 Unid. Fideos  Huevo N3 500 Gr Marolio,https://articulo.mercadolibre.com.ar/MLA-1379067131-pack-x-36-unid-fideos-huevo-n3-500-gr-marolio-_JM#position=50&search_layout=stack&type=item&tracking_id=f4991c9f-3a16-4579-a8bf-3fa4e7e3dd2d,91.330,TIENDA_DINAMICA_FULL,Nuevo,(5 disponibles),Nuevo,No disponible,#1379067131,2024-01-25 02:07:09
Pack X 3 Unid Yerba  Naranja 500 Gr Marolio Yerbas,https://articulo.mercadolibre.com.ar/MLA-932168685-pack-x-3-unid-yerba-naranja-500-gr-marolio-yerbas-_JM#position=51&search_layout=stack&type=item&tracking_id=f4991c9f-3a16-4579-a8bf-3fa4e7e3dd2d,6.377,TIENDA_DINAMICA_FULL,Nuevo,(26 disponibles),Nuevo,No disponible,#932168685,2024-01-25 02:07:09
