Cubierta,Enlace,Precios,Vendedor,Detalles,Cantidad
Super Combo Semillas! Huerta Primavera - Verano!,https://www.mercadolibre.com.ar/super-combo-semillas-huerta-primavera-verano/p/MLA24738314?pdp_filters=category:MLA11045#searchVariation=MLA24738314&position=5&search_layout=grid&type=product&tracking_id=e77a9c66-9af4-44a2-ba56-0d8235800208,4.890,LA-HUERTA-ORGANICA SEMILLAS,Nuevo  |  +10mil vendidos,(127 disponibles)
Semillas De Lechuga Criolla De Verano Sogre De 3gr,https://www.mercadolibre.com.ar/semillas-de-lechuga-criolla-de-verano-sogre-de-3gr/p/MLA24835038?pdp_filters=category:MLA11045#searchVariation=MLA24835038&position=2&search_layout=grid&type=product&tracking_id=e77a9c66-9af4-44a2-ba56-0d8235800208,1.298,SALAMANCAGROW,Nuevo  |  +1000 vendidos,(16 disponibles)
Semillas De Perejil Hortalizas La Germinadora Salamanca ,https://www.mercadolibre.com.ar/semillas-de-perejil-hortalizas-la-germinadora-salamanca/p/MLA23366061?pdp_filters=category:MLA11045#searchVariation=MLA23366061&position=3&search_layout=grid&type=product&tracking_id=e77a9c66-9af4-44a2-ba56-0d8235800208,1.700,UPGROWSHOP,Nuevo  |  +1000 vendidos,(33 disponibles)
Combo Semillas De Lechuga! 10 Variedades Comunes Y Raras,https://articulo.mercadolibre.com.ar/MLA-880238962-combo-semillas-de-lechuga-10-variedades-comunes-y-raras-_JM#position=8&search_layout=grid&type=item&tracking_id=e77a9c66-9af4-44a2-ba56-0d8235800208,3.990,LA-HUERTA-ORGANICA,Nuevo  |  +1000 vendidos,(15 disponibles)
Semillas Lechuga Mantecosa Huerta Verdura Hortaliza Natural,https://articulo.mercadolibre.com.ar/MLA-874447730-semillas-lechuga-mantecosa-huerta-verdura-hortaliza-natural-_JM#position=9&search_layout=grid&type=item&tracking_id=e77a9c66-9af4-44a2-ba56-0d8235800208,1.263,BONSAN PLANTAS,Nuevo  |  +100 vendidos,(42 disponibles)
Kit Semillas De Lechuga Para Todo El Año * 12 Variedades *,https://articulo.mercadolibre.com.ar/MLA-1122897692-kit-semillas-de-lechuga-para-todo-el-ano-12-variedades--_JM#position=13&search_layout=grid&type=item&tracking_id=e77a9c66-9af4-44a2-ba56-0d8235800208,4.004,SEMILLAS WALLY,Nuevo  |  +100 vendidos,(62 disponibles)
Semilla Lechuga Mantecosa - Origen Italia - As - Aqualive,https://www.mercadolibre.com.ar/semilla-lechuga-mantecosa-origen-italia-as-aqualive/p/MLA23417862?pdp_filters=category:MLA11045#searchVariation=MLA23417862&position=4&search_layout=grid&type=product&tracking_id=e77a9c66-9af4-44a2-ba56-0d8235800208,1.362,AQUA_LIVE,Nuevo  |  +1000 vendidos,(13 disponibles)
5000 Semillas Lechuga Crespa Tbr Linea Profesional,https://articulo.mercadolibre.com.ar/MLA-1126544937-5000-semillas-lechuga-crespa-tbr-linea-profesional-_JM#position=14&search_layout=grid&type=item&tracking_id=e77a9c66-9af4-44a2-ba56-0d8235800208,3.199,INDRA SEMILLAS,Nuevo  |  +5 vendidos,(77 disponibles)
Semilla Sakata Peletizada  Lechuga Jade X 7500 U,https://articulo.mercadolibre.com.ar/MLA-1118052336-semilla-sakata-peletizada-lechuga-jade-x-7500-u-_JM#position=15&search_layout=grid&type=item&tracking_id=e77a9c66-9af4-44a2-ba56-0d8235800208,46.035,VERDEAGUA.COM.AR,Nuevo  |  +50 vendidos,(33 disponibles)
Sobre Semillas Huerta Hortalizas Hidroponia Variedades,https://click1.mercadolibre.com.ar/mclics/clicks/external/MLA/count?a=J5hUiWPoli6AjzPc5%2FUBTUDteCPwA%2BtpcHkEZVYmkNIo8%2FhRarW7rKaP%2FpsfYdkEY6tQ09EeEnYhCwehmg2i5WCNSRdb%2F79ojGoD7tV3dsKZZuyagJIFOlb1Jp4zQcWBmvAkM61of5kKH%2BRcjP0fw60t%2B06HrTv%2BbZS4eqhhPLZTZGqKuTzO6b2dvZNykpGytiILQwSQ6hKDTmkPbPZbb3P6Z0G0InRQAeKA1C402w6250Q%2F0sll0%2FZnUH0%2BNIAIYOZSNR91L1kX2Aup3pzR9dEhOzLFI%2FL5ZzC4ko6b%2FiuyiTcyYfxYFm%2B0fmlY8XPfOlLvaEucghQKr3Ul2gGJIGNQClLlFDRftSRw1SKfyRnNK5ZY06eiHSNwZKUWYDGwNi3wR%2FWDTIqUv%2FbMc6%2B5O5yREn0i%2BL8Skwjzisi3%2B3CZZHzfCt0Nj9t2M7%2FMgU5niMAbgP8DZHI1s3%2FvtwyLxBpHtXEBQw7gnzc88%2FjLt%2F2MPLiJ1meaRESkuMWKLvD83b8NRqfxDJoEJyR%2Bzo8jSQ5h0XxyA9AwoCTtdO9Q2ktXCqPgQsYYvbRkG0kDKn2oF0gAM9smkW4iZpF3%2F0yTv4IedhUg%2F4DowvikCWNfxph7mp2xS4p%2BjIleIyLP%2BKX59cZ%2Fovizq9C8h9TBqxvjhYGP40GGQi3prOGQYqbt69ZtUTz65iF9XoecEoXcm5Biyp1FCOCAnR9qHWg%2Fkpfhez6X7m%2Fo&e=mclics%2Fpseudo-search-pads-buybox%2B7708%2Cmclics%2Fbuybox-layout%2B25349%2Cmclics%2Fdifferential-cvr-factor%2B29495%2Cmclics%2Fsearch-list-ad-algorithm%2B16026&rb=x,1.356,VERDEAGUA.COM.AR,Nuevo  |  +500 vendidos,(1278 disponibles)
Combo Semillas De Lechuga! 10 Variedades Comunes Y Raras,https://click1.mercadolibre.com.ar/mclics/clicks/external/MLA/count?a=g%2FnANtnIBNgxQxZVJ2oj8l%2FJbFRW599fc2takS4JC%2FLZo7A5posD1b0upBnUUUUlVAB5KQhVPjHa%2FFaCUBcyLJt7vqOtg3hVqEo%2Bre6VISEIpg1qlr81W1vsrGieQdBQIlqHoc%2Fd5WBKhUiCHh9FCeoCNFaBjWY7O5ai%2BAQVkqS%2BCQQhvoa%2BqZSOigzLnoCuq1qljxZirL0B2rkSYk6A3auJpv%2BxSYl9BUlKeq1Py78O412uBj16A3jPwpIZZc34uDUrF3OtWE0fIRqXpD32tPnvydpZl2zIZ57k7Luz7bBr8vbtxJCxhNnFR6G10o63%2Bb0d46sYZSvqQiZK%2FTcq2mkzCW1%2Bd8mcH6RdiFkunXDy9ttPSoz0q0izssXYMqgIEAZ2x70KtEg%2BjnGIQm%2FzjRN7IkWIqwjhDdPi0nMs5pCd%2BIUZyJfNeTuz36QkKsOyaFBlxrzsUxqf3H3ZYvqBGzWc2EkMW%2BEMv%2FbqwO%2B17dTFylIbI%2FjYD3%2BpevXqnXDS516foVfze%2B4YuJc21KPsNBY7Nw1B9ptluhj6PX16uVFrwrJZCwo0K65kMuz0gC1Oixj5JLnr%2FTGXcqWtqDfTaMIEf6UK7HGqrVFyLVsCTp%2F43hT18IhVYHhG4hVo6sfUceu0N8TKyTtTd6EWb%2B6ztppmzlJoB28QLIXsxl%2FZcdaQgDD458B9gg%2BrMd3dhyQzo1tIaQrapZgw9JUGG35VGxW%2BZuw%3D&e=mclics%2Fpseudo-search-pads-buybox%2B7708%2Cmclics%2Fbuybox-layout%2B25349%2Cmclics%2Fdifferential-cvr-factor%2B29495%2Cmclics%2Fsearch-list-ad-algorithm%2B16026&rb=x,3.990,LA-HUERTA-ORGANICA,Nuevo  |  +1000 vendidos,(15 disponibles)
400 Semillas Lechuga Criolla Blanca - Huerta Premium,https://click1.mercadolibre.com.ar/mclics/clicks/external/MLA/count?a=SjDdOXuRSJAS95H9J%2BpFpFMvoDf5XYhZu%2B9U%2BvkpPHFDxCRgB%2Fpgru3Yts1BOLC%2FEllMsf1OIlBsl0%2B7PL4BOFsFQQNNuQ7N8SNkOgyxGz2kWIE0PlbrDx6irm6Pkxu2DJdYxJ8oSv8FP%2BTnFN7s%2BS%2ByJHVaX3Pl8OSs1ce4a9ZdL0B65ImoP25aG8mT6hEWFc7f4KeBHpcJtD2UGTKqldJcAWaYwGOpH%2B%2FEkwNtS6nSG6pwQDB1goDk9l8iGDOn%2FnseK5tN6UYWXSKMmRlRFdWaG79JGwV80i7msElOXH9gpRZ7YdbS2au33MGQhztklYPNE%2Bv9IwC1RSUU5vx6exf2FMFjwX%2BtTs%2FaerhBpuxLK1kXfLlRQaRZBuJCTCGD4xSm36patNLECS2CxDWTkLnGX8OMea8BdiebjdSSDcWlp4u5vXLdG2d9nTXsjFWSEGgCQsXMCfAYD8X2Scs2eEBE%2BDNeyOUAU1hOscAdvyFeKnTC51P5bK54VhSmCW7pdQYAPq2fKbaY7bK3avJRougc2VHfeIlG0kvwznZDYU2jS3Gxg9ajb4o5uR0Pt9IE6KEdECdG8LVmzjqE7cwjObkkIdKfZN68PVZK8u9gf3b3nvH0tojwreC6Df2265Rid1dKUoQSCL6WEOxxoxweRA0AbJZkV0d3zf%2BL5kzcOQFLQp7YbOw%2B5eGG8JigoNGgwDGLvuqN10jI%2BV54TzY%3D&e=mclics%2Fpseudo-search-pads-buybox%2B7708%2Cmclics%2Fbuybox-layout%2B25349%2Cmclics%2Fdifferential-cvr-factor%2B29495%2Cmclics%2Fsearch-list-ad-algorithm%2B16026&rb=x,1.534,HUERTADECERO2020,Nuevo  |  +5 vendidos,(32 disponibles)
Combo Semillas De 7 Variedades De Lechuga - Combo Ensaladas,https://articulo.mercadolibre.com.ar/MLA-850023713-combo-semillas-de-7-variedades-de-lechuga-combo-ensaladas-_JM#position=16&search_layout=grid&type=item&tracking_id=e77a9c66-9af4-44a2-ba56-0d8235800208,1.938,SEMILLAS WALLY,Nuevo  |  +50 vendidos,(13 disponibles)
500 Semillas Lechuga Morada 4 Estacioniones Calidad Premium,https://articulo.mercadolibre.com.ar/MLA-855687005-500-semillas-lechuga-morada-4-estacioniones-calidad-premium-_JM#position=17&search_layout=grid&type=item&tracking_id=e77a9c66-9af4-44a2-ba56-0d8235800208,1.850,SEMILLAS WALLY,Nuevo  |  +100 vendidos,(6 disponibles)
400 Semillas Lechuga Maravilla 4 Estaciones Huerta Hortaliza,https://articulo.mercadolibre.com.ar/MLA-873663549-400-semillas-lechuga-maravilla-4-estaciones-huerta-hortaliza-_JM#position=18&search_layout=grid&type=item&tracking_id=e77a9c66-9af4-44a2-ba56-0d8235800208,1.534,HUERTADECERO2020,Nuevo  |  +50 vendidos,(14 disponibles)
Semillas De Morrón Para Huertas Cultivo Hortícola,https://articulo.mercadolibre.com.ar/MLA-1276048632-semillas-de-morron-para-huertas-cultivo-horticola-_JM#position=22&search_layout=grid&type=item&tracking_id=e77a9c66-9af4-44a2-ba56-0d8235800208,1.700,UPGROWSHOP,Nuevo  |  +25 vendidos,(35 disponibles)
Semillas Huerta Ecoproductos Lechuga Mantecosa,https://articulo.mercadolibre.com.ar/MLA-1147056565-semillas-huerta-ecoproductos-lechuga-mantecosa-_JM#position=23&search_layout=grid&type=item&tracking_id=e77a9c66-9af4-44a2-ba56-0d8235800208,1.939,GMCCOM,Nuevo  |  +25 vendidos,(6 disponibles)
Semillas Lechuga Repollada-col De Napoles (2000) ,https://articulo.mercadolibre.com.ar/MLA-850865412-semillas-lechuga-repollada-col-de-napoles-2000-_JM#position=24&search_layout=grid&type=item&tracking_id=e77a9c66-9af4-44a2-ba56-0d8235800208,2.599,INDRA SEMILLAS,Nuevo  |  +5 vendidos,(85 disponibles)
40 Semillas De Lechuga Pintada Frecles De Usa,https://click1.mercadolibre.com.ar/mclics/clicks/external/MLA/count?a=wxr1d%2BU4OBsk%2Ben3ZsKfn5KKQBuJOwgjNQsUWcUFBL4aytGt3k%2FaJFTG9ZuimmRnpwYiQ7s3kFgGyxGIRkiEMB84C79rPuvrX6pgGco3zKtC0G844QC9QV0K0Go9LbEQnjWH7LGCwQJfA8sePwT5CcGdb82YZsKzn%2B%2BXfo58FM0GIjxYuwmsMMwMD%2B2K%2BUTIyqna3NZJzHw2YhonAldRQhFwnUE%2BX8wpMYnqUqIs4RxDBZQKWeZTCdoP3S5PirJ8p4mpxVUU4heGVvWMcbZz8gOEhxfglkKVIp2pNo63Svhv73rz4DIdP%2B5sXaF2NuHFAZvKN2%2FxC%2Bxc6zi2jhjw0Fl0n3rLIpR0guH0mMmKkDzmdJ516kVCoe44Znr%2FJwXv%2By7LhfK8lF2WLcVKvh1lhFN6s1is6Pb%2BEdtU8DT8uTdOpATg5TLdPGQmhxAge0yU9BTBLXGBfmyKgGAUYTeYVRBKRQ74DqXFlAIGrsLkg0cPQj6tf3p3oTdwsFHmiJxY31VelzZUGrOwmbuqx%2FELwRMCy1hdtagbbf9yjpB6LGsotKybQ4v06DiRq3aJXp0s%2Bc3i3IbnkpcCB%2BmfuHJrsSFQOzgy3UlvA8zW779IRuDganWFoJTC3H92%2B9%2B3evFSuzmtp91eG8EWjuHMT2N%2BV5hpil%2BUN8qoV7nIZ9ei6zOMQFddVXZJ9UFKYG8DQ7X28u4AcWel6w3C&e=mclics%2Fpseudo-search-pads-buybox%2B7708%2Cmclics%2Fbuybox-layout%2B25349%2Cmclics%2Fdifferential-cvr-factor%2B29495%2Cmclics%2Fsearch-list-ad-algorithm%2B16026&rb=x,1.289,REYDELASSEMILLAS,Nuevo  |  +100 vendidos,(4 disponibles)
Semillas De Morrón Para Huertas Cultivo Hortícola,https://click1.mercadolibre.com.ar/mclics/clicks/external/MLA/count?a=jFNe8ZXCqj1FWna3XVcI7iy%2FUMp%2FcJVQvZGnUUmGKdxI5MFLTWUrYDTWHjOQGn5hPNcSmBz3DG5zRBXyZS%2BUCu%2BLl9%2FkcAsJBqXp%2FojzS9UdqUks8bDsvupnTV2aJzijbHsPxH8gilebqbaw7e5PaD4sgmHUSh5bHaAgvGbkWcy3AspeG3jHhLvxEF2syrRedy0PaldXxr5JJiJULFk31IfpRZGmt1pWU6yokCZqVxgv%2FTC9czj5Wsd0vzTVx9HbUDZc7Xyfnef4GmHVVJ7NrdB5v0hk1wZdzuaUgCh0i8riBT7VCjza9GsYlfmJKdcQllaNO%2Fcy4oXwdLvbmnHfyow4%2FKV3w8aqtX4pTK2hADwDTT0U9VySVA3y9V8tuOX2MfmweqhBhT6%2B3ujooc4fqNqHctxvLwtD6RC4AjdJrpn7QPrVOemUcd3QOYkPgdX6b6TleUwbVIcOPXVvJi9IrEMD5TMQl8zFugOxYagtsXdH5Atq1gmGg5%2B1OoHfBdh1kY%2BgV013sUNLGWQctIFmP1Y46xFtrt6Q7iF1sThJyIoyf%2F2IoSxLvyrGh1Risxh1CLb2PNuCLES1WFAYF1TedNSg4Iwg2wrvd70xi2x1QyqxVWZLK64t27bSAVAnSKrw2APz9S06lfzY2rSovpYGl50OmUJHDcZTf%2B1170e1GRGux2boST79feivn1V%2BDU9IrYdnLaaGhCUsMnEYeas%3D&e=mclics%2Fpseudo-search-pads-buybox%2B7708%2Cmclics%2Fbuybox-layout%2B25349%2Cmclics%2Fdifferential-cvr-factor%2B29495%2Cmclics%2Fsearch-list-ad-algorithm%2B16026&rb=x,1.700,UPGROWSHOP,Nuevo  |  +25 vendidos,(35 disponibles)
400 Semillas Lechuga Criolla Huerta Verduras Hortalizas,https://click1.mercadolibre.com.ar/mclics/clicks/external/MLA/count?a=tr%2Bz6hh%2FEb1%2FCTW8uewlJ0TNZep4le7vg%2BUdsv4D5DrwiwVVNYkMGfglsFKWioUMuykG6syMU4hQ4FCF%2FpmzIdpA96cursv0Jz4n2WumUzsrH88BzVw0MJ8wcH1E%2Behj00OeOCOeNrl0X1OJVTSBupWictMXlgFpMqP7KbWgeVZKvgO9UyLHsnnbhOMaKbXWfdUXiZ6kYfgV2ob5hdfivAtEIIUhZM2gmTae1dGHDYmtDC3EdwzLeb8Xj6H5cPU7ZNuiaD2fwwpjpz30VZXd50Zr5yPe%2B0JjKQkosds4PAooPyb45pHZ0OJpBG3Mac%2FlKtB9w5jgHMkTeyIl9O092TdgnJJHb8CB6ifmPy42SwvjGkVLPvwk9p5MxXpoQ4%2BxM86ah%2B83K9SOxRtrEsFUBxy3TjCR8tMv2AIk2nnkKv0ruzLalNsEginTt6vuNqDiANWQacPZin117pcyYg6cUO67DAenOZLXdn38H1HjfmifUh8RapzkE%2BFelNzZXeeC69MwX7RI%2FrCH0Q9QcDcvetv%2BHwDhvFWPbDjZk%2B7JO%2BlEGj8VLbbcZpAeTal9KYHnb2FFC4BM7VWblySBtvp2r81YvASte2tsZBaIev7DNo4L70HhKHIYRq3qH6tbrLvkJZ2snlPXS2ThCvhYAa2NSDhOnXyhURPb6ekMExt4XdRh%2BeIAmmoxU8KpHbNiF5CWpo9Ia9IpakWsBkSyP5uEzJJ3&e=mclics%2Fpseudo-search-pads-buybox%2B7708%2Cmclics%2Fbuybox-layout%2B25349%2Cmclics%2Fdifferential-cvr-factor%2B29495%2Cmclics%2Fsearch-list-ad-algorithm%2B16026&rb=x,1.534,HUERTADECERO2020,Nuevo  |  +50 vendidos,(2 disponibles)
Semillas De Lechuga 4 Estaciones X Sobre Huerta Hidroponia,https://articulo.mercadolibre.com.ar/MLA-851699371-semillas-de-lechuga-4-estaciones-x-sobre-huerta-hidroponia-_JM#position=25&search_layout=grid&type=item&tracking_id=e77a9c66-9af4-44a2-ba56-0d8235800208,1.312,PETANDFISH PETSHOP,Nuevo  |  +100 vendidos,(11 disponibles)
Semillas Lechuga De Invierno Huerta Verdura Hortaliza,https://articulo.mercadolibre.com.ar/MLA-873396260-semillas-lechuga-de-invierno-huerta-verdura-hortaliza-_JM#position=26&search_layout=grid&type=item&tracking_id=e77a9c66-9af4-44a2-ba56-0d8235800208,1.263,BONSAN PLANTAS,Nuevo  |  +50 vendidos,(31 disponibles)
Semillas Lechuga 4 Estaciones Huerta Hortaliza 100% Natural,https://articulo.mercadolibre.com.ar/MLA-874449744-semillas-lechuga-4-estaciones-huerta-hortaliza-100-natural-_JM#position=27&search_layout=grid&type=item&tracking_id=e77a9c66-9af4-44a2-ba56-0d8235800208,1.263,BONSAN PLANTAS,Nuevo  |  +100 vendidos,(32 disponibles)
1000 Semillas Lechuga Mantecosa Crimor -tierra/hidroponia,https://articulo.mercadolibre.com.ar/MLA-825718980-1000-semillas-lechuga-mantecosa-crimor-tierrahidroponia-_JM#position=28&search_layout=grid&type=item&tracking_id=e77a9c66-9af4-44a2-ba56-0d8235800208,1.799,INDRA SEMILLAS,Nuevo  |  +50 vendidos,(92 disponibles)
Lechuga Fuego. Hojas Rojas 5000 Semillas Linea Premiun.,https://articulo.mercadolibre.com.ar/MLA-1491179976-lechuga-fuego-hojas-rojas-5000-semillas-linea-premiun-_JM#position=29&search_layout=grid&type=item&tracking_id=e77a9c66-9af4-44a2-ba56-0d8235800208,4.299,INDRA SEMILLAS,Nuevo  |  3 vendidos,(87 disponibles)
Sobre Semillas Lechuga Mantecosa Huerta Riego Aromatica,https://www.mercadolibre.com.ar/sobre-semillas-lechuga-mantecosa-huerta-riego-aromatica/p/MLA25356660?pdp_filters=category:MLA11045#searchVariation=MLA25356660&position=7&search_layout=grid&type=product&tracking_id=e77a9c66-9af4-44a2-ba56-0d8235800208,1.979,Aquaflex,Nuevo  |  +100 vendidos,(4 disponibles)
Combo Semillas De Lechugas 7 Variedades + Radicheta Y Rucula,https://articulo.mercadolibre.com.ar/MLA-850020792-combo-semillas-de-lechugas-7-variedades-radicheta-y-rucula-_JM#position=30&search_layout=grid&type=item&tracking_id=e77a9c66-9af4-44a2-ba56-0d8235800208,3.029,SEMILLAS WALLY,Nuevo  |  +100 vendidos,(8 disponibles)
Semilla Lechuga Grand Rapids - Origen Italia - As - Aqualive,https://articulo.mercadolibre.com.ar/MLA-930839634-semilla-lechuga-grand-rapids-origen-italia-as-aqualive-_JM#position=31&search_layout=grid&type=item&tracking_id=e77a9c66-9af4-44a2-ba56-0d8235800208,1.362,AQUA_LIVE,Nuevo  |  +100 vendidos,(12 disponibles)
Sobre Semillas Huerta Hortalizas Hidroponia Variedades,https://articulo.mercadolibre.com.ar/MLA-867961703-sobre-semillas-huerta-hortalizas-hidroponia-variedades-_JM?searchVariation=60925760296#searchVariation=60925760296&position=32&search_layout=grid&type=item&tracking_id=e77a9c66-9af4-44a2-ba56-0d8235800208,1.696,VERDEAGUA.COM.AR,Nuevo  |  +100 vendidos,(993 disponibles)
500 Semillas Lechuga Mantecosa - Calidad Premium -,https://articulo.mercadolibre.com.ar/MLA-855688279-500-semillas-lechuga-mantecosa-calidad-premium--_JM#position=33&search_layout=grid&type=item&tracking_id=e77a9c66-9af4-44a2-ba56-0d8235800208,1.931,SEMILLAS WALLY,Nuevo  |  +100 vendidos,(10 disponibles)
Mix 1000 Semillas De Lechuga 7 Variedades Distintas Junto,https://articulo.mercadolibre.com.ar/MLA-1379066245-mix-1000-semillas-de-lechuga-7-variedades-distintas-junto-_JM#position=34&search_layout=grid&type=item&tracking_id=e77a9c66-9af4-44a2-ba56-0d8235800208,1.995,SUPER.NATURAL,Nuevo  |  +25 vendidos,(4 disponibles)
Semilla Sakata Peletizada  Lechuga Larissa X 7500 U,https://articulo.mercadolibre.com.ar/MLA-1164594626-semilla-sakata-peletizada-lechuga-larissa-x-7500-u-_JM#position=35&search_layout=grid&type=item&tracking_id=e77a9c66-9af4-44a2-ba56-0d8235800208,41.431,VERDEAGUA.COM.AR,Nuevo  |  +25 vendidos,(50 disponibles)
Semilla Sakata Peletizada Lechuga Psique X 7500 U,https://articulo.mercadolibre.com.ar/MLA-1387896939-semilla-sakata-peletizada-lechuga-psique-x-7500-u-_JM#position=36&search_layout=grid&type=item&tracking_id=e77a9c66-9af4-44a2-ba56-0d8235800208,50.968,VERDEAGUA.COM.AR,Nuevo  |  1 vendido,(999 disponibles)
Semillas Lechuga Grand Rapids La Germinadora Salamanca ,https://www.mercadolibre.com.ar/semillas-lechuga-grand-rapids-la-germinadora-salamanca/p/MLA23417860?pdp_filters=category:MLA11045#searchVariation=MLA23417860&position=6&search_layout=grid&type=product&tracking_id=e77a9c66-9af4-44a2-ba56-0d8235800208,1.312,PETANDFISH PETSHOP,Nuevo  |  +100 vendidos,(8 disponibles)
Semilla Lechuga Gallega Invierno- Origen Italia- As-aqualive,https://articulo.mercadolibre.com.ar/MLA-930840217-semilla-lechuga-gallega-invierno-origen-italia-as-aqualive-_JM#position=37&search_layout=grid&type=item&tracking_id=e77a9c66-9af4-44a2-ba56-0d8235800208,1.362,AQUA_LIVE,Nuevo  |  +25 vendidos,(30 disponibles)
400 Semillas Lechuga Criolla Huerta Verduras Hortalizas,https://articulo.mercadolibre.com.ar/MLA-860192244-400-semillas-lechuga-criolla-huerta-verduras-hortalizas-_JM#position=38&search_layout=grid&type=item&tracking_id=e77a9c66-9af4-44a2-ba56-0d8235800208,1.534,HUERTADECERO2020,Nuevo  |  +50 vendidos,(2 disponibles)
2000 Semillas Lechuga Mantecosa Crimor -tierra/hidroponia,https://articulo.mercadolibre.com.ar/MLA-825719023-2000-semillas-lechuga-mantecosa-crimor-tierrahidroponia-_JM#position=39&search_layout=grid&type=item&tracking_id=e77a9c66-9af4-44a2-ba56-0d8235800208,2.399,INDRA SEMILLAS,Nuevo  |  +25 vendidos,(70 disponibles)
 Lechuga Hojas De Roble-semillas- Linea Premiun 500,https://articulo.mercadolibre.com.ar/MLA-907112707-lechuga-hojas-de-roble-semillas-linea-premiun-500-_JM#position=40&search_layout=grid&type=item&tracking_id=e77a9c66-9af4-44a2-ba56-0d8235800208,1.599,INDRA SEMILLAS,Nuevo  |  +25 vendidos,(62 disponibles)
2000 Semillas Lechuga Morada 4 Estacion Huerta O Hidroponia,https://articulo.mercadolibre.com.ar/MLA-825717395-2000-semillas-lechuga-morada-4-estacion-huerta-o-hidroponia-_JM#position=41&search_layout=grid&type=item&tracking_id=e77a9c66-9af4-44a2-ba56-0d8235800208,2.499,INDRA SEMILLAS,Nuevo  |  +25 vendidos,(74 disponibles)
Combo Lechugas Anual Oferta¡¡¡,https://articulo.mercadolibre.com.ar/MLA-896628709-combo-lechugas-anual-oferta-_JM#position=42&search_layout=grid&type=item&tracking_id=e77a9c66-9af4-44a2-ba56-0d8235800208,3.999,INDRA SEMILLAS,Nuevo  |  +5 vendidos,(42 disponibles)
Semillas Huerta Ecoproductos Lechuga Morada,https://articulo.mercadolibre.com.ar/MLA-1147114858-semillas-huerta-ecoproductos-lechuga-morada-_JM#position=43&search_layout=grid&type=item&tracking_id=e77a9c66-9af4-44a2-ba56-0d8235800208,1.939,GMCCOM,Nuevo  |  +5 vendidos,(3 disponibles)
Semillas De Lechugas Rojas Y Moradas Mix Sitopia,https://articulo.mercadolibre.com.ar/MLA-1131283773-semillas-de-lechugas-rojas-y-moradas-mix-sitopia-_JM#position=44&search_layout=grid&type=item&tracking_id=e77a9c66-9af4-44a2-ba56-0d8235800208,2.030,SITOPIACULTIVOURBANO,Nuevo  |  +5 vendidos,(91 disponibles)
Lechuga Grand Rapids Crespa -criolla A Granel X Lata 250grs,https://articulo.mercadolibre.com.ar/MLA-862556357-lechuga-grand-rapids-crespa-criolla-a-granel-x-lata-250grs-_JM#position=45&search_layout=grid&type=item&tracking_id=e77a9c66-9af4-44a2-ba56-0d8235800208,63.999,INDRA SEMILLAS,Nuevo  |  +25 vendidos,(9 disponibles)
50 Semillas: Canonigos Lechuga De Nuez Valerianella Locusta,https://articulo.mercadolibre.com.ar/MLA-778791213-50-semillas-canonigos-lechuga-de-nuez-valerianella-locusta-_JM#position=46&search_layout=grid&type=item&tracking_id=e77a9c66-9af4-44a2-ba56-0d8235800208,1.299,REYDELASSEMILLAS,Nuevo  |  +100 vendidos,(7 disponibles)
 Semillas Lechuga Repollada-col De Napoles (500),https://articulo.mercadolibre.com.ar/MLA-850867745-semillas-lechuga-repollada-col-de-napoles-500-_JM#position=47&search_layout=grid&type=item&tracking_id=e77a9c66-9af4-44a2-ba56-0d8235800208,1.899,INDRA SEMILLAS,Nuevo  |  +50 vendidos,(96 disponibles)
Sobre Semillas Huerta Hortalizas Hidroponia Variedades,https://articulo.mercadolibre.com.ar/MLA-861174571-sobre-semillas-huerta-hortalizas-hidroponia-variedades-_JM?searchVariation=57667245906#searchVariation=57667245906&position=48&search_layout=grid&type=item&tracking_id=e77a9c66-9af4-44a2-ba56-0d8235800208,1.356,VERDEAGUA.COM.AR,Nuevo  |  +500 vendidos,(993 disponibles)
Lechuga Fuego Hojas Rojas-semillas 1000-linea Premiun*,https://articulo.mercadolibre.com.ar/MLA-907113810-lechuga-fuego-hojas-rojas-semillas-1000-linea-premiun-_JM#position=49&search_layout=grid&type=item&tracking_id=e77a9c66-9af4-44a2-ba56-0d8235800208,1.999,INDRA SEMILLAS,Nuevo  |  +5 vendidos,(78 disponibles)
Semillas De Lechuga Batavia La Germinadora Salamanca Grow,https://articulo.mercadolibre.com.ar/MLA-885400284-semillas-de-lechuga-batavia-la-germinadora-salamanca-grow-_JM#position=50&search_layout=grid&type=item&tracking_id=e77a9c66-9af4-44a2-ba56-0d8235800208,1.411,SALAMANCAGROW,Nuevo  |  +100 vendidos,(14 disponibles)
400 Semillas Lechuga Crespa - Huerta Verduras Hortalizas,https://articulo.mercadolibre.com.ar/MLA-916067705-400-semillas-lechuga-crespa-huerta-verduras-hortalizas-_JM#position=51&search_layout=grid&type=item&tracking_id=e77a9c66-9af4-44a2-ba56-0d8235800208,1.534,HUERTADECERO2020,Nuevo  |  +25 vendidos,(3 disponibles)
1000 Semillas Lechuga Morada 4 Estacion Huerta O Hidroponia,https://articulo.mercadolibre.com.ar/MLA-825717334-1000-semillas-lechuga-morada-4-estacion-huerta-o-hidroponia-_JM#position=52&search_layout=grid&type=item&tracking_id=e77a9c66-9af4-44a2-ba56-0d8235800208,1.899,INDRA SEMILLAS,Nuevo  |  +25 vendidos,(52 disponibles)
Combo Semillas Orgánicas De Lechuga!! 10 Variedades Raras!!!,https://articulo.mercadolibre.com.ar/MLA-865690058-combo-semillas-organicas-de-lechuga-10-variedades-raras-_JM#position=53&search_layout=grid&type=item&tracking_id=e77a9c66-9af4-44a2-ba56-0d8235800208,3.990,LA-HUERTA-ORGANICA SEMILLAS,Nuevo  |  +25 vendidos,(7 disponibles)
Semillas Lechuga Cuatro Estaciones La Germinadora Salamanca ,https://articulo.mercadolibre.com.ar/MLA-860323062-semillas-lechuga-cuatro-estaciones-la-germinadora-salamanca-_JM#position=54&search_layout=grid&type=item&tracking_id=e77a9c66-9af4-44a2-ba56-0d8235800208,1.411,SALAMANCAGROW,Nuevo  |  +100 vendidos,(9 disponibles)
Semillas De Lechuga Criolla Para Huertas Cultivo Hortícola,https://www.mercadolibre.com.ar/semillas-de-lechuga-criolla-para-huertas-cultivo-horticola/p/MLA23366056?pdp_filters=category:MLA11045#searchVariation=MLA23366056&position=1&search_layout=grid&type=product&tracking_id=e77a9c66-9af4-44a2-ba56-0d8235800208,1.700,UPGROWSHOP,Nuevo  |  +50 vendidos,(34 disponibles)
