Cubierta,Enlace,Precios,Vendedor,Detalles,Cantidad,Estado,Categoria,Categoria1
Neumático Continental ContiCrossContact LX 2 LT 215/60R17 96 H,https://www.mercadolibre.com.ar/neumatico-continental-conticrosscontact-lx-2-lt-21560r17-96-h/p/MLA15005187#searchVariation=MLA15005187&position=3&search_layout=stack&type=product&tracking_id=6e88a3e7-5f5d-46bb-af8b-bcf07c04ab81,372.781,CALZETTA NEUMATICOS,Nuevo  |  +500 vendidos,(4 disponibles),Nuevo  |  +500 vendidos,Accesorios para Vehículos,Accesorios para Vehículos
Cubierta Continental Race King 27.5 X 2.2 Sport Mtb,https://articulo.mercadolibre.com.ar/MLA-1368311698-cubierta-continental-race-king-275-x-22-sport-mtb-_JM#position=33&search_layout=stack&type=item&tracking_id=6e88a3e7-5f5d-46bb-af8b-bcf07c04ab81,59.900,BOHEMIA.BIKES,Nuevo  |  +5 vendidos,(15 disponibles),Nuevo  |  +5 vendidos,Deportes y Fitness,Deportes y Fitness
Neumático Continental ContiEcoContact 3 165/70R14 85 T,https://www.mercadolibre.com.ar/neumatico-continental-contiecocontact-3-16570r14-85-t/p/MLA16063862#searchVariation=MLA16063862&position=2&search_layout=stack&type=product&tracking_id=6e88a3e7-5f5d-46bb-af8b-bcf07c04ab81,192.739,CALZETTA NEUMATICOS,Nuevo  |  +500 vendidos,(4 disponibles),Nuevo  |  +500 vendidos,Accesorios para Vehículos,Accesorios para Vehículos
Neumático Continental ContiPowerContact P 205/55R17 91 V,https://www.mercadolibre.com.ar/neumatico-continental-contipowercontact-p-20555r17-91-v/p/MLA15544227#searchVariation=MLA15544227&position=1&search_layout=stack&type=product&tracking_id=6e88a3e7-5f5d-46bb-af8b-bcf07c04ab81,356.659,NEUMATICOSNORT,Nuevo  |  +500 vendidos,No disponible,Nuevo  |  +500 vendidos,Accesorios para Vehículos,Accesorios para Vehículos
Neumático Continental ContiPowerContact P 185/65R15 88 H,https://www.mercadolibre.com.ar/neumatico-continental-contipowercontact-p-18565r15-88-h/p/MLA14823841#searchVariation=MLA14823841&position=4&search_layout=stack&type=product&tracking_id=6e88a3e7-5f5d-46bb-af8b-bcf07c04ab81,254.999,ADIRUEDAS,Nuevo  |  +500 vendidos,(2 disponibles),Nuevo  |  +500 vendidos,Accesorios para Vehículos,Accesorios para Vehículos
Kit de 2 neumáticos Continental PowerContact 2 205/65R15 94 T,https://www.mercadolibre.com.ar/kit-de-2-neumaticos-continental-powercontact-2-20565r15-94-t/p/MLA28018962#searchVariation=MLA28018962&position=8&search_layout=stack&type=product&tracking_id=6e88a3e7-5f5d-46bb-af8b-bcf07c04ab81,566.243,CALZETTA NEUMATICOS,Nuevo  |  +100 vendidos,(2 disponibles),Nuevo  |  +100 vendidos,Accesorios para Vehículos,Accesorios para Vehículos
"Cubierta Continental Race King 29x2.2,tubeless",https://articulo.mercadolibre.com.ar/MLA-1568142370-cubierta-continental-race-king-29x22tubeless-_JM#position=34&search_layout=stack&type=item&tracking_id=6e88a3e7-5f5d-46bb-af8b-bcf07c04ab81,79.998,TUPUNTOBICI,Nuevo  |  +5 vendidos,No disponible,Nuevo  |  +5 vendidos,Deportes y Fitness,Deportes y Fitness
Continental ContiPowerContact 195/55R16 - 87 - H - 1 - 1,https://www.mercadolibre.com.ar/continental-contipowercontact-19555r16-87-h-1-1/p/MLA15787131#searchVariation=MLA15787131&position=5&search_layout=stack&type=product&tracking_id=6e88a3e7-5f5d-46bb-af8b-bcf07c04ab81,410.284,DISTRI-LLANTAS,Nuevo  |  +100 vendidos,(5 disponibles),Nuevo  |  +100 vendidos,Accesorios para Vehículos,Accesorios para Vehículos
Kit Correa Distribucion Toyota Corolla 2.0 Td 2002/08 1cdftv,https://click1.mercadolibre.com.ar/mclics/clicks/external/MLA/count?a=Rp7fts3DP%2F53oREk0VlanaCz1SBxWN6lsQf8FndfK8xSCcl7rxM6EzvDOjv1pyefrKFj%2F9Bwjqtvsm6UEEsyyr5HmvVi7ZyZH0Udk6ViRbEfrzp%2BYzFPknyyRqwGl0sSR%2FrJHpGmG3J3NuC2hZgrO5Hs42eA9JoaFqgCMwXm8VmLYzJxVCSD49lC8XGAwZzKtZdxBSDRbwemX3JvtPsCpwy%2B8U39zlp7%2FgY4QSvmgFIkPRzHpjVc02yNp14LPtJC9X0saQWNYnEYip4%2Fiq1eEfrwabDxoVAjH7blBibr%2BA1t2%2BBZnQp1NaL7RznZT%2BiiILYStgUYlTqbPaBJ6rN0f1%2FK4JgA2DPV3MmnB9klxhZfDmIr8j84qV%2FKMaOs5rKgdyFDWqoXJoPQcYuceUdoT6oDNXox3qsvo6On4yKXxDlE444jdm0bCP%2BA4hhW2m7pVfqp5%2Fb2kvc954Z4%2BUY7R21gShD6V5S4qsButWCGVrj9LhIrTGvi1CwLMS8KmcCMEZ%2BO3bhXxc%2BQaDTZWSh0KJi3ZYZFsFMwiMWrdI2o4JPA%2Bu31UV0CdKKo%2FCHkZ%2BG0ppxNkO041Wxo74PG0S59%2BXdhYDdBsDH%2BJ49DcY7ld0gKI2NP9GlykKKsgBblO%2FBStyrNHIkyEDpt0bl4r5yHQ4NL5npuxXxaY1Y6KDa5RgDlL3OXefb9VQ5%2BY0L%2BDmzuyOnArgo8zVeEAVDJfnJAfo6ari%2Bkixc%3D&e=mclics%2Fpseudo-search-pads-buybox%2B7708%2Cmclics%2Fbuybox-layout%2B25349%2Cmclics%2Fdifferential-cvr-factor%2B29495%2Cmclics%2Fsearch-list-ad-algorithm%2B16026&rb=x,205.100,SABUROREPUESTOS,Nuevo  |  4 vendidos,No disponible,Nuevo  |  4 vendidos,Accesorios para Vehículos,Accesorios para Vehículos
Neumatico Continental Powercontact 205 55 R17 Nissan Kicks,https://click1.mercadolibre.com.ar/mclics/clicks/external/MLA/count?a=0JIgBwKbY%2BBwJXo%2Fr7bj%2BewI9OwcAmY166pBI%2FFjCTKzckYqq60VpteW2Xn8e08GW1woMQGtEaNR7aygkSQI6wQDawsm5ntVFUq0LLJmtOx3XAy0GaJIAFnGvKKxLslApQ6o78NZWKylOIcXLi7ECW8HdN2d5Lf1J8d91bdEMW9tEFTXrTabuxnHdoRORJJc6Xuf0hVAgjW6c7mSBxXw7XP5Geo%2Bpmob6DJBU89W8dp3J1okqMPAn7E7cXqOOPQXICiWTYKW34ZQBjsfXGaKofPHaaXf8RwN6S3rMz02JsuMX%2FXrs471fSUAkmPnHVLiTLJ59GgBESkxSW3apXafS57m5dtEyk51kHCrBQQhCJe76Y8MGRWrxN1wuuvJO%2BhcEwacIgIF8916rrP%2B0r9uC7OeXe3DjrigV4W9v7kyOpYJTpIoowhBU9vEh2kgBX800EfmcuCKILThDoIaXnGRUJjb0lm7h3eNV822zLGGOY96gbYSdCrWl5lPX89OQmtRDbAbs2Iif6Vb32oqc1JyOsHqRzFkOeSOtAUM4Feh5pSeLyCgrttdijNHvRgSHSYmokrz19wkNinC%2BgoEA8m5bMuTdc6D1ZcwcjN5%2BkDOf0ylisNoYNAciw9g%2Fy6wKfrQZhpZG2xPLrQ%2FOH4UkH0Sk5dwersmvu159ZUY0zSmKEZhTa0EK1bn1msCtVzsiJu1RyWrYgch6VVkylS9JJl7mUHJVP4%3D&e=mclics%2Fpseudo-search-pads-buybox%2B7708%2Cmclics%2Fbuybox-layout%2B25349%2Cmclics%2Fdifferential-cvr-factor%2B29495%2Cmclics%2Fsearch-list-ad-algorithm%2B16026&rb=x,390.420,IL_CAVALLINO,Nuevo  |  +50 vendidos,(8 disponibles),Nuevo  |  +50 vendidos,Accesorios para Vehículos,Accesorios para Vehículos
Neumático Continental PowerContact 2 P 185/60R14 82 H,https://www.mercadolibre.com.ar/neumatico-continental-powercontact-2-p-18560r14-82-h/p/MLA16052150#searchVariation=MLA16052150&position=11&search_layout=stack&type=product&tracking_id=6e88a3e7-5f5d-46bb-af8b-bcf07c04ab81,235.000,W-GOM,Nuevo  |  +5 vendidos,No disponible,Nuevo  |  +5 vendidos,Accesorios para Vehículos,Accesorios para Vehículos
Neumático Continental PowerContact 2 205/55R16 91 V,https://www.mercadolibre.com.ar/neumatico-continental-powercontact-2-20555r16-91-v/p/MLA15014087#searchVariation=MLA15014087&position=6&search_layout=stack&type=product&tracking_id=6e88a3e7-5f5d-46bb-af8b-bcf07c04ab81,221.039,NEUMTICOSCENTROFER10,Nuevo  |  +500 vendidos,No disponible,Nuevo  |  +500 vendidos,Accesorios para Vehículos,Accesorios para Vehículos
Kit de 2 neumáticos Continental ContiPowerContact 195/55R16 87 H,https://www.mercadolibre.com.ar/kit-de-2-neumaticos-continental-contipowercontact-19555r16-87-h/p/MLA27929561#searchVariation=MLA27929561&position=7&search_layout=stack&type=product&tracking_id=6e88a3e7-5f5d-46bb-af8b-bcf07c04ab81,702.205,DISTRI-LLANTAS,Nuevo  |  +5 vendidos,No disponible,Nuevo  |  +5 vendidos,Accesorios para Vehículos,Accesorios para Vehículos
Neumático Continental ContiCrossContact LX 2 LT 225/65R17 102 H,https://www.mercadolibre.com.ar/neumatico-continental-conticrosscontact-lx-2-lt-22565r17-102-h/p/MLA16296013#searchVariation=MLA16296013&position=13&search_layout=stack&type=product&tracking_id=6e88a3e7-5f5d-46bb-af8b-bcf07c04ab81,452.501,CALZETTA NEUMATICOS,Nuevo  |  +5 vendidos,(4 disponibles),Nuevo  |  +5 vendidos,Accesorios para Vehículos,Accesorios para Vehículos
Tactil Para Central Multimedia Peugeot 208 2008,https://articulo.mercadolibre.com.ar/MLA-1127689766-tactil-para-central-multimedia-peugeot-208-2008-_JM#position=35&search_layout=stack&type=item&tracking_id=6e88a3e7-5f5d-46bb-af8b-bcf07c04ab81,46.710,SPL-DIGITAL ONLINE,Nuevo  |  +500 vendidos,(30 disponibles),Nuevo  |  +500 vendidos,Accesorios para Vehículos,Accesorios para Vehículos
Cubierta Continental Ultra Sport Iii 700x28 Acero,https://www.mercadolibre.com.ar/cubierta-continental-ultra-sport-iii-700x28-acero/p/MLA27204037#searchVariation=MLA27204037&position=12&search_layout=stack&type=product&tracking_id=6e88a3e7-5f5d-46bb-af8b-bcf07c04ab81,69.304,TUPUNTOBICI,Nuevo  |  +100 vendidos,No disponible,Nuevo  |  +100 vendidos,Deportes y Fitness,Deportes y Fitness
Neumático Continental PowerContact 2 P 195/55R16 87 H,https://www.mercadolibre.com.ar/neumatico-continental-powercontact-2-p-19555r16-87-h/p/MLA18378418#searchVariation=MLA18378418&position=18&search_layout=stack&type=product&tracking_id=6e88a3e7-5f5d-46bb-af8b-bcf07c04ab81,301.120,CALZETTA NEUMATICOS,Nuevo  |  +25 vendidos,(4 disponibles),Nuevo  |  +25 vendidos,Accesorios para Vehículos,Accesorios para Vehículos
Llanta P/ Moto Continental Tkc80 110/80-19 59q,https://www.mercadolibre.com.ar/llanta-p-moto-continental-tkc80-11080-19-59q/p/MLA20509748#searchVariation=MLA20509748&position=14&search_layout=stack&type=product&tracking_id=6e88a3e7-5f5d-46bb-af8b-bcf07c04ab81,132.722,CALZETTA NEUMATICOS,Nuevo  |  +50 vendidos,(4 disponibles),Nuevo  |  +50 vendidos,Accesorios para Vehículos,Accesorios para Vehículos
Kit 2 Neumaticos 235/45 R18 Continental Sportcontact 5,https://click1.mercadolibre.com.ar/mclics/clicks/external/MLA/count?a=iyMk5lo6MiiDFIsye8nz6eqMSaG06V9ZOY8gUwyiWIXxd9DZo4ChPRYf0ADgqfvL4XUM%2B155%2BWtMILLF0tPe3v%2F3efNTEUUD1dm2W4PxwmL3abpHfOglmGQ7ZUPrtaICFOLDzr7UvbL6q5iseJVWFAORpmaTrDAT3W%2F20Iz30OmRmtg%2BuLXjbFJqJ05mSQOrAbWb4NFr6gCpB8TkJHgVn4u0vL1trLdA7PjD3du3KCQ79Cr%2FVcY%2FxELYk%2FyJqPwD970VlwTxk1oWr%2BOKTs1cvt2aiXCoh5ZaiwbJZhQtjhx5%2BQGacZWz%2BeUheOMDrNLeX7FiOLXMjRTfcTyaqfTiEPv39Omg9GsNMo0iP46cP1tVulVi1km5WyyCQltyV6Wd3BA7HlPxROFQ7VoZXexy%2F3gUksxAHHOmxSfVe0vZhScdxh6pI%2FNsvYPPV7DWP%2FDyJQN8ZjGVXmwY4cOoJKXQl%2F%2BwlbwORPU3dvHAUY5E%2BkdKf6bjk6j3y7Zg3Cmrc1izXFgVXyB0SAr8f4UiR51XXo0tvBdwH00LL2fkvpNt%2F6xZcqIihQuAcWlI6Hsxvp%2BuiyrPgCpgMZ2of3cbGRys1hrfCX4XOLz2SY%2BXBrlbO5OqsSr9%2BsGziUmVitU2y4CxaQHTCIx13mHACJ%2BjR7JZ6F%2BtOFtj4ZC174qxqELERtqeTAHAJjs6gmgJZikRt0pyjKods0FK0WH4ji0XJji1t7j%2Bqw%3D%3D&e=mclics%2Fpseudo-search-pads-buybox%2B7708%2Cmclics%2Fbuybox-layout%2B25349%2Cmclics%2Fdifferential-cvr-factor%2B29495%2Cmclics%2Fsearch-list-ad-algorithm%2B16026&rb=x,1.529.999,NEUMATICOSNORT,Nuevo  |  1 vendido,No disponible,Nuevo  |  1 vendido,Accesorios para Vehículos,Accesorios para Vehículos
Neumatico 225/55 R18 98 H Continental Crosscontact Lx25,https://click1.mercadolibre.com.ar/mclics/clicks/external/MLA/count?a=YRPBdhj0lFj%2BmPjQfZutUSU83%2F85YJRK4ZR3jJ3qiXDnJHM1AyRebsALUTT8g5HY0pmagCDeILQTGj8fG9XYlydtKMwpd6Rn%2FN9ZtC9codih%2FZXdPCnL7NETPUeZ6V6dw9Sgf61Xc30v8VS4KYIWQM2I9sQ8LNYPQ7G9X%2FuTU%2BTzOKAErF5dcqNzTKGQP4VwdhxHD11aPRbMIrt55jiUBm7amSKVyMcF7hsxOXGOy%2FQnazY3bMIqwXS0eGO9MlHpWL8z7HLDeZVK6IuNg0LPCBArAaecXEau0S%2BYQu%2BbMn6DA3GM8jZuaYgDfHCYy%2FIl6qYldnac7EuunAuqnxDJtnVHJBCe5ZaXksWaz5LL7QsA9%2Fj%2FoYAs0ViJYIIwV0qKFrtzbAOuaqW8sLo4%2BvMV3koWqKkXw4pvmQkNi2Wi9U9QBxDzz%2BKuMLUVK3Lp0xlX2XWIwaZV3rr%2FcU7BxMZEmG5wc3uu8TQHmv1PJCMH4TEHMbywo60tqxDHvyqwwSd5wMCABZgpLcGVdPoB8Zx2E8xRfn0EScP83TTzFieL3XYvSmK9z70tmG7P1wBxODxDAMKkC6IjpLFEEMZV3UpLoVgOqcaJRJbTH0NGctZENV1GPNSeJaAi7ZsScUB%2BIF9moL7rHjON1GkwyROse1ujQgBPfYteMR2PZcVC3a1lw7KVNYUjBMdDQ2IJIZSiBejHyVY55f7VtNoI2WmI6dO6PidcwS1p&e=mclics%2Fpseudo-search-pads-buybox%2B7708%2Cmclics%2Fbuybox-layout%2B25349%2Cmclics%2Fdifferential-cvr-factor%2B29495%2Cmclics%2Fsearch-list-ad-algorithm%2B16026&rb=x,690.000,MANZIONEHNOSSRL,Nuevo  |  1 vendido,(11 disponibles),Nuevo  |  1 vendido,Accesorios para Vehículos,Accesorios para Vehículos
Neumático Continental ContiPowerContact P 175/65R14 82 T,https://www.mercadolibre.com.ar/neumatico-continental-contipowercontact-p-17565r14-82-t/p/MLA14822782#searchVariation=MLA14822782&position=15&search_layout=stack&type=product&tracking_id=6e88a3e7-5f5d-46bb-af8b-bcf07c04ab81,203.620,CALZETTA NEUMATICOS,Nuevo  |  +500 vendidos,(4 disponibles),Nuevo  |  +500 vendidos,Accesorios para Vehículos,Accesorios para Vehículos
Neumático Continental PowerContact 2 P 205/65R15 94 T,https://www.mercadolibre.com.ar/neumatico-continental-powercontact-2-p-20565r15-94-t/p/MLA20253535#searchVariation=MLA20253535&position=17&search_layout=stack&type=product&tracking_id=6e88a3e7-5f5d-46bb-af8b-bcf07c04ab81,281.080,NEUMA-FLORES,Nuevo  |  +500 vendidos,(4 disponibles),Nuevo  |  +500 vendidos,Accesorios para Vehículos,Accesorios para Vehículos
Kit Distribución Renault Motor 1.6 16v K4m + Bomba De Agua,https://articulo.mercadolibre.com.ar/MLA-1167297998-kit-distribucion-renault-motor-16-16v-k4m-bomba-de-agua-_JM#position=36&search_layout=stack&type=item&tracking_id=6e88a3e7-5f5d-46bb-af8b-bcf07c04ab81,145.900,RE AUTOPARTES,Nuevo  |  +100 vendidos,(10 disponibles),Nuevo  |  +100 vendidos,Accesorios para Vehículos,Accesorios para Vehículos
Neumatico Continental Powercontact 205 55 R17 Nissan Kicks,https://articulo.mercadolibre.com.ar/MLA-695146937-neumatico-continental-powercontact-205-55-r17-nissan-kicks-_JM#position=37&search_layout=stack&type=item&tracking_id=6e88a3e7-5f5d-46bb-af8b-bcf07c04ab81,390.420,IL_CAVALLINO,Nuevo  |  +50 vendidos,(8 disponibles),Nuevo  |  +50 vendidos,Accesorios para Vehículos,Accesorios para Vehículos
Neumático Continental ContiPowerContact P 185/65R15 92 T,https://www.mercadolibre.com.ar/neumatico-continental-contipowercontact-p-18565r15-92-t/p/MLA15741000#searchVariation=MLA15741000&position=16&search_layout=stack&type=product&tracking_id=6e88a3e7-5f5d-46bb-af8b-bcf07c04ab81,268.000,BOEDONEUMATICOS,Nuevo  |  +100 vendidos,No disponible,Nuevo  |  +100 vendidos,Accesorios para Vehículos,Accesorios para Vehículos
Neumático Continental ContiSportContact 5 225/45R17 91 Y,https://www.mercadolibre.com.ar/neumatico-continental-contisportcontact-5-22545r17-91-y/p/MLA14823314#searchVariation=MLA14823314&position=22&search_layout=stack&type=product&tracking_id=6e88a3e7-5f5d-46bb-af8b-bcf07c04ab81,293.066,CALZETTA NEUMATICOS,Nuevo  |  +5 vendidos,(4 disponibles),Nuevo  |  +5 vendidos,Accesorios para Vehículos,Accesorios para Vehículos
Cubierta Continental Ultra Sport 3 700x28,https://articulo.mercadolibre.com.ar/MLA-1362358028-cubierta-continental-ultra-sport-3-700x28-_JM#position=38&search_layout=stack&type=item&tracking_id=6e88a3e7-5f5d-46bb-af8b-bcf07c04ab81,69.998,BIKESSMC,Nuevo  |  +5 vendidos,(3 disponibles),Nuevo  |  +5 vendidos,Deportes y Fitness,Deportes y Fitness
"Tactil Para Central Multimedia  Vw  Amarok Golf  Vento  6,5 ",https://articulo.mercadolibre.com.ar/MLA-1133905016-tactil-para-central-multimedia-vw-amarok-golf-vento-65-_JM#position=39&search_layout=stack&type=item&tracking_id=6e88a3e7-5f5d-46bb-af8b-bcf07c04ab81,43.120,SPL-DIGITAL ONLINE,Nuevo  |  +100 vendidos,(56 disponibles),Nuevo  |  +100 vendidos,Accesorios para Vehículos,Accesorios para Vehículos
Neumáticos Continental 185 60 15 88h Lx Powercontac,https://articulo.mercadolibre.com.ar/MLA-910282933-neumaticos-continental-185-60-15-88h-lx-powercontac-_JM#position=40&search_layout=stack&type=item&tracking_id=6e88a3e7-5f5d-46bb-af8b-bcf07c04ab81,226.798,NEUMA-FLORES,Nuevo  |  +5 vendidos,(4 disponibles),Nuevo  |  +5 vendidos,Accesorios para Vehículos,Accesorios para Vehículos
Neumático Continental PremiumContact 6 P 195/65R15 91 H,https://www.mercadolibre.com.ar/neumatico-continental-premiumcontact-6-p-19565r15-91-h/p/MLA19036507#searchVariation=MLA19036507&position=24&search_layout=stack&type=product&tracking_id=6e88a3e7-5f5d-46bb-af8b-bcf07c04ab81,308.924,LLANTASORIGINALESCOM,Nuevo  |  +25 vendidos,(38 disponibles),Nuevo  |  +25 vendidos,Accesorios para Vehículos,Accesorios para Vehículos
Kit Distribución Original + Bomba De Agua Vmg Aveo 1.6 16v,https://articulo.mercadolibre.com.ar/MLA-727934563-kit-distribucion-original-bomba-de-agua-vmg-aveo-16-16v-_JM#position=41&search_layout=stack&type=item&tracking_id=6e88a3e7-5f5d-46bb-af8b-bcf07c04ab81,159.700,REPUESTOSSANCHEZDIAZ,Nuevo  |  +500 vendidos,(2 disponibles),Nuevo  |  +500 vendidos,Accesorios para Vehículos,Accesorios para Vehículos
Continental Contipowercontact 205 55 R17 91 Nissan Kicks,https://articulo.mercadolibre.com.ar/MLA-1626437996-continental-contipowercontact-205-55-r17-91-nissan-kicks-_JM#position=42&search_layout=stack&type=item&tracking_id=6e88a3e7-5f5d-46bb-af8b-bcf07c04ab81,434.499,GO-TIRE NEUMATICOS,Nuevo  |  1 vendido,(10 disponibles),Nuevo  |  1 vendido,Accesorios para Vehículos,Accesorios para Vehículos
Cubierta Mtb Continental Mountain King Rod. 27.5 X 2.2 Tubel,https://articulo.mercadolibre.com.ar/MLA-1382637075-cubierta-mtb-continental-mountain-king-rod-275-x-22-tubel-_JM#position=43&search_layout=stack&type=item&tracking_id=6e88a3e7-5f5d-46bb-af8b-bcf07c04ab81,101.982,NITROBIKES SRL,Nuevo  |  4 vendidos,No disponible,Nuevo  |  4 vendidos,Deportes y Fitness,Deportes y Fitness
Kit de 2 neumáticos Continental PowerContact 2 P 195/65R15 91 H,https://www.mercadolibre.com.ar/kit-de-2-neumaticos-continental-powercontact-2-p-19565r15-91-h/p/MLA27933461#searchVariation=MLA27933461&position=23&search_layout=stack&type=product&tracking_id=6e88a3e7-5f5d-46bb-af8b-bcf07c04ab81,513.605,CALZETTA NEUMATICOS,Nuevo  |  +50 vendidos,(2 disponibles),Nuevo  |  +50 vendidos,Accesorios para Vehículos,Accesorios para Vehículos
Continental CrossContact LX 255/60R18 - 112 - T - 1 - 1,https://www.mercadolibre.com.ar/continental-crosscontact-lx-25560r18-112-t-1-1/p/MLA15392333#searchVariation=MLA15392333&position=21&search_layout=stack&type=product&tracking_id=6e88a3e7-5f5d-46bb-af8b-bcf07c04ab81,440.000,DELFAVEROMARIANACECILIA,Nuevo  |  +100 vendidos,(2 disponibles),Nuevo  |  +100 vendidos,Accesorios para Vehículos,Accesorios para Vehículos
Neumático Continental PowerContact 2 P 195/55R15 85 H,https://www.mercadolibre.com.ar/neumatico-continental-powercontact-2-p-19555r15-85-h/p/MLA15785967#searchVariation=MLA15785967&position=25&search_layout=stack&type=product&tracking_id=6e88a3e7-5f5d-46bb-af8b-bcf07c04ab81,339.620,DISTRI-LLANTAS,Nuevo  |  +100 vendidos,(3 disponibles),Nuevo  |  +100 vendidos,Accesorios para Vehículos,Accesorios para Vehículos
Neumático Continental ContiCrossContact LX 2 LT 245/70R16 111 T,https://www.mercadolibre.com.ar/neumatico-continental-conticrosscontact-lx-2-lt-24570r16-111-t/p/MLA15978772#searchVariation=MLA15978772&position=29&search_layout=stack&type=product&tracking_id=6e88a3e7-5f5d-46bb-af8b-bcf07c04ab81,398.000,W-GOM,Nuevo  |  +50 vendidos,(2 disponibles),Nuevo  |  +50 vendidos,Accesorios para Vehículos,Accesorios para Vehículos
Firestone Firehawk 900 195/55R15 - 85 - V - P - 1 - 1,https://www.mercadolibre.com.ar/firestone-firehawk-900-19555r15-85-v-p-1-1/p/MLA14890213#searchVariation=MLA14890213&position=26&search_layout=stack&type=product&tracking_id=6e88a3e7-5f5d-46bb-af8b-bcf07c04ab81,159.587,DENGOM BELGRANO,Nuevo  |  +100 vendidos,No disponible,Nuevo  |  +100 vendidos,Accesorios para Vehículos,Accesorios para Vehículos
Kit Distribucion + Bomba Agua Correas Vw Gol Trend 1.6 8v ,https://articulo.mercadolibre.com.ar/MLA-782775619-kit-distribucion-bomba-agua-correas-vw-gol-trend-16-8v-_JM#position=44&search_layout=stack&type=item&tracking_id=6e88a3e7-5f5d-46bb-af8b-bcf07c04ab81,150.550,REPUESTOSSANCHEZDIAZ,Nuevo  |  +500 vendidos,(2 disponibles),Nuevo  |  +500 vendidos,Accesorios para Vehículos,Accesorios para Vehículos
Cubierta Continental Race King 2.2 Mtb 29 Kevlar,https://articulo.mercadolibre.com.ar/MLA-1100703321-cubierta-continental-race-king-22-mtb-29-kevlar-_JM#position=45&search_layout=stack&type=item&tracking_id=6e88a3e7-5f5d-46bb-af8b-bcf07c04ab81,77.500,BIKEGARAGE ARGENTINA,Nuevo  |  +5 vendidos,(2 disponibles),Nuevo  |  +5 vendidos,Deportes y Fitness,Deportes y Fitness
Kit de 2 neumáticos Continental VanContact AP LT 225/75R16 118 R,https://www.mercadolibre.com.ar/kit-de-2-neumaticos-continental-vancontact-ap-lt-22575r16-118-r/p/MLA27937035#searchVariation=MLA27937035&position=27&search_layout=stack&type=product&tracking_id=6e88a3e7-5f5d-46bb-af8b-bcf07c04ab81,1.150.359,CALZETTA NEUMATICOS,Nuevo  |  +5 vendidos,(2 disponibles),Nuevo  |  +5 vendidos,Accesorios para Vehículos,Accesorios para Vehículos
Neumatico Continental Vanco Ap 225 75 R16 Spinter Cavallino,https://articulo.mercadolibre.com.ar/MLA-858196756-neumatico-continental-vanco-ap-225-75-r16-spinter-cavallino-_JM#position=46&search_layout=stack&type=item&tracking_id=6e88a3e7-5f5d-46bb-af8b-bcf07c04ab81,550.640,IL_CAVALLINO,Nuevo  |  +25 vendidos,(7 disponibles),Nuevo  |  +25 vendidos,Accesorios para Vehículos,Accesorios para Vehículos
Neumatico 225/45r17 91w Continental Extreme Contact Fr,https://articulo.mercadolibre.com.ar/MLA-782775671-neumatico-22545r17-91w-continental-extreme-contact-fr-_JM#position=47&search_layout=stack&type=item&tracking_id=6e88a3e7-5f5d-46bb-af8b-bcf07c04ab81,299.183,CALZETTA NEUMATICOS,Nuevo  |  +5 vendidos,(4 disponibles),Nuevo  |  +5 vendidos,Accesorios para Vehículos,Accesorios para Vehículos
Ika Continental 4-6cil Jeep Estanciera Rambler Bomba De Agua,https://articulo.mercadolibre.com.ar/MLA-842256803-ika-continental-4-6cil-jeep-estanciera-rambler-bomba-de-agua-_JM#position=48&search_layout=stack&type=item&tracking_id=6e88a3e7-5f5d-46bb-af8b-bcf07c04ab81,69.700,OVI-V8-,Nuevo  |  +100 vendidos,(9 disponibles),Nuevo  |  +100 vendidos,Accesorios para Vehículos,Accesorios para Vehículos
Neumático Continental PowerContact 2 P 185/60R15 84 H,https://www.mercadolibre.com.ar/neumatico-continental-powercontact-2-p-18560r15-84-h/p/MLA21686315#searchVariation=MLA21686315&position=28&search_layout=stack&type=product&tracking_id=6e88a3e7-5f5d-46bb-af8b-bcf07c04ab81,229.000,W-GOM,Nuevo  |  +5 vendidos,No disponible,Nuevo  |  +5 vendidos,Accesorios para Vehículos,Accesorios para Vehículos
Neumatico 215 60 17 Continental Conti Crosscontact -  Captur,https://articulo.mercadolibre.com.ar/MLA-750304628-neumatico-215-60-17-continental-conti-crosscontact-captur-_JM#position=49&search_layout=stack&type=item&tracking_id=6e88a3e7-5f5d-46bb-af8b-bcf07c04ab81,489.990,NEUMATICOS PEPIRI,Nuevo  |  +25 vendidos,(4 disponibles),Nuevo  |  +25 vendidos,Accesorios para Vehículos,Accesorios para Vehículos
Cubierta De Ruta Continental Ultra Sport Ill 700x28 ,https://articulo.mercadolibre.com.ar/MLA-1443502178-cubierta-de-ruta-continental-ultra-sport-ill-700x28-_JM#position=50&search_layout=stack&type=item&tracking_id=6e88a3e7-5f5d-46bb-af8b-bcf07c04ab81,124.750,SOLOBICIMENDOZA,Nuevo  |  +5 vendidos,(2 disponibles),Nuevo  |  +5 vendidos,Deportes y Fitness,Deportes y Fitness
Kit Distribucion Motor Tipo Fiat 147 Uno Duna 1.4 1.6,https://articulo.mercadolibre.com.ar/MLA-1164381082-kit-distribucion-motor-tipo-fiat-147-uno-duna-14-16-_JM#position=51&search_layout=stack&type=item&tracking_id=6e88a3e7-5f5d-46bb-af8b-bcf07c04ab81,26.599,SRT REPUESTOSBECCAR,Nuevo  |  +50 vendidos,(7 disponibles),Nuevo  |  +50 vendidos,Accesorios para Vehículos,Accesorios para Vehículos
Neumáticos Continental 245 65 R17 Cross Contact Amarok,https://www.mercadolibre.com.ar/neumaticos-continental-245-65-r17-cross-contact-amarok/p/MLA22508441#searchVariation=MLA22508441&position=30&search_layout=stack&type=product&tracking_id=6e88a3e7-5f5d-46bb-af8b-bcf07c04ab81,489.665,MARKET NEUMATICOS,Nuevo  |  +100 vendidos,No disponible,Nuevo  |  +100 vendidos,Accesorios para Vehículos,Accesorios para Vehículos
Cubierta 120/70 R19 - 60v - Continental Conti Tkc 70,https://articulo.mercadolibre.com.ar/MLA-911474849-cubierta-12070-r19-60v-continental-conti-tkc-70-_JM#position=52&search_layout=stack&type=item&tracking_id=6e88a3e7-5f5d-46bb-af8b-bcf07c04ab81,459.893,MOTOMAXX46,Nuevo  |  +5 vendidos,(3 disponibles),Nuevo  |  +5 vendidos,Accesorios para Vehículos,Accesorios para Vehículos
Neumático Continental ContiCrossContact LX 2 P 225/60R17 103 H,https://www.mercadolibre.com.ar/neumatico-continental-conticrosscontact-lx-2-p-22560r17-103-h/p/MLA16090220#searchVariation=MLA16090220&position=31&search_layout=stack&type=product&tracking_id=6e88a3e7-5f5d-46bb-af8b-bcf07c04ab81,517.665,MARKET NEUMATICOS,Nuevo  |  +100 vendidos,No disponible,Nuevo  |  +100 vendidos,Accesorios para Vehículos,Accesorios para Vehículos
Kit de 2 neumáticos Continental ContiPowerContact P 175/65R14 82 T,https://www.mercadolibre.com.ar/kit-de-2-neumaticos-continental-contipowercontact-p-17565r14-82-t/p/MLA27909866#searchVariation=MLA27909866&position=32&search_layout=stack&type=product&tracking_id=6e88a3e7-5f5d-46bb-af8b-bcf07c04ab81,407.241,CALZETTA NEUMATICOS,Nuevo  |  +50 vendidos,(2 disponibles),Nuevo  |  +50 vendidos,Accesorios para Vehículos,Accesorios para Vehículos
Acople Arranque Corven Expert 80 Continental Circus Motos,https://articulo.mercadolibre.com.ar/MLA-817025169-acople-arranque-corven-expert-80-continental-circus-motos-_JM#position=53&search_layout=stack&type=item&tracking_id=6e88a3e7-5f5d-46bb-af8b-bcf07c04ab81,48.000,CONTINENTALCIRCUS M,Nuevo  |  +100 vendidos,No disponible,Nuevo  |  +100 vendidos,Accesorios para Vehículos,Accesorios para Vehículos
Kit Correas Poly V P/ Volkswagen Suran Fox Voyage Gol Trend,https://articulo.mercadolibre.com.ar/MLA-1441450610-kit-correas-poly-v-p-volkswagen-suran-fox-voyage-gol-trend-_JM#position=54&search_layout=stack&type=item&tracking_id=6e88a3e7-5f5d-46bb-af8b-bcf07c04ab81,42.613,SACREP,Nuevo  |  +100 vendidos,(12 disponibles),Nuevo  |  +100 vendidos,Accesorios para Vehículos,Accesorios para Vehículos
Cubiertas Michelin Pilot Street 100 80 17 + 130 70 17 En Fas,https://click1.mercadolibre.com.ar/mclics/clicks/external/MLA/count?a=%2FjXKNQsG7cDWYE%2BaYzTDp7bcV2ouwvvx8V7dDmiQNLTKoGOSV%2BkkdBgPbpbdTFL1UDrp4JlxAU1CTzcrXuR2ij5x84Ow63l%2BfvF4MdutnaRjHet4wHiWIS0Q3z19Zc4t%2B%2Bw2%2BHpXKI1fMvpY3rfV1h2Mu3mYOe6HBdf2s9pzyptzcsD%2BR9wIn4IX8IsnW3CojaVhpWw%2BR5p%2Bwxd7nUjpgePJ9gH3Leec7I2C1VUzeLBNMIG3r5G1ybMasp6jNLh0ZRxs7gaQEYoS7fAMybiqz1Zea0b1R9XLFbYrHFuOzbBBme%2FPMuzl%2FOBhdpP58%2B26TvcZln%2F0k4W6QpKHlOOtl32i8nf4hHESThrBnwvgm4OrKz%2F1LdwNXNmwDbXKkXIgYB2O6RJamK4VC5k%2BoaTAAQ6pYh25ME%2BWbDkmWFxwhbeLWemCsNzQfNAlrINkrMobGFYBsbsVBwo9k9gaAvejL1hNkdnWumxfImBqcdBS58I5SoLNg%2B7TPWP4o3qSVJxOpKIvR0Cp3N46Wz%2FgB5ul4iqby%2FA%2BXCV8wAGBJTaKxivu8%2FmJahmvBnN1QhXmkODSsKstL4fWC%2B%2Bv17ZXQaXLNPlzrG%2BSSpTi8j59AfBMnYW7lpPx1o5LDTehNVAZpHKC%2BOpyH%2FTP0N%2Br8ychZ%2FlpcAim3upQdCx9bG0RlqCh39NnC%2FS70BfR8IZ0azAztvKyclL3FIbq2%2Bz4wtdE%2BPF4GtsyIn8%3D&e=mclics%2Fpseudo-search-pads-buybox%2B7708%2Cmclics%2Fbuybox-layout%2B25349%2Cmclics%2Fdifferential-cvr-factor%2B29495%2Cmclics%2Fsearch-list-ad-algorithm%2B16026&rb=x,249.515,FASMOTOS00,Nuevo  |  +25 vendidos,(18 disponibles),Nuevo  |  +25 vendidos,Accesorios para Vehículos,Accesorios para Vehículos
Pantalla Peugeot 208 2008 C4 Lounge Táctil Repuesto,https://click1.mercadolibre.com.ar/mclics/clicks/external/MLA/count?a=nWHAbENZa%2FowZtysLOGW4746N0fKK%2Bt2QyLZAYm%2BXXwxp%2BJMRuKIsJAICMZwzrp0rZ8Zvu%2BcmFBkefQqx165BWtT5FyoyM0hAujLsFLh%2BNKtcaaELBQHUix%2BmFx56TgBy2AwHGEtS77RnrusR8GQ4rpKAHcsAZoyO5vTPSMpxTvg%2FpcqD5lbx4Q4rty6%2B%2F5iUKl5scr8o%2BUQ8Xzd1uZtCkOPo5RsjCzPfEMuLr%2FHyQf8apE3KbN9uEypwL88BiO1U8scMPK0KNfZL1TTAC7o%2BrqAvazdt%2B3cFpGbiRnfBvlrJm3zMK4hoO4xAN8hf2lm4Zn4JrYng5pJZP2isC%2FrwqNg1LqOrQUP6O3RilmKNFedj1TRlSorZp7%2FiGkeetLwUrvxxZX7LRWvrKvisiwJkN2Sg%2Bb%2FzHd4aX0ys5gNW%2FtE2LcZnrz8lLKveoVfeUmNMbCa3MGQLELfW51CPhSRBIk9KUo8nMqIjMgQ0c7qugh2%2FqIn5HDhaHYvOxBC%2B5%2BH7EEuZPstTkGfo3gtaqfYDymx53bVs5lrW6%2FlYkxbdcSE9qmlqgNwuOGEh9TttY6vpnLkIOFJKrkn51d%2FzGSePTbzfTzDiGs9ZqUsILugjc0N1BBzm%2BpEQw9%2F00hBPKj0EGqQDCbegDvdi%2BpPYAAuyaVJUKnMEbGhaIpPCGeRhGceAqCUGsAiTV%2F3msoYKCykaBKQqFWDn0zmUnqPgTFa&e=mclics%2Fpseudo-search-pads-buybox%2B7708%2Cmclics%2Fbuybox-layout%2B25349%2Cmclics%2Fdifferential-cvr-factor%2B29495%2Cmclics%2Fsearch-list-ad-algorithm%2B16026&rb=x,45.750,TUPANTALLAYA,Nuevo  |  +100 vendidos,(7 disponibles),Nuevo  |  +100 vendidos,Accesorios para Vehículos,Accesorios para Vehículos
Kit Eje Estrella Para Lavarropas Bosch Zenith,https://click1.mercadolibre.com.ar/mclics/clicks/external/MLA/count?a=0u%2FfJyTaLWvMyY6cTwYjMisBAEkV%2F%2Fe9d4GtdOYQcsmUSULRstHyut9dNQz07MamASko8D26h9jcz5OUrsY%2FY4reMqbERsjDZcgMGKhokeb7vImsq6tw4GFMcHs%2FBaYGQRGtuzaNhudhiNnIjVReTdFLneaO1IsfnZzU%2B2Iv3juf0XlkZVPjs4phZap8fPorw5pZ4ZG5ef1HrBUfriB7KT7geOdlNEIMl7zhJPcEd5%2BrN2VFHpQLtxMVODxIaBSOvbmFu4T%2BADXE85n79hDy%2BcREZE%2Baqm%2FOzCIJpKLtpd%2F2mMN7MatXTHOrNIECHIEIWqNI3R6G80VqBJXGNbhLSTT6ZBJuI%2BAmO8nC4KO1T0mDpUftblwd%2F67oIcbuJfWvEalEAlVC%2F3udRiE0FQSTbgmFaXIiD05VowCwdHXthKQlcS5MhmheQCrn6%2B2zw6NlAezjDh9ppgYw60ThfgKn3ChlbcJ3faRGb4TD3KQByV6kMxRV1lSaMuI%2FS5uKwMYjtMMFFdhGSRhk3RwW8Bycg0MYlZrW3hfPL%2FyI0J0Dv5B%2BMKaaWqh4Aff1LXE%2FcGaMf59fsjL73X088ax4q95adZAL7CtObD9xFax3Zym%2Fi7LdL8BkDKiljxGI5FpnAWSWWF90D%2Bg83RppI2lnsCzOBZnVehuRTnsYDH4T2QAMw8SwikRYrqOb%2Fg1qV8GcQM4oXJ2dJTIqE01a6A%3D%3D&e=mclics%2Fpseudo-search-pads-buybox%2B7708%2Cmclics%2Fbuybox-layout%2B25349%2Cmclics%2Fdifferential-cvr-factor%2B29495%2Cmclics%2Fsearch-list-ad-algorithm%2B16026&rb=x,36.992,BALDOREF,Nuevo  |  +5 vendidos,(21 disponibles),Nuevo  |  +5 vendidos,...,...
Kit de 4 neumáticos Continental ContiPowerContact P 175/65R14 82 T,https://www.mercadolibre.com.ar/kit-de-4-neumaticos-continental-contipowercontact-p-17565r14-82-t/p/MLA27909867#searchVariation=MLA27909867&position=5&search_layout=stack&type=product&tracking_id=a81f265b-1877-4886-a283-4f294303cb4d,814.482,CALZETTA NEUMATICOS,Nuevo  |  +5 vendidos,No disponible,Nuevo  |  +5 vendidos,Accesorios para Vehículos,Accesorios para Vehículos
Cubierta Continental 700x28 Marrón Ultra Sport Iii ,https://articulo.mercadolibre.com.ar/MLA-1399841913-cubierta-continental-700x28-marron-ultra-sport-iii-_JM#position=21&search_layout=stack&type=item&tracking_id=a81f265b-1877-4886-a283-4f294303cb4d,65.500,BICICLETERIATRECE,Nuevo  |  +5 vendidos,(4 disponibles),Nuevo  |  +5 vendidos,Deportes y Fitness,Deportes y Fitness
Neumático Continental Cross Contact Lx2 225/60 R17 103h Xl,https://articulo.mercadolibre.com.ar/MLA-692783963-neumatico-continental-cross-contact-lx2-22560-r17-103h-xl-_JM#position=22&search_layout=stack&type=item&tracking_id=a81f265b-1877-4886-a283-4f294303cb4d,564.598,CALZETTA NEUMATICOS,Nuevo  |  +5 vendidos,(4 disponibles),Nuevo  |  +5 vendidos,Accesorios para Vehículos,Accesorios para Vehículos
Neumático Continental ContiPremiumContact 5 P 185/65R15 88 H,https://www.mercadolibre.com.ar/neumatico-continental-contipremiumcontact-5-p-18565r15-88-h/p/MLA22265767#searchVariation=MLA22265767&position=4&search_layout=stack&type=product&tracking_id=a81f265b-1877-4886-a283-4f294303cb4d,251.504,CALZETTA NEUMATICOS,Nuevo  |  +50 vendidos,(4 disponibles),Nuevo  |  +50 vendidos,Accesorios para Vehículos,Accesorios para Vehículos
Corre Poly V 6pk-1200 Continental Elastica Gol Trend 1.6 8v,https://articulo.mercadolibre.com.ar/MLA-1399847785-corre-poly-v-6pk-1200-continental-elastica-gol-trend-16-8v-_JM#position=23&search_layout=stack&type=item&tracking_id=a81f265b-1877-4886-a283-4f294303cb4d,23.000,BIENIASZLUDMILA20230210170237,Nuevo  |  +5 vendidos,No disponible,Nuevo  |  +5 vendidos,Accesorios para Vehículos,Accesorios para Vehículos
Clincher Continental Ultra Sport 3 700x23 Kevlar- Lucas Bike,https://click1.mercadolibre.com.ar/mclics/clicks/external/MLA/count?a=sR8vHb0kbfnE%2BVOkkcKR5WcdryW4Ldnb3vhjEESXu80n%2B37EUQQvleH4RwRUVSSPyYHeOJUN5hFUN4pgiOCbd7Asc9damloAnuoAkwlg6ezqcii2wEXZiYs52euxfFEcefx30WvZ6DA7ffuAMtb6%2F772COLnSLyfgpYBqIQn2MupW%2BHkQyS%2FH%2FN1R%2BEjq%2BkoWQsd45vCt5s06cnZAYTab2LHNjhRCj8WO1FmVwBiXRMhZ6NLfnu3wbsjNN8xU8tGkZQq9fDDxYsN51vUXMZxlRsYjcMnaYHioz6EiODD8CvSZbI8%2Fj6XKs0%2BIZ7gYh921w1O3W1i15PWib%2FeA05gFEd2KQkUlEiHCRGGc63Y7Gq4yXOvyOuJDtZ4jN%2FJcowHDdx56y7czbZPPqSkHT4SgSDCXfCcZ6NGaMDaRlPz7Ig%2Bi7vLW1bwcMtnqyn3mHNCywJNZG7uM5C8KsHSb%2Bb9uEIDwvgy7QDFW%2BXMAPikZ5RfMPsSZyjq7lyPeVl5f0f7%2FP%2FOGaWfWY6W01NHH3dLYKKbumaM6CHYoq0PsFGJq0x6OakUAkmb5d4nQY2fymMnzzDiKv%2Fvekr4WTT%2F%2FyQVR8hApp%2B2CscgMJPmtww1XGPEqBBj1zJwDvYcP6ywlKHkZtoLbhE%2FN3ZskoZkHpKmC3mqxearelM9iCf%2BAU3xGHJwbrpY9nHBOE%2BPtDTzxpkGi%2Bw5lyjdAUyj%2Bo6ghDl%2BobKOfwaG5g%3D%3D&e=mclics%2Fpseudo-search-pads-buybox%2B7708%2Cmclics%2Fbuybox-layout%2B25349%2Cmclics%2Fdifferential-cvr-factor%2B29495%2Cmclics%2Fsearch-list-ad-algorithm%2B16026&rb=x,82.400,LUCAS.BIKE,Nuevo  |  +25 vendidos,(2 disponibles),Nuevo  |  +25 vendidos,Deportes y Fitness,Deportes y Fitness
Kit Correa Distribucion Toyota Corolla 2.0 Td 2002/08 1cdftv,https://click1.mercadolibre.com.ar/mclics/clicks/external/MLA/count?a=ZWlyJ%2BiMOd3eQvDxVcUqAj3Y8Bhmi1qdJ5PXRFWA3U20eWWjeGOiqUV1E0cvGNli6vDIfX4FMTPS8S2Cey%2BO5stTT7jaXctvWVh4S9E19veN%2BWEgqQQghFuq%2BG%2FauSmM8QFT8G%2FlQehTM1yPa9AF34c%2BCjrMsKSMhmcGgNnNw01V7wkrbiHMq27BcO3xFH5qUOZsgMUlIgucI5kJpEHeaLBoyCy2ptEmfA%2Ff382OJi4JV%2BhDeDAZC4apsejy7tq8yiDm8Q7WIKPqhTIOKP0H35ecCSyXGkSeDZ1a3CcE81%2Bnb49p6tP4tFk2h%2BddmOI8BmqseAGyyq3aqf%2B9o7fZJEXk9bAOYejlbHy53xbpW48%2FAwTEwCljrJTB99F%2B4uXoQ5FdoDXI8aEWqGjcFF7ggh42L1iawTz6XaGmbWhPLewukii%2F4HVXIwPNPy7LoEGf7Dxa03g2eBE7sVa7js0yVSaeBOkY%2FdtKPWCnRKMvcepsBYCmTY51oagaUuJm68K5OXgGv5eJyrUgz9VYk%2BLfyMcBrtHsPzRRVHX0vzg1Qbf8d43ai1CL2tm8Y3kiWPGp2BWQCfUMyTankFtcm7MfpGxeMBMsXBEoNpB6sB8bzBo8k%2B2%2BkT0htUS2R0fm6B3dhrf3PSK64a4d5Z3G3AxuqYONGakKAaoaLHaJrUgYm0S5bFDZsoouvR%2Bqg8nLi2wF67DiNpJ9GFG1FTg3nk7YGj0hCJLTY6fCIw%3D%3D&e=mclics%2Fpseudo-search-pads-buybox%2B7708%2Cmclics%2Fbuybox-layout%2B25349%2Cmclics%2Fdifferential-cvr-factor%2B29495%2Cmclics%2Fsearch-list-ad-algorithm%2B16026&rb=x,205.100,SABUROREPUESTOS,Nuevo  |  4 vendidos,No disponible,Nuevo  |  4 vendidos,Accesorios para Vehículos,Accesorios para Vehículos
Continental Rueda Auxilio Temporal 125/85 R 16 Peugeot,https://articulo.mercadolibre.com.ar/MLA-1392040691-continental-rueda-auxilio-temporal-12585-r-16-peugeot-_JM#position=24&search_layout=stack&type=item&tracking_id=a81f265b-1877-4886-a283-4f294303cb4d,63.900,TOTALQUALITYASSETS,Nuevo  |  +5 vendidos,(4 disponibles),Nuevo  |  +5 vendidos,Accesorios para Vehículos,Accesorios para Vehículos
Neumático Continental PowerContact 2 205/70R16 97 H,https://www.mercadolibre.com.ar/neumatico-continental-powercontact-2-20570r16-97-h/p/MLA19045374#searchVariation=MLA19045374&position=8&search_layout=stack&type=product&tracking_id=a81f265b-1877-4886-a283-4f294303cb4d,270.000,NEUMTICOSCENTROFER10,Nuevo  |  +100 vendidos,No disponible,Nuevo  |  +100 vendidos,Accesorios para Vehículos,Accesorios para Vehículos
Neumático Continental ExtremeContact DW P 215/55R17 94 V,https://www.mercadolibre.com.ar/neumatico-continental-extremecontact-dw-p-21555r17-94-v/p/MLA20905395#searchVariation=MLA20905395&position=12&search_layout=stack&type=product&tracking_id=a81f265b-1877-4886-a283-4f294303cb4d,358.407,NEUMATICOSROCCA RODRIGUEZ,Nuevo  |  +5 vendidos,No disponible,Nuevo  |  +5 vendidos,Accesorios para Vehículos,Accesorios para Vehículos
"Rayos Rueda Delantera Motomel Skua 150 235 3,5 Continental",https://articulo.mercadolibre.com.ar/MLA-909220297-rayos-rueda-delantera-motomel-skua-150-235-35-continental-_JM#position=25&search_layout=stack&type=item&tracking_id=a81f265b-1877-4886-a283-4f294303cb4d,14.200,CONTINENTALCIRCUS M,Nuevo  |  +25 vendidos,(2 disponibles),Nuevo  |  +25 vendidos,Accesorios para Vehículos,Accesorios para Vehículos
Cubierta Continental Ultra Sport 3 700x25 Kevlar-bikegarage Color Negro,https://www.mercadolibre.com.ar/cubierta-continental-ultra-sport-3-700x25-kevlar-bikegarage-color-negro/p/MLA27864901#searchVariation=MLA27864901&position=6&search_layout=stack&type=product&tracking_id=a81f265b-1877-4886-a283-4f294303cb4d,64.500,BIKEGARAGE ARGENTINA,Nuevo  |  +5 vendidos,No disponible,Nuevo  |  +5 vendidos,Deportes y Fitness,Deportes y Fitness
Neumático Continental ContiProContact P 205/70R16 96 H,https://www.mercadolibre.com.ar/neumatico-continental-contiprocontact-p-20570r16-96-h/p/MLA14794092#searchVariation=MLA14794092&position=11&search_layout=stack&type=product&tracking_id=a81f265b-1877-4886-a283-4f294303cb4d,449.900,EMACATTANEO81,Nuevo  |  +1000 vendidos,No disponible,Nuevo  |  +1000 vendidos,Accesorios para Vehículos,Accesorios para Vehículos
Neumatico 255/60r18 Continental Crosscontact Lx Xl 112t-wgom,https://articulo.mercadolibre.com.ar/MLA-770033689-neumatico-25560r18-continental-crosscontact-lx-xl-112t-wgom-_JM#position=26&search_layout=stack&type=item&tracking_id=a81f265b-1877-4886-a283-4f294303cb4d,458.000,W-GOM,Nuevo  |  +5 vendidos,No disponible,Nuevo  |  +5 vendidos,Accesorios para Vehículos,Accesorios para Vehículos
Neumático Continental VanContact AP C 205/70R15 106/104 R,https://www.mercadolibre.com.ar/neumatico-continental-vancontact-ap-c-20570r15-106104-r/p/MLA16063861#searchVariation=MLA16063861&position=7&search_layout=stack&type=product&tracking_id=a81f265b-1877-4886-a283-4f294303cb4d,363.000,W-GOM,Nuevo  |  +25 vendidos,No disponible,Nuevo  |  +25 vendidos,Accesorios para Vehículos,Accesorios para Vehículos
Manguera Superior Reparación Dodge Journey 2.4,https://articulo.mercadolibre.com.ar/MLA-897707020-manguera-superior-reparacion-dodge-journey-24-_JM#position=27&search_layout=stack&type=item&tracking_id=a81f265b-1877-4886-a283-4f294303cb4d,45.000,SAN-KAR REPUESTOS,Nuevo  |  +100 vendidos,(14 disponibles),Nuevo  |  +100 vendidos,Accesorios para Vehículos,Accesorios para Vehículos
Continental Ultra Sport 3 Kevlar Banda Marron 700x28 Bikegar,https://articulo.mercadolibre.com.ar/MLA-1397371071-continental-ultra-sport-3-kevlar-banda-marron-700x28-bikegar-_JM#position=28&search_layout=stack&type=item&tracking_id=a81f265b-1877-4886-a283-4f294303cb4d,67.500,BIKEGARAGE ARGENTINA,Nuevo  |  1 vendido,No disponible,Nuevo  |  1 vendido,Deportes y Fitness,Deportes y Fitness
Neumatico 205/55r16 91v Continental Power Contact 2 - Fs6,https://articulo.mercadolibre.com.ar/MLA-746660379-neumatico-20555r16-91v-continental-power-contact-2-fs6-_JM#position=29&search_layout=stack&type=item&tracking_id=a81f265b-1877-4886-a283-4f294303cb4d,405.112,CALZETTA NEUMATICOS,Nuevo  |  +5 vendidos,(4 disponibles),Nuevo  |  +5 vendidos,Accesorios para Vehículos,Accesorios para Vehículos
Kit X2 195/55r16 87h Powercontact 2 Continental,https://articulo.mercadolibre.com.ar/MLA-1385497171-kit-x2-19555r16-87h-powercontact-2-continental-_JM#position=30&search_layout=stack&type=item&tracking_id=a81f265b-1877-4886-a283-4f294303cb4d,602.240,CALZETTA NEUMATICOS,Nuevo  |  3 vendidos,(2 disponibles),Nuevo  |  3 vendidos,Accesorios para Vehículos,Accesorios para Vehículos
195 60 R16 89h Crosscontact Lx Continental,https://articulo.mercadolibre.com.ar/MLA-1374294589-195-60-r16-89h-crosscontact-lx-continental-_JM#position=31&search_layout=stack&type=item&tracking_id=a81f265b-1877-4886-a283-4f294303cb4d,429.999,GO-TIRE NEUMATICOS,Nuevo  |  2 vendidos,(10 disponibles),Nuevo  |  2 vendidos,Accesorios para Vehículos,Accesorios para Vehículos
Optica Led Royal Enfield Ojo D Angel Continental/scram/gt65 ,https://articulo.mercadolibre.com.ar/MLA-1372032553-optica-led-royal-enfield-ojo-d-angel-continentalscramgt65-_JM#position=32&search_layout=stack&type=item&tracking_id=a81f265b-1877-4886-a283-4f294303cb4d,46.300,RACINGTAX,Nuevo  |  +25 vendidos,(13 disponibles),Nuevo  |  +25 vendidos,Accesorios para Vehículos,Accesorios para Vehículos
Cubierta 205/55/17 Continental(original Mercedes A200.nissan,https://articulo.mercadolibre.com.ar/MLA-1548718702-cubierta-2055517-continentaloriginal-mercedes-a200nissan-_JM#position=33&search_layout=stack&type=item&tracking_id=a81f265b-1877-4886-a283-4f294303cb4d,99.000,GOMERIA SEGOVIA,Nuevo  |  1 vendido,No disponible,Nuevo  |  1 vendido,Accesorios para Vehículos,Accesorios para Vehículos
Continental Contipowercontact Ecoplus 185/65r15 92t Año 2022,https://articulo.mercadolibre.com.ar/MLA-1577026706-continental-contipowercontact-ecoplus-18565r15-92t-ano-2022-_JM#position=34&search_layout=stack&type=item&tracking_id=a81f265b-1877-4886-a283-4f294303cb4d,399.900,EMACATTANEO81,Nuevo  |  1 vendido,(2 disponibles),Nuevo  |  1 vendido,Accesorios para Vehículos,Accesorios para Vehículos
Cubiertas 185/65 R15 Continental Premium Contact 5 -calzetta,https://articulo.mercadolibre.com.ar/MLA-776628954-cubiertas-18565-r15-continental-premium-contact-5-calzetta-_JM#position=35&search_layout=stack&type=item&tracking_id=a81f265b-1877-4886-a283-4f294303cb4d,255.309,CALZETTA NEUMATICOS,Nuevo  |  +25 vendidos,(4 disponibles),Nuevo  |  +25 vendidos,Accesorios para Vehículos,Accesorios para Vehículos
Junta Tapa De Cilindros Ika Estanciera Continental 6 Cil,https://articulo.mercadolibre.com.ar/MLA-1607923896-junta-tapa-de-cilindros-ika-estanciera-continental-6-cil-_JM#position=36&search_layout=stack&type=item&tracking_id=a81f265b-1877-4886-a283-4f294303cb4d,20.000,TALLERLP ITUZAINGO,Nuevo  |  +5 vendidos,(6 disponibles),Nuevo  |  +5 vendidos,Accesorios para Vehículos,Accesorios para Vehículos
Continental CrossContact AT 205/60R15 - 91 - H - 1 - 1,https://www.mercadolibre.com.ar/continental-crosscontact-at-20560r15-91-h-1-1/p/MLA15045353#searchVariation=MLA15045353&position=14&search_layout=stack&type=product&tracking_id=a81f265b-1877-4886-a283-4f294303cb4d,328.761,CALZETTA NEUMATICOS,Nuevo  |  +25 vendidos,(4 disponibles),Nuevo  |  +25 vendidos,Accesorios para Vehículos,Accesorios para Vehículos
Clincher Continental Grand Prix 5000 25mm - Alemanes-lucas Color Negro,https://www.mercadolibre.com.ar/clincher-continental-grand-prix-5000-25mm-alemanes-lucas-color-negro/p/MLA22614428#searchVariation=MLA22614428&position=16&search_layout=stack&type=product&tracking_id=a81f265b-1877-4886-a283-4f294303cb4d,179.000,LAGARTOBIKE,Nuevo  |  +100 vendidos,(2 disponibles),Nuevo  |  +100 vendidos,Deportes y Fitness,Deportes y Fitness
Kit X2 Neumaticos 165/70 R14 85t Continental Eco Contact 3,https://articulo.mercadolibre.com.ar/MLA-713709017-kit-x2-neumaticos-16570-r14-85t-continental-eco-contact-3-_JM#position=37&search_layout=stack&type=item&tracking_id=a81f265b-1877-4886-a283-4f294303cb4d,385.479,CALZETTA NEUMATICOS,Nuevo  |  +5 vendidos,(2 disponibles),Nuevo  |  +5 vendidos,Accesorios para Vehículos,Accesorios para Vehículos
Kit de 4 neumáticos Continental VanContact AP LT 225/75R16 118 R,https://www.mercadolibre.com.ar/kit-de-4-neumaticos-continental-vancontact-ap-lt-22575r16-118-r/p/MLA27937036#searchVariation=MLA27937036&position=13&search_layout=stack&type=product&tracking_id=a81f265b-1877-4886-a283-4f294303cb4d,2.300.718,CALZETTA NEUMATICOS,Nuevo  |  3 vendidos,No disponible,Nuevo  |  3 vendidos,Accesorios para Vehículos,Accesorios para Vehículos
Brembo Depo Fume - Royal Enfield Interceptor / Continental,https://articulo.mercadolibre.com.ar/MLA-902790895-brembo-depo-fume-royal-enfield-interceptor-continental-_JM#position=38&search_layout=stack&type=item&tracking_id=a81f265b-1877-4886-a283-4f294303cb4d,14.400,PROCR4FT,Nuevo  |  +50 vendidos,(3 disponibles),Nuevo  |  +50 vendidos,Accesorios para Vehículos,Accesorios para Vehículos
Neumatico Continental Powercontact 175 65 R14 82t Ka Cava 6c,https://articulo.mercadolibre.com.ar/MLA-1387182311-neumatico-continental-powercontact-175-65-r14-82t-ka-cava-6c-_JM#position=39&search_layout=stack&type=item&tracking_id=a81f265b-1877-4886-a283-4f294303cb4d,276.807,IL_CAVALLINO,Nuevo  |  2 vendidos,(15 disponibles),Nuevo  |  2 vendidos,Accesorios para Vehículos,Accesorios para Vehículos
Kit de 2 neumáticos Continental ContiCrossContact LX 2 LT 215/60R17 96 H,https://www.mercadolibre.com.ar/kit-de-2-neumaticos-continental-conticrosscontact-lx-2-lt-21560r17-96-h/p/MLA27720987#searchVariation=MLA27720987&position=15&search_layout=stack&type=product&tracking_id=a81f265b-1877-4886-a283-4f294303cb4d,745.562,CALZETTA NEUMATICOS,Nuevo  |  +5 vendidos,(2 disponibles),Nuevo  |  +5 vendidos,Accesorios para Vehículos,Accesorios para Vehículos
Kit de 2 neumáticos Continental PowerContact 2 P 195/55R15 85 H,https://www.mercadolibre.com.ar/kit-de-2-neumaticos-continental-powercontact-2-p-19555r15-85-h/p/MLA27720985#searchVariation=MLA27720985&position=17&search_layout=stack&type=product&tracking_id=a81f265b-1877-4886-a283-4f294303cb4d,494.999,ADIRUEDAS,Nuevo  |  +100 vendidos,No disponible,Nuevo  |  +100 vendidos,Accesorios para Vehículos,Accesorios para Vehículos
Cubierta Bicicleta Rod 26 X 1.90 Continental Town & Country ,https://articulo.mercadolibre.com.ar/MLA-1283525866-cubierta-bicicleta-rod-26-x-190-continental-town-country-_JM#position=40&search_layout=stack&type=item&tracking_id=a81f265b-1877-4886-a283-4f294303cb4d,38.783,SIN-LIMITE,Nuevo  |  +5 vendidos,(20 disponibles),Nuevo  |  +5 vendidos,Deportes y Fitness,Deportes y Fitness
Correa Distribucion Chevrolet Astra Vectr Zafira 2.0 8v 146d,https://articulo.mercadolibre.com.ar/MLA-1397022225-correa-distribucion-chevrolet-astra-vectr-zafira-20-8v-146d-_JM#position=41&search_layout=stack&type=item&tracking_id=a81f265b-1877-4886-a283-4f294303cb4d,36.130,TONICARS,Nuevo  |  +5 vendidos,(3 disponibles),Nuevo  |  +5 vendidos,Accesorios para Vehículos,Accesorios para Vehículos
Camara Moto 275 17 Delantera 110 Continental Circus Motos,https://articulo.mercadolibre.com.ar/MLA-1110271575-camara-moto-275-17-delantera-110-continental-circus-motos-_JM#position=42&search_layout=stack&type=item&tracking_id=a81f265b-1877-4886-a283-4f294303cb4d,9.999,CONTINENTALCIRCUS M,Nuevo  |  +5 vendidos,No disponible,Nuevo  |  +5 vendidos,Accesorios para Vehículos,Accesorios para Vehículos
Neumatico Continental 205/55r16 Contipowercontact2 91v  Wgom,https://articulo.mercadolibre.com.ar/MLA-1427574812-neumatico-continental-20555r16-contipowercontact2-91v-wgom-_JM#position=43&search_layout=stack&type=item&tracking_id=a81f265b-1877-4886-a283-4f294303cb4d,249.000,W-GOM,Nuevo  |  2 vendidos,No disponible,Nuevo  |  2 vendidos,Accesorios para Vehículos,Accesorios para Vehículos
Cubierta Continental 80/90 X 19 Dkw Gilera Guzzi Clasicas ,https://articulo.mercadolibre.com.ar/MLA-1148899592-cubierta-continental-8090-x-19-dkw-gilera-guzzi-clasicas-_JM#position=44&search_layout=stack&type=item&tracking_id=a81f265b-1877-4886-a283-4f294303cb4d,55.000,MOTOPARTS005,Nuevo  |  1 vendido,No disponible,Nuevo  |  1 vendido,Accesorios para Vehículos,Accesorios para Vehículos
Neumático Continental Powercontact 2 P 195/55r15 85 H,https://articulo.mercadolibre.com.ar/MLA-1385614125-neumatico-continental-powercontact-2-p-19555r15-85-h-_JM#position=45&search_layout=stack&type=item&tracking_id=a81f265b-1877-4886-a283-4f294303cb4d,198.760,CARCENTERSRL,Nuevo  |  1 vendido,(5 disponibles),Nuevo  |  1 vendido,Accesorios para Vehículos,Accesorios para Vehículos
Corre Poly V 6pk-1200 Elastica Vw Fox 1.6 8v,https://articulo.mercadolibre.com.ar/MLA-1607080420-corre-poly-v-6pk-1200-elastica-vw-fox-16-8v-_JM#position=46&search_layout=stack&type=item&tracking_id=a81f265b-1877-4886-a283-4f294303cb4d,23.000,BIENIASZLUDMILA20230210170237,Nuevo  |  +5 vendidos,No disponible,Nuevo  |  +5 vendidos,Accesorios para Vehículos,Accesorios para Vehículos
Neumático Continental Cross Contact Lx 245/65 R17 111t Xl,https://articulo.mercadolibre.com.ar/MLA-664901505-neumatico-continental-cross-contact-lx-24565-r17-111t-xl-_JM#position=47&search_layout=stack&type=item&tracking_id=a81f265b-1877-4886-a283-4f294303cb4d,507.673,CALZETTA NEUMATICOS,Nuevo  |  +100 vendidos,(4 disponibles),Nuevo  |  +100 vendidos,Accesorios para Vehículos,Accesorios para Vehículos
 Par Kit X 2 Cubiertas Ultarsport 700x25 Kevlar ,https://articulo.mercadolibre.com.ar/MLA-1333218039-par-kit-x-2-cubiertas-ultarsport-700x25-kevlar-_JM#position=48&search_layout=stack&type=item&tracking_id=a81f265b-1877-4886-a283-4f294303cb4d,119.800,BIKESSMC,Nuevo  |  +5 vendidos,(3 disponibles),Nuevo  |  +5 vendidos,Deportes y Fitness,Deportes y Fitness
Neumático Continental Crosscontact  Lx2 225 60 R17 Jeep Cava,https://articulo.mercadolibre.com.ar/MLA-1131682035-neumatico-continental-crosscontact-lx2-225-60-r17-jeep-cava-_JM#position=49&search_layout=stack&type=item&tracking_id=a81f265b-1877-4886-a283-4f294303cb4d,481.057,IL_CAVALLINO,Nuevo  |  +5 vendidos,(4 disponibles),Nuevo  |  +5 vendidos,Accesorios para Vehículos,Accesorios para Vehículos
Neumático Continental Powercontact 195 55 R16 Peugeot 208 C3,https://articulo.mercadolibre.com.ar/MLA-745213060-neumatico-continental-powercontact-195-55-r16-peugeot-208-c3-_JM#position=50&search_layout=stack&type=item&tracking_id=a81f265b-1877-4886-a283-4f294303cb4d,294.355,DISTRILLANTAS2,Nuevo  |  1 vendido,(7 disponibles),Nuevo  |  1 vendido,Accesorios para Vehículos,Accesorios para Vehículos
Optica Led Royal Enfield Himalayan/interceptor/continental,https://articulo.mercadolibre.com.ar/MLA-1372032305-optica-led-royal-enfield-himalayaninterceptorcontinental-_JM#position=51&search_layout=stack&type=item&tracking_id=a81f265b-1877-4886-a283-4f294303cb4d,55.150,RACINGTAX,Nuevo  |  +50 vendidos,(16 disponibles),Nuevo  |  +50 vendidos,Accesorios para Vehículos,Accesorios para Vehículos
Kit de 4 neumáticos Continental ExtremeContact DW P 215/55R17 94 V,https://www.mercadolibre.com.ar/kit-de-4-neumaticos-continental-extremecontact-dw-p-21555r17-94-v/p/MLA27720962#searchVariation=MLA27720962&position=18&search_layout=stack&type=product&tracking_id=a81f265b-1877-4886-a283-4f294303cb4d,1.510.668,CALZETTA NEUMATICOS,Nuevo  |  1 vendido,No disponible,Nuevo  |  1 vendido,Accesorios para Vehículos,Accesorios para Vehículos
Cubiertas Michelin Pilot Street 100 80 17 + 130 70 17 En Fas,https://articulo.mercadolibre.com.ar/MLA-638478652-cubiertas-michelin-pilot-street-100-80-17-130-70-17-en-fas-_JM#position=52&search_layout=stack&type=item&tracking_id=a81f265b-1877-4886-a283-4f294303cb4d,249.515,FASMOTOS00,Nuevo  |  +25 vendidos,(18 disponibles),Nuevo  |  +25 vendidos,Accesorios para Vehículos,Accesorios para Vehículos
Neumático Continental 205 55 16 91v  Powercontact 2 ,https://articulo.mercadolibre.com.ar/MLA-1125028034-neumatico-continental-205-55-16-91v-powercontact-2-_JM#position=53&search_layout=stack&type=item&tracking_id=a81f265b-1877-4886-a283-4f294303cb4d,246.050,NEUMAFLORES S.R.L.,Nuevo  |  +5 vendidos,(5 disponibles),Nuevo  |  +5 vendidos,Accesorios para Vehículos,Accesorios para Vehículos
Neumático Continental VanContact AP 225/70R15 112/110 R,https://www.mercadolibre.com.ar/neumatico-continental-vancontact-ap-22570r15-112110-r/p/MLA20884469#searchVariation=MLA20884469&position=20&search_layout=stack&type=product&tracking_id=a81f265b-1877-4886-a283-4f294303cb4d,433.096,CALZETTA NEUMATICOS,Nuevo  |  3 vendidos,(4 disponibles),Nuevo  |  3 vendidos,Accesorios para Vehículos,Accesorios para Vehículos
Cubiertas Ultra Sport,https://articulo.mercadolibre.com.ar/MLA-1121236521-cubiertas-ultra-sport-_JM#position=54&search_layout=stack&type=item&tracking_id=a81f265b-1877-4886-a283-4f294303cb4d,62.500,JUANA.QUEVEDO,Nuevo  |  +25 vendidos,(6 disponibles),Nuevo  |  +25 vendidos,Deportes y Fitness,Deportes y Fitness
Kit de 4 neumáticos Continental PowerContact 2 P 195/65R15 91 H,https://www.mercadolibre.com.ar/kit-de-4-neumaticos-continental-powercontact-2-p-19565r15-91-h/p/MLA27933462#searchVariation=MLA27933462&position=19&search_layout=stack&type=product&tracking_id=a81f265b-1877-4886-a283-4f294303cb4d,1.027.210,CALZETTA NEUMATICOS,Nuevo  |  +5 vendidos,No disponible,Nuevo  |  +5 vendidos,Accesorios para Vehículos,Accesorios para Vehículos
Correas + Tensor Poli V Renault Clio 2 Clio Mio 1.2 16v D4f ,https://articulo.mercadolibre.com.ar/MLA-854221535-correas-tensor-poli-v-renault-clio-2-clio-mio-12-16v-d4f-_JM#position=55&search_layout=stack&type=item&tracking_id=a81f265b-1877-4886-a283-4f294303cb4d,66.499,SRT REPUESTOSBECCAR,Nuevo  |  +100 vendidos,No disponible,Nuevo  |  +100 vendidos,Accesorios para Vehículos,Accesorios para Vehículos
